,age,fnlwgt:,education-num:,capital-gain:,capital-loss:,hours-per-week:,class
0,39,77516,13,2174,0,40,<=50K
1,50,83311,13,0,0,13,<=50K
2,38,215646,9,0,0,40,<=50K
3,53,234721,7,0,0,40,<=50K
4,28,338409,13,0,0,40,<=50K
5,37,284582,14,0,0,40,<=50K
6,49,160187,5,0,0,16,<=50K
12,23,122272,13,0,0,30,<=50K
13,32,205019,12,0,0,50,<=50K
15,34,245487,4,0,0,45,<=50K
16,25,176756,9,0,0,35,<=50K
17,32,186824,9,0,0,40,<=50K
18,38,28887,7,0,0,50,<=50K
21,54,302146,9,0,0,20,<=50K
22,35,76845,5,0,0,40,<=50K
23,43,117037,7,0,2042,40,<=50K
24,59,109015,9,0,0,40,<=50K
26,19,168294,9,0,0,40,<=50K
28,39,367260,9,0,0,80,<=50K
29,49,193366,9,0,0,40,<=50K
30,23,190709,12,0,0,52,<=50K
31,20,266015,10,0,0,44,<=50K
32,45,386940,13,0,1408,40,<=50K
33,30,59951,10,0,0,40,<=50K
34,22,311512,10,0,0,15,<=50K
35,48,242406,7,0,0,40,<=50K
36,21,197200,10,0,0,40,<=50K
37,19,544091,9,0,0,25,<=50K
39,48,265477,12,0,0,40,<=50K
40,31,507875,5,0,0,43,<=50K
41,53,88506,13,0,0,40,<=50K
42,24,172987,13,0,0,50,<=50K
43,49,94638,9,0,0,40,<=50K
44,25,289980,9,0,0,35,<=50K
46,53,144361,9,0,0,38,<=50K
47,44,128354,14,0,0,40,<=50K
48,41,101603,11,0,0,40,<=50K
49,29,271466,11,0,0,43,<=50K
50,25,32275,10,0,0,40,<=50K
51,18,226956,9,0,0,30,<=50K
54,47,109832,9,0,0,60,<=50K
56,46,216666,3,0,0,40,<=50K
57,35,56352,11,0,0,40,<=50K
58,41,147372,9,0,0,48,<=50K
59,30,188146,9,5013,0,40,<=50K
60,30,59496,13,2407,0,40,<=50K
61,32,293936,4,0,0,40,<=50K
62,48,149640,9,0,0,40,<=50K
64,29,105598,10,0,0,58,<=50K
65,36,155537,9,0,0,40,<=50K
66,28,183175,10,0,0,40,<=50K
69,25,200681,10,0,0,40,<=50K
70,19,101509,10,0,0,32,<=50K
71,31,309974,13,0,0,40,<=50K
73,23,211678,10,0,0,40,<=50K
74,79,124744,10,0,0,20,<=50K
75,27,213921,9,0,0,40,<=50K
76,40,32214,12,0,0,40,<=50K
77,67,212759,6,0,0,2,<=50K
78,18,309634,7,0,0,22,<=50K
79,31,125927,4,0,0,40,<=50K
80,18,446839,9,0,0,30,<=50K
81,52,276515,13,0,0,40,<=50K
82,46,51618,9,0,0,40,<=50K
83,59,159937,9,0,0,48,<=50K
85,53,346253,9,0,0,35,<=50K
87,33,202051,14,0,0,50,<=50K
88,30,54334,5,0,0,40,<=50K
90,57,249977,11,0,0,40,<=50K
91,37,286730,10,0,0,40,<=50K
92,28,212563,10,0,0,25,<=50K
93,30,117747,9,0,1573,35,<=50K
95,29,115585,10,0,0,50,<=50K
98,48,171095,12,0,0,40,<=50K
99,32,249409,9,0,0,40,<=50K
102,47,149116,14,0,0,50,<=50K
103,20,188300,10,0,0,40,<=50K
104,29,103432,9,0,0,40,<=50K
106,17,304873,6,34095,0,32,<=50K
107,30,194901,7,0,0,40,<=50K
108,31,189265,9,0,0,40,<=50K
109,42,124692,9,0,0,40,<=50K
110,24,432376,13,0,0,40,<=50K
113,28,377869,10,4064,0,25,<=50K
114,36,102864,9,0,0,40,<=50K
115,53,95647,5,0,0,50,<=50K
116,56,303090,10,0,0,50,<=50K
118,55,247552,10,0,0,56,<=50K
119,22,102632,9,0,0,41,<=50K
120,21,199915,10,0,0,40,<=50K
121,40,118853,13,0,0,60,<=50K
122,30,77143,13,0,0,40,<=50K
124,19,301606,10,0,0,35,<=50K
126,20,111697,10,0,1719,28,<=50K
128,35,129305,9,0,0,40,<=50K
129,39,365739,10,0,0,40,<=50K
130,28,69621,12,0,0,60,<=50K
131,24,43323,9,0,1762,40,<=50K
132,38,120985,9,4386,0,35,<=50K
133,37,254202,13,0,0,50,<=50K
134,46,146195,12,0,0,36,<=50K
136,43,56920,9,0,0,60,<=50K
137,27,163127,11,0,0,35,<=50K
138,20,34310,10,0,0,20,<=50K
140,61,66614,9,0,0,40,<=50K
141,27,232782,10,0,0,40,<=50K
142,19,316868,10,0,0,30,<=50K
144,70,105376,10,0,0,40,<=50K
145,31,185814,9,0,0,30,<=50K
146,22,175374,10,0,0,24,<=50K
147,36,108293,9,0,0,24,<=50K
148,64,181232,7,0,2179,40,<=50K
149,43,174662,10,0,0,40,<=50K
150,47,186009,10,0,0,38,<=50K
151,34,198183,9,0,0,40,<=50K
152,33,163003,13,0,0,40,<=50K
153,21,296158,9,0,0,35,<=50K
155,48,187715,9,0,0,46,<=50K
156,23,214542,13,0,0,40,<=50K
157,71,494223,10,0,1816,2,<=50K
158,29,191535,9,0,0,60,<=50K
159,42,228456,13,0,0,50,<=50K
160,68,38317,2,0,0,20,<=50K
161,25,252752,9,0,0,40,<=50K
162,44,78374,14,0,0,40,<=50K
163,28,88419,9,0,0,40,<=50K
165,36,207157,10,0,0,40,<=50K
166,39,235485,12,0,0,42,<=50K
167,46,102628,14,0,0,40,<=50K
168,18,25828,7,0,0,16,<=50K
169,66,54826,11,0,0,20,<=50K
170,27,124953,9,0,1980,40,<=50K
171,28,175325,9,0,0,40,<=50K
173,27,428030,13,0,0,50,<=50K
175,27,253814,9,0,0,25,<=50K
176,21,312956,9,0,0,40,<=50K
177,34,483777,9,0,0,40,<=50K
178,18,183930,9,0,0,12,<=50K
179,33,37274,13,0,0,65,<=50K
181,43,114580,10,0,0,40,<=50K
182,30,633742,10,0,0,45,<=50K
185,34,304030,9,0,0,40,<=50K
186,41,143129,13,0,0,40,<=50K
187,53,135105,13,0,0,50,<=50K
188,31,99928,14,0,0,50,<=50K
190,38,155222,10,0,0,28,<=50K
191,24,159567,10,0,0,40,<=50K
192,41,523910,13,0,0,40,<=50K
193,47,120939,10,0,0,45,<=50K
194,41,130760,13,0,0,24,<=50K
195,23,197387,3,0,0,40,<=50K
196,36,99374,10,0,0,40,<=50K
199,24,32921,9,0,0,40,<=50K
200,26,397317,14,0,1876,40,<=50K
201,19,170653,9,0,0,40,<=50K
203,42,254817,10,0,1340,40,<=50K
204,37,48211,9,0,0,35,<=50K
205,18,140164,7,0,0,40,<=50K
207,35,36270,9,0,0,60,<=50K
209,17,65368,7,0,0,12,<=50K
210,44,160943,9,0,0,40,<=50K
212,35,153790,10,0,0,40,<=50K
213,60,85815,9,0,0,40,<=50K
216,50,313321,12,0,0,40,<=50K
217,38,182609,13,0,0,50,<=50K
218,45,109434,13,0,0,55,<=50K
219,25,255004,6,0,0,40,<=50K
220,31,197860,10,0,0,40,<=50K
221,64,187656,2,0,0,40,<=50K
222,90,51744,9,0,2206,40,<=50K
223,54,176681,9,0,0,20,<=50K
224,53,140359,1,0,0,35,<=50K
225,18,243313,9,0,0,40,<=50K
226,60,24215,6,0,0,10,<=50K
227,66,167687,9,1409,0,50,<=50K
228,75,314209,11,0,0,20,<=50K
229,65,176796,9,0,0,40,<=50K
230,35,538583,7,3674,0,40,<=50K
231,41,130408,9,0,0,38,<=50K
232,25,159732,10,0,0,42,<=50K
233,33,110978,10,0,0,40,<=50K
235,59,268700,9,0,0,40,<=50K
236,40,170525,10,0,0,38,<=50K
239,23,115458,9,0,0,40,<=50K
241,41,196001,9,0,0,20,<=50K
242,24,273905,12,0,0,50,<=50K
243,20,119156,10,0,0,20,<=50K
244,38,179488,10,0,1741,40,<=50K
245,56,203580,9,0,0,35,<=50K
247,32,183916,9,0,0,34,<=50K
249,45,153141,9,0,0,40,<=50K
251,42,390781,13,0,0,40,<=50K
252,59,171328,6,0,0,30,<=50K
253,19,27382,10,0,0,40,<=50K
254,58,259014,10,0,0,20,<=50K
256,20,117789,9,0,0,40,<=50K
257,32,172579,9,0,0,30,<=50K
258,45,187666,11,0,0,45,<=50K
259,50,204518,4,0,0,40,<=50K
260,36,150042,13,0,0,40,<=50K
261,45,98092,9,0,0,60,<=50K
262,17,245918,7,0,0,12,<=50K
263,59,146013,10,4064,0,40,<=50K
264,26,378322,7,0,0,40,<=50K
266,19,218956,10,0,0,24,<=50K
268,33,185480,13,0,0,45,<=50K
271,17,191260,5,1055,0,24,<=50K
272,50,30653,14,2407,0,98,<=50K
273,27,209109,14,0,0,35,<=50K
274,30,70377,9,0,0,40,<=50K
275,43,477983,9,0,0,40,<=50K
277,35,190174,10,0,0,40,<=50K
278,25,193787,10,0,0,40,<=50K
280,22,34918,13,0,0,15,<=50K
282,34,175413,12,0,0,45,<=50K
283,60,173960,13,0,0,42,<=50K
284,21,205759,9,0,0,40,<=50K
287,50,176609,10,0,0,45,<=50K
288,25,371987,13,0,0,40,<=50K
289,50,193884,4,0,0,40,<=50K
290,36,200352,13,0,0,45,<=50K
291,31,127595,9,0,0,40,<=50K
292,29,220419,13,0,0,56,<=50K
293,21,231931,10,0,0,45,<=50K
294,27,248402,13,0,0,40,<=50K
295,65,111095,9,0,0,16,<=50K
296,37,57424,13,0,0,60,<=50K
297,39,157443,14,3464,0,40,<=50K
298,24,278130,9,0,0,40,<=50K
299,38,169469,9,0,0,80,<=50K
301,21,153718,10,0,0,25,<=50K
304,24,303296,10,0,0,40,<=50K
305,43,173321,9,0,0,40,<=50K
306,26,193945,12,0,0,45,<=50K
307,46,83082,12,0,0,33,<=50K
310,26,59306,13,0,0,40,<=50K
312,19,860348,10,0,0,25,<=50K
314,22,199698,10,0,0,15,<=50K
315,24,191954,10,0,0,40,<=50K
316,77,138714,10,0,0,40,<=50K
317,22,399087,3,0,0,40,<=50K
318,29,423158,10,0,0,40,<=50K
319,62,159841,9,0,0,24,<=50K
320,39,174308,9,0,0,40,<=50K
321,43,50356,10,0,1485,50,<=50K
322,35,186110,9,0,0,45,<=50K
323,29,200381,7,0,0,40,<=50K
324,76,174309,14,0,0,10,<=50K
325,63,78383,9,0,0,45,<=50K
326,23,211601,11,0,0,15,<=50K
328,58,321171,9,0,0,40,<=50K
329,66,127921,9,2050,0,55,<=50K
330,41,206565,10,0,0,45,<=50K
331,26,224563,13,0,0,40,<=50K
332,47,178686,11,0,0,40,<=50K
333,55,98545,6,0,0,40,<=50K
334,53,242606,9,0,0,40,<=50K
335,17,270942,3,0,0,48,<=50K
336,30,94235,9,0,0,40,<=50K
337,49,71195,14,0,0,60,<=50K
338,19,104112,9,0,0,30,<=50K
339,45,261192,9,0,0,40,<=50K
340,26,94936,12,0,0,40,<=50K
343,33,85043,9,0,0,20,<=50K
344,22,293364,10,0,0,40,<=50K
345,43,241895,13,0,0,42,<=50K
346,67,36135,7,0,0,8,<=50K
347,30,151989,11,0,0,40,<=50K
348,56,101128,12,0,0,25,<=50K
349,31,156464,13,0,0,25,<=50K
351,26,192262,9,0,0,40,<=50K
353,46,329752,7,0,0,30,<=50K
356,65,161400,7,0,0,40,<=50K
358,42,111949,9,0,0,35,<=50K
359,26,117125,5,0,0,40,<=50K
360,36,348022,6,0,0,24,<=50K
362,43,180609,13,0,0,45,<=50K
364,22,410439,9,0,0,55,<=50K
365,28,92262,9,0,0,40,<=50K
366,56,183081,10,0,0,45,<=50K
367,22,362589,12,0,0,15,<=50K
369,39,481060,9,0,0,40,<=50K
370,26,185885,10,0,0,15,<=50K
371,17,89821,7,0,0,10,<=50K
373,45,256649,9,0,0,40,<=50K
374,44,160323,9,0,0,40,<=50K
375,20,350845,10,0,0,10,<=50K
376,33,267404,9,0,0,40,<=50K
377,23,35633,10,0,0,40,<=50K
378,46,80914,14,0,0,30,<=50K
379,38,172927,9,0,0,50,<=50K
380,54,174319,9,0,0,40,<=50K
381,46,214955,3,0,2339,45,<=50K
382,25,344991,10,0,0,40,<=50K
383,46,108699,10,0,0,40,<=50K
384,36,117312,10,0,0,40,<=50K
385,23,396099,9,0,0,25,<=50K
386,29,134152,9,0,0,40,<=50K
388,19,25429,10,0,0,16,<=50K
389,19,232392,9,0,0,40,<=50K
391,27,301302,13,0,0,50,<=50K
392,46,277946,12,0,0,40,<=50K
394,34,196164,9,0,0,35,<=50K
395,44,115562,10,0,0,40,<=50K
396,45,96975,10,0,0,40,<=50K
397,20,137300,9,0,0,35,<=50K
400,20,416103,10,0,0,40,<=50K
401,28,108574,10,0,0,40,<=50K
403,34,227689,11,0,0,64,<=50K
404,28,166481,4,0,2179,40,<=50K
406,28,110145,9,0,0,40,<=50K
407,46,317253,9,0,0,25,<=50K
409,32,364657,10,0,0,50,<=50K
410,41,42346,10,0,0,24,<=50K
411,24,241951,9,0,0,40,<=50K
412,33,118500,10,0,0,40,<=50K
414,31,1033222,10,0,0,40,<=50K
416,52,190762,2,0,0,40,<=50K
417,30,426017,7,0,0,19,<=50K
418,34,243867,7,0,0,40,<=50K
419,34,240283,9,0,0,40,<=50K
420,20,61777,10,0,0,30,<=50K
421,17,175024,7,2176,0,18,<=50K
423,29,188401,9,0,0,40,<=50K
424,33,228528,6,0,0,35,<=50K
425,25,133373,9,0,0,60,<=50K
426,36,255191,14,0,1408,40,<=50K
427,23,204653,9,0,0,72,<=50K
429,47,287480,14,0,0,40,<=50K
430,80,107762,9,0,0,24,<=50K
431,17,202521,7,0,0,40,<=50K
432,40,204116,13,2174,0,40,<=50K
434,27,116358,10,0,1980,40,<=50K
436,34,284843,9,594,0,60,<=50K
437,34,117018,10,0,0,40,<=50K
438,23,81281,10,0,0,40,<=50K
439,42,340148,10,0,0,40,<=50K
440,29,363425,13,0,0,40,<=50K
441,45,45857,9,0,0,28,<=50K
442,24,191073,9,0,0,40,<=50K
444,27,405855,5,0,0,40,<=50K
445,20,298227,10,0,0,35,<=50K
446,44,290521,9,0,0,40,<=50K
447,51,56915,9,0,0,40,<=50K
448,20,146538,9,0,0,40,<=50K
449,17,258872,7,0,0,5,<=50K
450,19,206399,9,0,0,40,<=50K
456,30,180374,9,0,0,40,<=50K
457,38,351299,10,0,0,50,<=50K
458,23,54012,9,0,0,60,<=50K
459,32,115745,10,0,0,40,<=50K
460,44,116632,12,0,0,40,<=50K
461,54,288825,9,0,0,40,<=50K
462,32,132601,13,0,0,50,<=50K
463,50,193374,2,0,0,40,<=50K
464,24,170070,13,0,0,20,<=50K
465,37,126708,9,0,0,60,<=50K
466,52,35598,9,0,0,40,<=50K
467,38,33983,10,0,0,40,<=50K
471,22,139883,10,0,0,40,<=50K
472,35,285020,9,0,0,40,<=50K
473,30,303990,9,0,0,60,<=50K
474,67,49401,11,0,0,24,<=50K
475,46,279196,13,0,0,40,<=50K
476,17,211870,5,0,0,6,<=50K
477,22,281432,10,0,0,30,<=50K
478,27,161155,6,0,0,40,<=50K
479,23,197904,9,0,0,35,<=50K
480,33,111746,12,0,0,45,<=50K
481,43,170721,10,0,0,20,<=50K
482,28,70100,13,0,0,20,<=50K
483,41,193626,9,0,0,40,<=50K
484,52,271749,8,594,0,40,<=50K
485,25,189775,10,0,0,20,<=50K
486,63,401531,2,0,0,35,<=50K
487,59,286967,9,0,0,45,<=50K
488,45,164427,13,0,0,40,<=50K
490,40,347934,9,0,0,35,<=50K
491,46,371373,9,0,0,40,<=50K
492,35,32220,12,0,0,60,<=50K
493,34,187251,9,0,0,25,<=50K
494,33,178107,13,0,0,20,<=50K
495,41,343121,9,0,0,36,<=50K
496,20,262749,10,0,0,40,<=50K
497,23,403107,3,0,0,40,<=50K
498,26,64293,10,0,0,35,<=50K
499,72,303588,9,0,0,20,<=50K
500,23,324960,9,0,0,40,<=50K
501,62,114060,9,0,0,40,<=50K
502,52,48925,10,0,0,40,<=50K
503,58,180980,10,0,0,42,<=50K
504,25,181054,13,0,0,40,<=50K
505,24,388093,13,0,0,40,<=50K
506,19,249609,10,0,0,8,<=50K
507,43,112131,10,0,0,40,<=50K
508,47,543162,9,0,0,40,<=50K
509,39,91996,9,0,0,40,<=50K
510,49,141944,11,0,1380,42,<=50K
511,53,251804,3,0,0,30,<=50K
512,32,37070,11,0,0,45,<=50K
514,28,189346,9,0,0,45,<=50K
515,57,222216,11,0,0,38,<=50K
516,25,267044,10,0,0,20,<=50K
517,20,214635,10,0,0,24,<=50K
518,21,204226,10,0,0,35,<=50K
522,24,248344,10,0,0,50,<=50K
525,28,85812,10,0,0,40,<=50K
527,74,99183,10,0,0,9,<=50K
528,38,190387,9,0,0,50,<=50K
529,44,202692,14,0,0,40,<=50K
530,44,109339,7,0,0,46,<=50K
531,26,108658,9,0,0,40,<=50K
532,36,197202,9,0,0,40,<=50K
535,39,207853,8,0,0,50,<=50K
536,57,190942,2,0,0,30,<=50K
537,29,102345,11,0,0,40,<=50K
538,31,41493,13,0,0,45,<=50K
539,34,190027,9,0,0,40,<=50K
540,44,210525,10,0,0,40,<=50K
541,29,133937,16,0,0,40,<=50K
542,30,237903,10,0,0,40,<=50K
543,27,163862,9,0,0,40,<=50K
544,27,201872,10,0,0,50,<=50K
545,32,84179,9,0,0,45,<=50K
546,58,51662,6,0,0,8,<=50K
547,35,233327,10,0,0,40,<=50K
548,21,259510,9,0,0,36,<=50K
549,28,184831,10,0,0,40,<=50K
550,46,245724,10,0,0,50,<=50K
551,36,27053,9,0,0,40,<=50K
552,72,205343,7,0,0,40,<=50K
553,35,229328,9,0,0,40,<=50K
555,69,136218,7,0,0,40,<=50K
556,35,54576,9,0,0,40,<=50K
557,31,323069,9,0,0,20,<=50K
558,34,148291,9,0,0,32,<=50K
559,30,152453,7,0,0,40,<=50K
560,28,114053,13,0,0,55,<=50K
563,24,82804,9,0,0,40,<=50K
565,20,27337,9,0,0,48,<=50K
566,43,188436,14,5013,0,45,<=50K
567,45,433665,4,0,0,40,<=50K
568,29,110663,9,0,0,35,<=50K
569,47,87490,14,0,0,42,<=50K
570,24,354351,9,0,0,40,<=50K
571,51,95469,9,0,0,40,<=50K
572,17,242718,7,0,0,12,<=50K
574,27,158156,16,0,0,70,<=50K
576,18,165532,8,0,0,25,<=50K
577,36,28738,12,0,0,35,<=50K
578,58,283635,13,0,0,40,<=50K
579,26,86646,10,0,0,45,<=50K
582,59,199713,9,0,0,40,<=50K
583,27,181659,9,0,0,40,<=50K
584,31,340939,13,0,0,40,<=50K
585,21,197747,10,0,0,24,<=50K
586,29,34292,10,0,0,60,<=50K
587,18,156764,7,0,0,40,<=50K
589,57,103948,13,0,0,80,<=50K
590,42,137390,9,0,0,40,<=50K
591,55,105138,9,0,0,40,<=50K
594,23,117789,13,0,0,40,<=50K
595,27,267147,9,0,0,40,<=50K
596,23,99399,10,0,0,25,<=50K
598,25,200408,10,2174,0,40,<=50K
599,49,136455,13,0,0,45,<=50K
600,32,239824,13,0,0,40,<=50K
601,19,217039,10,0,0,28,<=50K
602,60,51290,4,0,0,40,<=50K
603,42,175674,5,0,0,40,<=50K
604,35,194404,12,0,0,40,<=50K
605,48,45612,9,0,0,37,<=50K
607,29,182521,9,0,0,40,<=50K
608,36,339772,9,0,0,40,<=50K
609,17,169658,6,0,0,21,<=50K
610,52,200853,14,6849,0,60,<=50K
611,24,247564,9,0,0,40,<=50K
612,24,249909,9,0,0,50,<=50K
613,26,208122,13,1055,0,40,<=50K
614,27,109881,13,0,0,20,<=50K
615,39,207824,9,0,0,60,<=50K
616,30,369027,9,0,0,45,<=50K
617,50,114117,9,0,0,32,<=50K
618,52,51048,13,0,0,55,<=50K
620,23,190483,13,0,0,20,<=50K
621,45,462440,7,0,0,20,<=50K
622,65,109351,5,0,0,24,<=50K
623,29,34383,11,0,0,55,<=50K
624,47,241832,5,0,0,40,<=50K
625,30,124187,9,0,0,60,<=50K
627,38,267556,9,0,0,64,<=50K
630,47,165039,10,0,0,40,<=50K
631,49,120451,6,0,0,40,<=50K
634,58,35723,9,0,0,60,<=50K
635,19,262601,9,0,0,14,<=50K
636,21,226181,13,0,0,40,<=50K
638,47,248145,3,0,0,50,<=50K
640,26,75654,9,0,0,55,<=50K
641,60,199378,9,0,0,40,<=50K
642,21,160968,10,0,0,40,<=50K
644,31,55849,10,0,0,45,<=50K
646,31,402089,9,0,0,40,<=50K
647,71,78277,9,0,0,15,<=50K
648,58,158611,9,0,0,50,<=50K
650,20,130959,10,0,0,20,<=50K
651,24,556660,9,4101,0,50,<=50K
653,38,143774,10,0,0,45,<=50K
654,27,288341,9,0,0,32,<=50K
655,29,71592,10,0,0,40,<=50K
656,70,167358,5,1111,0,15,<=50K
657,34,106742,9,0,0,45,<=50K
658,44,219288,4,0,0,35,<=50K
661,35,261293,14,0,0,60,<=50K
662,27,111900,10,0,0,40,<=50K
663,43,194360,14,0,0,38,<=50K
664,20,81145,10,0,0,25,<=50K
666,27,249362,10,3411,0,40,<=50K
668,20,114746,7,0,1762,40,<=50K
669,24,172146,5,0,1721,40,<=50K
670,48,110457,10,0,0,40,<=50K
671,17,80077,7,0,0,20,<=50K
672,17,368700,7,0,0,10,<=50K
675,22,240817,9,2597,0,40,<=50K
676,17,102726,8,0,0,16,<=50K
677,32,226267,10,0,0,40,<=50K
678,31,125457,9,0,0,45,<=50K
679,58,204021,9,0,0,50,<=50K
680,29,92262,9,0,0,48,<=50K
683,23,430828,10,0,0,40,<=50K
684,18,59342,7,0,0,5,<=50K
685,34,136721,9,0,0,40,<=50K
686,66,149422,4,0,0,4,<=50K
687,45,86644,13,0,0,55,<=50K
688,41,195124,14,0,0,35,<=50K
689,26,167350,9,0,0,30,<=50K
690,54,113000,10,0,0,40,<=50K
691,24,140027,10,0,0,45,<=50K
692,42,262425,10,0,0,50,<=50K
693,20,316702,10,0,0,20,<=50K
694,23,335453,13,0,0,20,<=50K
695,25,202480,12,0,0,45,<=50K
698,30,189620,13,0,0,40,<=50K
699,19,475028,9,0,0,20,<=50K
700,36,110866,13,0,0,50,<=50K
701,31,243605,13,0,1380,40,<=50K
702,21,163870,10,0,0,30,<=50K
703,31,80145,10,0,0,40,<=50K
706,40,229148,8,0,0,40,<=50K
707,45,242552,10,0,0,40,<=50K
708,60,177665,9,0,0,35,<=50K
709,18,208103,7,0,0,25,<=50K
710,28,296450,13,0,0,40,<=50K
711,36,70282,10,0,0,40,<=50K
712,36,271767,13,0,0,40,<=50K
713,40,144995,11,4386,0,40,<=50K
714,36,382635,13,0,0,35,<=50K
715,31,295697,9,0,0,40,<=50K
716,33,194141,9,0,0,40,<=50K
717,19,378418,9,0,0,40,<=50K
718,22,214399,10,0,0,15,<=50K
720,33,182556,9,0,0,40,<=50K
721,41,125831,9,0,2051,60,<=50K
722,29,271328,13,4650,0,40,<=50K
726,44,111502,9,0,0,40,<=50K
727,20,299047,10,0,0,20,<=50K
728,31,223212,9,0,0,40,<=50K
730,23,352139,10,0,0,24,<=50K
731,55,173093,10,0,0,40,<=50K
732,26,181655,11,0,2377,45,<=50K
733,25,332702,11,0,0,15,<=50K
734,45,51164,10,0,0,40,<=50K
735,35,234901,10,2407,0,40,<=50K
736,36,131414,10,0,0,36,<=50K
737,43,260960,13,0,0,50,<=50K
738,56,156052,9,594,0,20,<=50K
740,19,192453,10,0,0,25,<=50K
741,55,200939,9,0,0,72,<=50K
743,26,112847,11,0,0,40,<=50K
744,17,316929,8,0,0,20,<=50K
747,32,267736,10,0,0,40,<=50K
748,29,267034,7,0,0,40,<=50K
749,46,193047,13,0,0,37,<=50K
751,22,223515,13,0,0,20,<=50K
752,58,87510,6,0,0,40,<=50K
753,23,145111,9,0,0,50,<=50K
754,39,48093,9,0,0,40,<=50K
755,27,31757,11,0,0,38,<=50K
757,33,120064,13,0,0,45,<=50K
759,37,103408,9,0,0,40,<=50K
760,36,101460,9,0,0,18,<=50K
762,34,119411,9,0,0,40,<=50K
765,32,283268,6,0,0,42,<=50K
766,31,301526,10,0,0,40,<=50K
767,22,151790,10,0,0,30,<=50K
768,47,106252,13,0,0,50,<=50K
769,32,188557,9,0,0,40,<=50K
770,26,171114,10,0,0,38,<=50K
771,37,327323,3,0,0,32,<=50K
772,31,244147,9,0,0,55,<=50K
774,55,116442,9,0,0,38,<=50K
775,23,282579,11,0,0,56,<=50K
776,36,51838,10,0,0,40,<=50K
777,34,73585,14,0,0,40,<=50K
779,54,279129,10,0,0,40,<=50K
780,43,146908,10,0,0,40,<=50K
781,28,196690,11,0,1669,42,<=50K
783,41,49572,10,0,0,60,<=50K
785,42,169628,10,0,0,38,<=50K
786,61,36671,9,0,2352,50,<=50K
787,18,231193,8,0,0,30,<=50K
788,59,192130,9,0,0,16,<=50K
789,21,149704,9,1055,0,40,<=50K
791,41,32185,13,0,0,40,<=50K
792,18,196061,10,0,0,33,<=50K
793,23,211046,9,2463,0,40,<=50K
795,22,162343,10,0,0,20,<=50K
796,61,128831,9,0,0,40,<=50K
797,25,316688,9,0,0,40,<=50K
800,43,154538,12,0,0,40,<=50K
801,24,106085,9,0,1721,30,<=50K
802,68,315859,7,0,0,20,<=50K
803,31,51471,9,0,0,38,<=50K
804,17,193830,7,0,0,20,<=50K
806,50,23780,14,0,0,40,<=50K
809,20,138768,9,0,0,30,<=50K
810,30,191571,9,0,0,36,<=50K
811,22,219941,10,0,0,40,<=50K
812,43,94113,10,0,0,45,<=50K
813,22,137510,10,0,0,40,<=50K
814,17,32607,6,0,0,20,<=50K
815,47,93208,9,0,0,75,<=50K
816,41,254440,11,0,0,60,<=50K
818,64,169871,9,0,0,45,<=50K
820,48,167159,11,0,0,40,<=50K
821,31,171871,14,0,0,46,<=50K
822,29,154411,11,0,0,40,<=50K
823,30,129227,9,0,0,40,<=50K
824,32,110331,9,0,1672,60,<=50K
826,62,174355,9,0,0,40,<=50K
827,39,680390,9,0,0,24,<=50K
828,43,233130,10,0,0,25,<=50K
829,24,165474,13,0,0,40,<=50K
830,42,257780,7,0,0,15,<=50K
832,26,280093,10,0,0,40,<=50K
833,73,177387,9,0,0,40,<=50K
834,72,28929,7,0,0,24,<=50K
835,55,105304,9,0,0,40,<=50K
836,25,499233,9,0,0,40,<=50K
838,24,321435,13,0,0,50,<=50K
839,63,86108,9,0,0,6,<=50K
840,17,198124,7,0,0,20,<=50K
841,35,135162,10,0,0,50,<=50K
843,62,291175,13,0,0,48,<=50K
845,43,102895,10,0,0,40,<=50K
846,40,33274,9,0,0,50,<=50K
848,39,138192,13,0,0,40,<=50K
849,31,118966,9,0,0,18,<=50K
851,26,90980,11,0,0,55,<=50K
852,46,177407,9,0,0,50,<=50K
853,26,96467,13,0,0,40,<=50K
855,34,111567,9,0,0,40,<=50K
856,34,166545,9,0,0,40,<=50K
858,34,188798,13,0,0,40,<=50K
860,18,216284,7,0,0,20,<=50K
861,43,191547,9,0,0,40,<=50K
862,48,285335,7,0,0,50,<=50K
863,28,142712,10,0,0,70,<=50K
864,33,80945,9,0,0,40,<=50K
865,24,309055,10,0,0,15,<=50K
866,21,62339,6,0,0,40,<=50K
867,17,368700,7,0,0,28,<=50K
869,29,266855,13,0,0,40,<=50K
871,24,121313,10,0,0,50,<=50K
874,55,282753,3,0,0,25,<=50K
876,23,153044,9,0,0,7,<=50K
877,38,411797,11,0,0,40,<=50K
879,19,376540,9,0,0,30,<=50K
880,49,72393,5,0,0,40,<=50K
882,27,96226,9,0,0,70,<=50K
884,33,258498,10,0,0,60,<=50K
885,63,149698,10,0,0,15,<=50K
886,23,205865,13,0,0,28,<=50K
887,33,155781,10,0,0,60,<=50K
888,54,406468,9,0,0,40,<=50K
889,29,177119,11,2174,0,45,<=50K
890,48,144397,10,0,0,30,<=50K
891,35,372525,13,0,0,40,<=50K
892,28,164170,11,0,0,40,<=50K
895,40,170108,14,0,0,40,<=50K
896,47,341995,10,0,0,55,<=50K
897,22,226508,13,0,0,50,<=50K
899,28,109165,9,0,0,40,<=50K
900,63,28856,4,0,0,55,<=50K
901,51,175897,5,0,0,20,<=50K
902,22,99697,9,0,0,40,<=50K
903,27,90270,12,0,0,40,<=50K
904,35,152375,9,0,0,45,<=50K
905,46,171550,9,0,0,38,<=50K
906,37,211154,10,0,0,52,<=50K
907,24,202570,13,0,0,15,<=50K
908,37,168496,9,0,0,10,<=50K
909,53,68898,10,0,0,40,<=50K
910,27,93235,9,0,0,30,<=50K
911,38,278924,10,0,0,44,<=50K
912,53,311020,6,0,0,60,<=50K
913,34,175878,10,0,0,40,<=50K
914,23,543028,9,0,0,40,<=50K
916,43,158926,14,0,0,50,<=50K
918,81,136063,9,0,0,30,<=50K
919,21,186648,10,0,0,20,<=50K
920,23,257509,10,0,0,25,<=50K
921,25,98155,10,0,0,40,<=50K
922,42,274198,3,0,0,38,<=50K
923,38,97083,10,0,0,40,<=50K
924,64,29825,9,0,0,5,<=50K
925,32,262153,9,0,0,40,<=50K
926,37,214738,9,0,0,40,<=50K
928,22,91842,10,0,0,42,<=50K
929,33,373662,2,0,0,40,<=50K
930,42,162003,9,0,0,55,<=50K
931,19,52114,10,0,0,10,<=50K
932,51,241843,1,0,0,40,<=50K
933,23,375871,9,0,0,40,<=50K
936,47,21906,14,0,0,25,<=50K
938,33,143653,9,0,0,30,<=50K
940,31,78602,12,0,0,40,<=50K
941,35,465507,9,0,0,40,<=50K
943,18,293227,9,0,0,45,<=50K
944,20,241752,9,0,0,40,<=50K
945,54,166398,10,0,0,35,<=50K
946,40,184682,10,0,0,40,<=50K
948,43,250802,10,0,0,35,<=50K
949,44,325159,10,0,0,40,<=50K
952,51,269080,4,0,0,40,<=50K
953,18,177722,9,0,0,20,<=50K
954,51,133461,10,0,0,40,<=50K
955,41,239683,6,0,0,30,<=50K
957,33,298785,6,0,0,40,<=50K
960,25,150062,10,0,0,45,<=50K
961,32,169240,9,0,0,38,<=50K
962,32,288273,13,0,0,70,<=50K
963,36,526968,6,0,0,40,<=50K
964,28,57066,9,0,0,40,<=50K
965,20,323573,9,0,0,20,<=50K
967,55,189721,9,0,0,20,<=50K
969,36,94954,11,0,0,20,<=50K
971,28,161538,13,0,0,35,<=50K
973,37,200153,9,0,0,40,<=50K
974,44,32185,9,0,0,70,<=50K
975,25,178326,10,0,0,40,<=50K
976,21,255957,10,4101,0,40,<=50K
978,78,182977,9,2964,0,40,<=50K
979,34,159929,9,0,0,40,<=50K
980,49,123207,9,0,0,44,<=50K
981,22,284317,12,0,0,40,<=50K
982,23,184699,9,0,0,40,<=50K
983,60,154474,9,0,0,42,<=50K
985,63,254907,11,0,0,20,<=50K
986,41,349221,9,0,0,35,<=50K
987,47,335973,9,0,0,40,<=50K
988,44,126701,9,0,0,40,<=50K
989,51,122159,10,3325,0,40,<=50K
990,46,187370,13,0,1504,40,<=50K
991,41,194636,11,0,0,40,<=50K
992,50,124793,9,0,0,30,<=50K
994,35,290226,9,0,0,45,<=50K
996,45,89325,14,0,0,45,<=50K
998,40,82465,10,2580,0,40,<=50K
1000,20,148294,10,0,0,40,<=50K
1003,23,115244,13,0,0,60,<=50K
1004,31,162572,9,0,0,16,<=50K
1005,58,356067,13,0,0,40,<=50K
1006,66,271567,9,0,0,40,<=50K
1009,26,109186,10,0,0,50,<=50K
1010,51,220537,9,0,0,40,<=50K
1011,34,124827,11,0,0,40,<=50K
1014,38,173208,14,0,0,25,<=50K
1015,48,107373,4,0,0,40,<=50K
1017,51,191965,9,0,0,32,<=50K
1018,22,122346,9,0,0,40,<=50K
1019,19,117201,9,0,0,30,<=50K
1020,41,198316,10,0,0,50,<=50K
1022,42,209370,9,0,0,30,<=50K
1023,34,33117,10,0,0,40,<=50K
1024,23,129042,9,0,0,40,<=50K
1025,56,169133,9,0,0,50,<=50K
1026,30,201624,13,0,0,45,<=50K
1028,48,207848,6,0,0,40,<=50K
1029,48,138370,14,0,0,50,<=50K
1030,31,93106,11,0,0,40,<=50K
1031,20,223515,12,0,1719,20,<=50K
1032,27,389713,10,0,0,40,<=50K
1033,32,206365,9,0,0,40,<=50K
1034,76,431192,4,0,0,2,<=50K
1035,19,241616,9,0,2001,40,<=50K
1036,66,150726,5,1409,0,1,<=50K
1037,37,123785,9,0,0,75,<=50K
1038,34,289984,9,0,0,30,<=50K
1039,34,164309,7,0,0,8,<=50K
1040,90,137018,9,0,0,40,<=50K
1041,23,137994,10,0,0,40,<=50K
1042,43,341204,10,0,0,40,<=50K
1044,24,34446,10,0,0,37,<=50K
1045,28,187160,15,0,0,55,<=50K
1046,64,196288,12,0,0,20,<=50K
1047,23,217961,10,0,0,40,<=50K
1048,20,74631,10,0,0,50,<=50K
1050,61,125155,9,0,0,40,<=50K
1054,38,193026,10,0,0,40,<=50K
1055,32,87643,13,0,0,40,<=50K
1056,30,106742,8,0,0,75,<=50K
1057,41,302122,11,0,0,40,<=50K
1060,43,277647,9,0,0,35,<=50K
1061,61,128848,9,3471,0,40,<=50K
1062,54,377701,9,0,0,32,<=50K
1063,34,157886,12,0,0,40,<=50K
1065,38,223004,10,0,0,40,<=50K
1067,36,29984,8,0,0,40,<=50K
1068,30,181651,13,0,0,50,<=50K
1069,36,117312,12,0,0,60,<=50K
1070,22,34029,13,0,0,20,<=50K
1074,17,220384,7,0,0,15,<=50K
1075,19,36012,10,0,0,20,<=50K
1076,27,137645,13,0,1590,40,<=50K
1077,22,191342,13,0,0,50,<=50K
1078,49,31339,9,0,0,40,<=50K
1080,43,173728,13,0,0,40,<=50K
1081,19,167816,9,0,0,35,<=50K
1082,58,81642,9,0,0,60,<=50K
1084,31,232475,10,0,0,40,<=50K
1085,30,241259,11,0,0,40,<=50K
1086,32,118161,9,0,0,40,<=50K
1087,29,201954,13,0,0,35,<=50K
1089,38,412296,9,0,0,28,<=50K
1092,31,196025,16,0,0,60,<=50K
1093,34,107793,9,0,0,40,<=50K
1094,21,163870,10,0,0,40,<=50K
1095,22,361280,13,0,0,20,<=50K
1096,62,92178,6,0,0,40,<=50K
1097,19,80710,9,0,0,40,<=50K
1099,43,182254,10,0,0,40,<=50K
1100,68,140282,4,0,0,8,<=50K
1102,39,218184,5,0,1651,40,<=50K
1103,41,118619,13,0,0,50,<=50K
1105,34,167999,9,0,0,33,<=50K
1106,31,51259,13,0,0,47,<=50K
1107,29,131088,9,0,0,25,<=50K
1109,41,293791,11,0,0,55,<=50K
1112,37,60227,13,0,0,38,<=50K
1113,69,168139,9,0,0,40,<=50K
1114,34,290763,9,0,0,40,<=50K
1116,36,51100,10,0,0,40,<=50K
1117,41,227644,9,0,0,50,<=50K
1119,53,288020,13,0,0,40,<=50K
1120,29,140863,10,0,0,40,<=50K
1121,45,170915,9,4865,0,40,<=50K
1122,34,50178,10,0,0,38,<=50K
1123,36,112497,13,0,0,40,<=50K
1124,48,95244,10,0,0,35,<=50K
1125,20,117606,11,0,0,40,<=50K
1127,63,124244,9,0,0,40,<=50K
1128,41,154374,10,0,0,45,<=50K
1129,28,294936,13,0,0,45,<=50K
1130,30,347132,10,0,0,40,<=50K
1131,34,181934,9,0,0,40,<=50K
1132,31,316672,9,0,0,40,<=50K
1133,37,189382,11,0,0,38,<=50K
1134,42,184018,10,0,0,40,<=50K
1138,27,138705,9,0,0,53,<=50K
1139,41,328447,2,0,0,35,<=50K
1140,19,194608,10,0,0,20,<=50K
1141,20,230891,10,0,0,45,<=50K
1142,59,212448,9,0,0,40,<=50K
1143,40,214010,13,0,0,37,<=50K
1144,56,200235,10,0,0,60,<=50K
1146,30,205733,10,0,0,60,<=50K
1147,46,185041,9,0,0,50,<=50K
1150,25,241626,9,0,0,30,<=50K
1151,40,520586,10,0,0,39,<=50K
1152,24,35633,10,0,0,40,<=50K
1153,51,302847,9,0,0,54,<=50K
1154,43,165309,9,0,0,40,<=50K
1155,34,117529,10,0,0,54,<=50K
1158,26,227332,13,0,0,40,<=50K
1159,20,275691,9,0,0,28,<=50K
1160,44,193459,11,3411,0,40,<=50K
1161,51,284329,9,0,0,40,<=50K
1165,33,178506,9,0,0,40,<=50K
1167,22,131573,10,0,0,8,<=50K
1168,88,206291,15,0,0,40,<=50K
1169,40,182302,9,0,0,40,<=50K
1170,51,241346,9,0,0,43,<=50K
1171,50,157043,7,0,0,40,<=50K
1173,20,411862,11,0,0,30,<=50K
1174,47,183013,9,0,0,40,<=50K
1176,22,188544,11,0,0,30,<=50K
1178,47,45857,9,0,0,40,<=50K
1179,24,289886,7,0,0,45,<=50K
1182,36,416745,13,0,0,40,<=50K
1183,32,202952,9,0,0,40,<=50K
1184,44,167725,9,0,0,40,<=50K
1185,51,165637,14,0,0,40,<=50K
1186,59,43280,10,0,0,40,<=50K
1187,65,118779,9,0,0,30,<=50K
1188,24,191269,13,0,0,65,<=50K
1189,27,247507,13,0,0,35,<=50K
1190,51,239155,11,0,0,40,<=50K
1192,39,33886,9,0,0,60,<=50K
1193,28,444304,13,0,0,40,<=50K
1194,19,187161,10,0,0,25,<=50K
1195,49,116892,13,0,0,40,<=50K
1196,51,176813,12,0,0,60,<=50K
1197,59,151616,14,0,0,55,<=50K
1198,18,240747,9,0,0,40,<=50K
1199,50,75472,9,4386,0,40,<=50K
1202,37,166497,13,0,0,35,<=50K
1204,33,221196,10,0,0,40,<=50K
1206,61,321117,9,0,0,40,<=50K
1208,22,42004,10,0,0,30,<=50K
1209,36,135289,9,0,0,45,<=50K
1211,37,203070,10,0,0,62,<=50K
1212,31,32406,10,0,0,20,<=50K
1214,20,205839,10,0,0,16,<=50K
1217,33,163003,9,0,0,41,<=50K
1218,31,231263,13,4650,0,45,<=50K
1221,48,349151,9,0,0,40,<=50K
1222,53,22154,10,0,0,40,<=50K
1223,55,176317,9,0,0,40,<=50K
1225,29,236436,9,0,0,40,<=50K
1227,42,166813,10,0,0,60,<=50K
1228,50,358740,9,0,0,40,<=50K
1229,75,208426,15,0,0,35,<=50K
1231,52,31838,9,0,0,40,<=50K
1232,27,175034,13,0,0,40,<=50K
1233,43,413297,9,0,0,45,<=50K
1234,31,106347,7,0,0,42,<=50K
1235,23,174754,10,0,0,30,<=50K
1236,34,441454,9,0,0,24,<=50K
1237,41,209344,9,0,0,40,<=50K
1238,31,185732,9,0,0,30,<=50K
1239,42,65372,10,0,0,40,<=50K
1241,55,326297,9,0,0,25,<=50K
1242,36,194630,9,0,0,40,<=50K
1244,38,165799,10,0,0,12,<=50K
1245,62,192866,10,0,0,20,<=50K
1247,49,148995,9,0,0,40,<=50K
1248,34,190040,9,0,0,40,<=50K
1249,32,209432,9,0,0,40,<=50K
1251,48,397466,10,0,0,60,<=50K
1252,30,283767,9,0,0,40,<=50K
1253,52,202452,9,0,0,43,<=50K
1254,28,218555,10,0,1762,40,<=50K
1255,29,128604,9,0,0,40,<=50K
1256,38,65466,13,0,0,50,<=50K
1259,37,136137,10,0,0,40,<=50K
1260,30,236770,9,0,0,40,<=50K
1262,69,195779,11,0,0,1,<=50K
1263,73,29778,9,0,0,37,<=50K
1264,22,153516,10,0,0,35,<=50K
1265,31,163594,9,0,0,45,<=50K
1267,50,343748,10,0,0,35,<=50K
1268,37,387430,10,0,0,37,<=50K
1269,44,409505,13,0,0,40,<=50K
1270,47,200734,13,0,0,45,<=50K
1271,27,115831,10,0,0,40,<=50K
1272,28,150296,12,0,0,80,<=50K
1273,25,323545,9,0,0,40,<=50K
1274,20,232577,10,0,0,40,<=50K
1278,47,386136,9,0,0,35,<=50K
1279,42,342865,9,0,0,40,<=50K
1280,52,186785,9,0,1876,50,<=50K
1283,21,164019,10,0,0,10,<=50K
1285,46,188861,10,0,0,40,<=50K
1287,57,182062,6,0,0,40,<=50K
1288,37,37238,13,0,0,45,<=50K
1289,50,421132,9,0,0,40,<=50K
1290,58,178660,8,0,0,40,<=50K
1291,63,795830,2,0,0,30,<=50K
1292,39,278403,9,0,0,65,<=50K
1293,46,279661,14,0,0,35,<=50K
1294,36,113397,9,0,0,40,<=50K
1295,26,280093,3,0,1628,50,<=50K
1296,21,236696,10,0,0,57,<=50K
1297,41,265266,12,0,0,40,<=50K
1298,44,34935,10,0,0,40,<=50K
1299,22,58222,9,0,0,40,<=50K
1300,29,301010,10,0,0,60,<=50K
1301,29,419721,9,0,0,40,<=50K
1303,36,180686,15,0,0,50,<=50K
1304,30,209103,11,0,0,48,<=50K
1306,29,256956,11,0,0,40,<=50K
1307,26,202203,3,0,0,40,<=50K
1308,43,85995,9,0,0,45,<=50K
1310,45,283037,13,0,0,40,<=50K
1311,28,192932,13,0,0,40,<=50K
1312,20,244689,10,0,0,25,<=50K
1313,51,179646,9,0,0,40,<=50K
1315,24,96279,9,0,0,40,<=50K
1317,35,327120,12,0,0,55,<=50K
1320,61,101265,9,1471,0,35,<=50K
1321,20,114874,10,0,0,30,<=50K
1325,17,138507,6,0,0,20,<=50K
1326,47,256522,9,0,0,40,<=50K
1328,24,293579,9,0,0,20,<=50K
1329,29,285290,7,0,0,40,<=50K
1330,25,188488,9,0,0,40,<=50K
1331,20,324469,10,0,0,40,<=50K
1332,23,275244,9,0,0,35,<=50K
1333,57,265099,15,0,0,60,<=50K
1335,33,40681,10,3674,0,16,<=50K
1336,39,174938,13,0,0,40,<=50K
1338,71,269708,13,2329,0,16,<=50K
1339,38,34180,10,0,0,40,<=50K
1340,28,225904,15,0,0,40,<=50K
1341,57,89392,14,0,0,40,<=50K
1342,47,46857,10,0,0,40,<=50K
1343,59,105363,9,0,0,40,<=50K
1344,26,195105,9,0,0,40,<=50K
1345,35,184117,13,0,0,40,<=50K
1347,17,145886,7,0,0,30,<=50K
1349,62,225652,4,3411,0,50,<=50K
1352,42,173938,9,0,0,40,<=50K
1353,39,191161,10,0,0,40,<=50K
1354,58,132606,3,0,0,40,<=50K
1356,40,155190,6,0,0,55,<=50K
1357,31,42900,13,0,0,37,<=50K
1358,36,191161,9,0,0,50,<=50K
1359,23,181820,10,0,0,40,<=50K
1360,33,105974,9,0,0,41,<=50K
1362,22,103440,9,0,0,24,<=50K
1363,51,203435,10,0,0,40,<=50K
1364,31,168312,11,0,0,40,<=50K
1365,49,257764,9,0,0,40,<=50K
1366,49,171301,9,0,0,40,<=50K
1367,53,225339,10,0,0,40,<=50K
1369,20,444554,6,0,0,40,<=50K
1370,26,403788,12,0,0,40,<=50K
1371,61,190997,9,0,0,6,<=50K
1372,43,221550,14,0,0,30,<=50K
1373,46,98929,13,0,0,52,<=50K
1374,43,169203,11,0,0,35,<=50K
1375,41,102332,9,0,0,40,<=50K
1376,44,230684,9,0,0,55,<=50K
1377,54,449257,9,0,0,40,<=50K
1379,32,97429,13,0,0,40,<=50K
1380,25,208999,10,0,0,40,<=50K
1381,23,37072,13,0,0,50,<=50K
1382,25,163101,13,0,0,45,<=50K
1383,19,119075,10,0,0,50,<=50K
1384,37,137314,9,0,0,60,<=50K
1385,45,127303,10,0,0,45,<=50K
1386,37,349116,9,0,0,44,<=50K
1388,19,194095,10,0,0,40,<=50K
1389,17,46496,7,0,0,5,<=50K
1390,27,29904,13,0,0,40,<=50K
1392,59,226922,9,0,1762,30,<=50K
1393,19,234151,9,0,0,40,<=50K
1394,43,238287,6,0,0,40,<=50K
1396,54,398212,9,5013,0,40,<=50K
1397,54,114758,14,0,0,50,<=50K
1398,51,246519,6,2105,0,45,<=50K
1400,40,260696,9,0,0,40,<=50K
1401,55,325007,12,0,0,25,<=50K
1402,50,113176,9,0,0,40,<=50K
1403,31,66815,9,0,0,50,<=50K
1404,42,51795,9,0,0,32,<=50K
1406,30,30226,7,0,0,40,<=50K
1408,37,143912,9,0,0,50,<=50K
1409,33,130021,9,0,0,40,<=50K
1410,48,329778,9,0,0,40,<=50K
1411,43,196945,9,0,0,78,<=50K
1414,52,173839,6,0,0,60,<=50K
1415,28,73211,10,0,0,20,<=50K
1416,32,86723,9,0,0,52,<=50K
1419,47,115070,10,0,0,40,<=50K
1420,19,172582,10,0,0,50,<=50K
1421,40,256202,11,0,0,40,<=50K
1422,40,202872,12,0,0,45,<=50K
1423,41,184102,7,0,0,40,<=50K
1424,53,130703,9,0,0,40,<=50K
1425,46,134727,7,0,0,43,<=50K
1427,39,297847,5,3411,0,34,<=50K
1428,19,213644,9,0,0,40,<=50K
1430,49,147322,11,0,0,40,<=50K
1431,59,296253,9,0,0,40,<=50K
1433,18,169882,10,594,0,15,<=50K
1434,35,211115,10,0,0,40,<=50K
1435,58,183870,6,0,0,40,<=50K
1436,28,441620,13,0,0,43,<=50K
1438,41,141327,14,0,0,35,<=50K
1440,50,175339,9,0,1672,60,<=50K
1441,61,347089,9,0,0,16,<=50K
1443,38,27997,11,0,0,40,<=50K
1445,50,30447,11,0,0,45,<=50K
1446,45,256866,10,5013,0,40,<=50K
1447,44,120837,9,0,0,66,<=50K
1450,25,298225,9,0,0,50,<=50K
1451,60,185749,7,0,0,40,<=50K
1452,17,333100,6,1055,0,30,<=50K
1455,56,311249,9,0,0,38,<=50K
1456,25,221757,9,3325,0,45,<=50K
1457,22,310152,10,0,0,40,<=50K
1458,76,211453,9,0,0,2,<=50K
1461,46,161508,6,0,0,40,<=50K
1464,40,100584,6,0,0,40,<=50K
1465,70,163003,9,0,0,40,<=50K
1466,35,67728,10,0,2051,45,<=50K
1467,49,101320,14,0,0,75,<=50K
1468,24,42706,11,0,0,60,<=50K
1471,25,98283,13,0,0,40,<=50K
1472,28,216481,13,0,0,40,<=50K
1473,69,208869,14,0,0,11,<=50K
1474,22,207940,10,0,0,36,<=50K
1475,47,34248,9,0,0,38,<=50K
1476,38,83727,9,0,0,48,<=50K
1477,26,183077,11,0,0,40,<=50K
1478,17,197850,7,0,0,24,<=50K
1479,33,235271,10,0,0,35,<=50K
1480,43,35236,9,0,0,40,<=50K
1483,26,256263,9,0,0,25,<=50K
1485,31,209448,6,2105,0,40,<=50K
1486,30,57651,9,0,2001,42,<=50K
1487,25,174592,9,0,0,25,<=50K
1488,57,278763,9,0,0,40,<=50K
1490,32,402812,10,0,0,48,<=50K
1491,26,101150,9,0,0,41,<=50K
1494,27,23940,9,0,0,40,<=50K
1497,35,187119,13,0,1980,65,<=50K
1499,19,225775,10,0,0,40,<=50K
1501,49,50282,10,3325,0,45,<=50K
1502,20,32732,10,0,0,45,<=50K
1504,60,290593,14,0,0,40,<=50K
1505,32,123253,12,0,0,42,<=50K
1506,58,48433,9,0,0,40,<=50K
1507,42,245317,9,0,0,50,<=50K
1508,20,431745,10,0,0,14,<=50K
1509,42,436006,10,0,0,40,<=50K
1510,25,224943,10,0,0,40,<=50K
1513,66,298834,11,0,0,50,<=50K
1515,44,123983,13,0,0,40,<=50K
1517,59,284834,13,2885,0,30,<=50K
1518,25,212495,13,0,1340,40,<=50K
1519,17,32124,5,0,0,9,<=50K
1520,47,246891,13,0,0,40,<=50K
1521,47,141483,5,0,0,40,<=50K
1522,30,31985,10,0,0,40,<=50K
1523,20,170800,10,0,0,40,<=50K
1524,26,166295,13,0,2339,55,<=50K
1525,20,231286,10,0,0,15,<=50K
1526,33,159322,9,0,0,40,<=50K
1527,48,176026,9,0,0,40,<=50K
1529,37,26898,9,0,0,12,<=50K
1530,47,232628,9,0,0,40,<=50K
1534,50,73493,10,0,0,40,<=50K
1535,30,197058,12,0,0,40,<=50K
1536,34,122116,10,0,0,40,<=50K
1537,43,75742,9,0,0,40,<=50K
1538,22,214731,6,0,0,40,<=50K
1539,35,265954,9,0,0,40,<=50K
1540,26,197156,9,0,0,30,<=50K
1541,62,162245,15,0,1628,70,<=50K
1542,39,203070,9,0,0,40,<=50K
1543,59,165695,10,0,0,40,<=50K
1544,69,473040,3,0,0,40,<=50K
1545,27,168107,13,0,0,40,<=50K
1546,17,163494,6,0,0,30,<=50K
1547,38,180342,13,0,0,40,<=50K
1549,27,148069,6,0,0,40,<=50K
1550,23,200973,9,0,0,40,<=50K
1551,17,130806,6,0,0,24,<=50K
1552,56,117148,4,0,0,40,<=50K
1553,24,213977,10,0,0,40,<=50K
1555,44,139338,8,0,0,40,<=50K
1556,23,315877,13,0,0,30,<=50K
1557,41,195124,9,0,0,50,<=50K
1558,25,352057,9,0,0,65,<=50K
1559,21,236684,10,0,0,8,<=50K
1560,18,208447,8,0,0,6,<=50K
1561,45,149640,10,0,0,40,<=50K
1563,51,154342,4,0,0,40,<=50K
1564,42,141459,9,0,0,40,<=50K
1565,47,111797,10,0,0,35,<=50K
1566,29,111900,10,0,0,40,<=50K
1567,33,78707,7,0,0,40,<=50K
1568,43,160574,13,0,0,40,<=50K
1569,20,174714,10,0,0,16,<=50K
1570,19,62534,13,0,0,40,<=50K
1572,24,198148,10,0,0,30,<=50K
1573,19,124265,10,0,0,40,<=50K
1574,49,261059,6,2176,0,40,<=50K
1575,52,208137,11,0,0,40,<=50K
1576,38,257250,9,0,0,52,<=50K
1577,24,147253,10,0,0,50,<=50K
1578,32,244268,13,0,0,50,<=50K
1579,72,213255,9,0,0,8,<=50K
1581,31,169104,13,0,0,40,<=50K
1582,29,200511,13,0,0,50,<=50K
1584,48,65535,9,0,0,50,<=50K
1586,51,71046,10,0,0,45,<=50K
1587,28,125442,9,0,0,40,<=50K
1588,22,169188,9,0,0,20,<=50K
1589,23,121471,13,0,0,40,<=50K
1590,65,207281,10,0,0,16,<=50K
1591,26,46097,13,0,0,40,<=50K
1592,20,206671,10,1055,0,50,<=50K
1594,38,322143,13,0,0,10,<=50K
1596,33,119829,9,0,0,60,<=50K
1597,37,910398,13,0,0,40,<=50K
1598,19,176570,7,0,0,60,<=50K
1599,24,216129,13,0,0,50,<=50K
1600,30,27207,7,0,0,45,<=50K
1601,57,68830,9,0,0,50,<=50K
1602,22,178818,10,0,0,20,<=50K
1604,46,273771,9,0,0,40,<=50K
1605,67,318533,9,0,0,35,<=50K
1606,35,451940,9,0,0,40,<=50K
1607,47,102318,9,0,0,40,<=50K
1608,39,379350,6,0,0,40,<=50K
1609,50,21095,10,0,0,40,<=50K
1610,58,211547,8,0,0,52,<=50K
1614,26,161007,13,0,0,30,<=50K
1617,26,310907,10,0,0,35,<=50K
1618,32,375833,7,0,0,40,<=50K
1619,38,107513,9,0,0,40,<=50K
1622,37,70240,9,0,0,40,<=50K
1623,44,147206,10,0,0,40,<=50K
1624,31,175548,9,0,0,35,<=50K
1626,51,126010,9,0,0,40,<=50K
1628,45,428350,9,0,1740,40,<=50K
1629,36,200904,12,0,0,21,<=50K
1630,39,328466,7,2407,0,70,<=50K
1631,67,258973,9,0,0,24,<=50K
1633,27,127796,3,0,0,35,<=50K
1634,37,405723,2,0,0,40,<=50K
1636,27,284196,6,0,0,40,<=50K
1637,28,89718,9,2202,0,48,<=50K
1640,52,158993,9,0,0,38,<=50K
1644,55,52888,15,0,0,10,<=50K
1646,33,240763,10,0,0,40,<=50K
1647,30,39054,9,0,0,40,<=50K
1649,59,143372,6,0,0,40,<=50K
1650,19,323421,10,0,0,20,<=50K
1651,36,136028,5,0,0,30,<=50K
1652,26,163189,9,0,0,40,<=50K
1653,34,202729,9,0,0,40,<=50K
1656,26,211798,9,0,0,40,<=50K
1657,47,198901,9,0,0,48,<=50K
1658,18,214617,10,0,0,16,<=50K
1659,55,179715,6,0,0,18,<=50K
1660,49,107231,9,0,2002,40,<=50K
1662,43,184378,13,0,0,40,<=50K
1663,62,273454,4,0,0,40,<=50K
1664,44,443040,9,0,0,40,<=50K
1665,39,71701,9,0,0,40,<=50K
1667,35,107991,7,0,0,45,<=50K
1668,52,94391,9,0,0,40,<=50K
1671,43,83756,10,0,0,50,<=50K
1672,51,120914,4,2961,0,40,<=50K
1673,20,180052,10,0,0,20,<=50K
1675,43,37937,14,0,0,50,<=50K
1677,24,38455,10,0,0,40,<=50K
1678,27,128059,10,0,0,50,<=50K
1679,32,420895,9,0,0,40,<=50K
1680,37,166744,9,0,0,12,<=50K
1681,26,238768,9,0,0,60,<=50K
1683,50,140592,9,0,0,40,<=50K
1684,20,211466,9,0,0,80,<=50K
1686,43,39581,9,0,0,45,<=50K
1688,53,117496,5,0,0,36,<=50K
1690,25,28520,9,0,0,40,<=50K
1691,17,103851,7,1055,0,20,<=50K
1692,19,375077,9,0,0,50,<=50K
1694,44,151504,10,0,0,50,<=50K
1696,49,32212,9,0,0,43,<=50K
1697,35,123606,10,0,0,40,<=50K
1698,44,202565,9,0,0,45,<=50K
1699,54,177927,14,0,0,60,<=50K
1700,37,256723,10,0,0,35,<=50K
1701,18,46247,10,0,0,15,<=50K
1702,24,266926,10,0,0,40,<=50K
1703,29,112031,9,0,0,50,<=50K
1704,22,376277,10,0,0,35,<=50K
1705,35,168817,9,0,0,40,<=50K
1707,32,158784,4,0,0,40,<=50K
1708,24,67222,13,0,0,45,<=50K
1710,73,267408,9,0,0,15,<=50K
1711,47,168191,10,0,0,40,<=50K
1712,49,105444,8,0,0,39,<=50K
1714,31,148600,9,0,0,40,<=50K
1715,39,19914,10,0,0,40,<=50K
1716,42,190767,13,0,0,40,<=50K
1719,38,187069,9,0,0,45,<=50K
1720,31,367314,9,0,0,40,<=50K
1721,51,101119,9,0,0,70,<=50K
1724,21,57711,9,0,0,30,<=50K
1725,44,303521,10,0,0,40,<=50K
1727,29,247445,9,0,0,45,<=50K
1729,31,77634,11,0,0,42,<=50K
1730,24,180060,14,6849,0,90,<=50K
1731,46,56482,10,0,0,40,<=50K
1732,26,314177,9,0,0,40,<=50K
1733,35,239755,13,0,0,38,<=50K
1734,27,377680,11,0,0,50,<=50K
1736,26,294493,13,0,0,40,<=50K
1737,21,32616,9,0,1719,16,<=50K
1739,57,52267,9,0,0,72,<=50K
1741,45,98881,7,0,0,32,<=50K
1742,50,196963,4,0,0,30,<=50K
1743,38,166988,13,0,0,40,<=50K
1744,43,193459,10,0,0,60,<=50K
1745,42,182342,10,0,0,55,<=50K
1746,32,496743,13,0,0,40,<=50K
1747,20,154781,9,0,0,40,<=50K
1748,27,219371,9,0,0,35,<=50K
1749,45,99179,7,0,0,40,<=50K
1750,40,224910,9,0,0,40,<=50K
1751,38,304651,9,0,0,60,<=50K
1752,37,349689,9,0,0,40,<=50K
1753,60,106850,6,0,0,40,<=50K
1755,25,169323,13,0,0,40,<=50K
1756,47,162924,13,0,0,60,<=50K
1757,40,34037,9,0,0,70,<=50K
1758,51,167651,9,0,0,40,<=50K
1759,19,197384,10,0,0,10,<=50K
1761,65,266081,9,0,0,40,<=50K
1762,41,165309,13,0,0,40,<=50K
1763,28,215873,6,0,0,45,<=50K
1766,24,228424,9,0,0,40,<=50K
1767,32,195576,7,0,0,40,<=50K
1768,71,105200,9,6767,0,20,<=50K
1770,29,52199,9,0,0,40,<=50K
1773,17,158762,6,0,0,20,<=50K
1775,31,288419,6,0,0,40,<=50K
1776,23,207546,7,0,0,40,<=50K
1777,59,147707,9,0,2339,40,<=50K
1778,17,228373,6,0,0,30,<=50K
1781,37,272950,9,0,0,40,<=50K
1782,29,183523,6,0,0,40,<=50K
1784,31,19302,12,2202,0,38,<=50K
1788,40,135056,12,0,0,40,<=50K
1789,66,142723,3,0,0,40,<=50K
1790,30,188569,5,0,0,40,<=50K
1791,43,57322,12,0,0,40,<=50K
1792,47,178309,5,0,0,50,<=50K
1793,45,166107,14,0,0,40,<=50K
1794,31,53042,10,0,0,40,<=50K
1796,32,35595,13,0,0,40,<=50K
1797,28,429507,12,0,0,40,<=50K
1799,63,151210,4,0,0,40,<=50K
1800,28,186792,13,0,0,40,<=50K
1801,38,204640,10,0,0,40,<=50K
1802,52,87205,9,0,0,38,<=50K
1804,41,107306,9,2174,0,40,<=50K
1805,50,211319,14,0,0,38,<=50K
1806,59,183606,7,0,0,40,<=50K
1807,32,205390,9,0,0,49,<=50K
1808,73,232871,4,2228,0,10,<=50K
1809,52,101017,9,0,0,38,<=50K
1810,57,114495,9,0,0,60,<=50K
1813,22,311764,7,0,0,35,<=50K
1815,22,267174,9,0,0,40,<=50K
1816,46,36228,9,0,1902,40,<=50K
1817,48,199739,9,0,0,40,<=50K
1818,52,185407,9,0,0,40,<=50K
1820,25,282063,4,0,0,40,<=50K
1821,31,332379,4,0,0,40,<=50K
1822,19,418324,10,0,0,36,<=50K
1823,19,263338,10,0,0,45,<=50K
1827,37,118909,9,0,0,35,<=50K
1828,19,286469,10,0,0,30,<=50K
1829,45,191914,9,0,0,55,<=50K
1830,21,142766,10,0,0,10,<=50K
1831,52,198744,9,0,0,40,<=50K
1832,46,272780,10,0,0,24,<=50K
1833,42,219553,14,0,0,38,<=50K
1834,56,261232,9,0,0,40,<=50K
1835,23,64292,9,0,0,40,<=50K
1836,58,312131,14,0,0,40,<=50K
1837,70,30713,9,0,0,30,<=50K
1838,30,246439,10,0,0,40,<=50K
1839,45,338105,13,0,0,40,<=50K
1840,23,228243,10,0,0,44,<=50K
1841,34,62463,10,0,1579,40,<=50K
1842,38,31603,13,0,0,40,<=50K
1843,24,165054,11,0,0,40,<=50K
1844,53,121618,4,0,0,40,<=50K
1845,45,273194,9,3325,0,40,<=50K
1846,21,163665,10,0,0,40,<=50K
1847,21,538319,10,0,0,40,<=50K
1848,34,238246,13,0,0,40,<=50K
1850,21,131811,9,0,0,40,<=50K
1851,63,231777,14,0,0,30,<=50K
1852,23,156807,5,0,0,36,<=50K
1853,28,236861,13,0,0,50,<=50K
1854,29,229842,9,0,0,45,<=50K
1855,25,190057,13,0,0,40,<=50K
1856,44,55076,14,0,0,60,<=50K
1857,18,152545,9,0,0,8,<=50K
1858,26,153434,9,0,0,24,<=50K
1860,23,239322,9,0,0,40,<=50K
1861,46,138999,10,0,0,40,<=50K
1863,25,176520,9,0,0,40,<=50K
1865,60,386261,13,0,0,15,<=50K
1866,23,235722,10,0,0,20,<=50K
1867,36,128884,9,0,0,48,<=50K
1868,46,187226,5,0,0,25,<=50K
1870,40,173607,6,0,0,40,<=50K
1871,31,226756,9,0,0,40,<=50K
1873,32,171111,13,0,0,37,<=50K
1874,21,126314,10,0,0,10,<=50K
1877,42,201522,13,0,0,60,<=50K
1878,23,22966,13,0,0,35,<=50K
1879,30,399088,10,0,0,45,<=50K
1880,24,282202,9,0,0,40,<=50K
1883,27,508336,13,0,0,48,<=50K
1884,27,263431,10,0,0,40,<=50K
1885,22,235733,9,0,0,45,<=50K
1886,68,107910,9,0,0,40,<=50K
1888,22,143062,9,0,0,40,<=50K
1889,25,199545,10,0,0,15,<=50K
1890,68,197015,9,0,0,45,<=50K
1891,62,149617,10,0,0,16,<=50K
1892,26,33610,9,0,0,40,<=50K
1894,68,67791,10,0,0,40,<=50K
1896,45,112283,13,0,0,55,<=50K
1897,26,157249,7,0,0,40,<=50K
1898,25,109872,9,0,0,45,<=50K
1899,23,119838,13,0,0,50,<=50K
1900,29,149943,10,0,1590,40,<=50K
1901,65,27012,4,0,0,50,<=50K
1902,31,91666,9,0,0,50,<=50K
1903,26,270276,9,0,0,40,<=50K
1906,45,339681,14,1506,0,45,<=50K
1907,26,219897,14,0,0,50,<=50K
1908,26,91683,6,0,0,35,<=50K
1909,36,188834,5,0,0,50,<=50K
1910,38,187046,7,0,0,45,<=50K
1911,39,191807,9,0,0,48,<=50K
1912,52,179951,15,0,0,40,<=50K
1913,39,324420,2,0,0,45,<=50K
1914,41,66632,10,0,0,40,<=50K
1916,47,162034,13,0,0,70,<=50K
1917,28,218990,11,0,0,46,<=50K
1918,25,125863,13,0,0,35,<=50K
1919,35,225330,13,0,0,40,<=50K
1920,32,120426,9,0,0,40,<=50K
1923,21,124242,10,0,0,40,<=50K
1924,27,278581,13,0,0,40,<=50K
1926,30,204374,13,0,1741,48,<=50K
1927,45,188386,9,0,1628,45,<=50K
1928,20,164922,9,0,0,40,<=50K
1929,57,195176,14,0,0,80,<=50K
1930,43,166740,10,0,0,48,<=50K
1931,50,156008,7,0,0,40,<=50K
1932,28,162551,4,0,0,48,<=50K
1934,25,169990,9,0,0,40,<=50K
1935,90,221832,13,0,0,45,<=50K
1936,38,255454,13,0,0,40,<=50K
1937,35,28160,13,0,0,40,<=50K
1939,26,103148,9,0,0,40,<=50K
1940,39,165186,10,0,0,45,<=50K
1941,56,31782,6,0,0,40,<=50K
1942,24,249101,9,0,0,40,<=50K
1944,18,153405,7,0,0,25,<=50K
1946,57,176079,14,0,0,40,<=50K
1947,43,218542,9,0,0,40,<=50K
1948,29,303446,13,0,0,25,<=50K
1950,44,483201,13,0,0,40,<=50K
1951,77,144608,9,0,0,6,<=50K
1952,30,226013,13,0,0,40,<=50K
1953,21,165475,9,0,0,40,<=50K
1954,66,263637,6,0,0,40,<=50K
1955,40,201495,7,0,0,35,<=50K
1956,68,213720,9,0,0,40,<=50K
1957,64,170483,9,0,0,38,<=50K
1958,26,214303,13,0,0,50,<=50K
1960,32,242150,9,0,0,38,<=50K
1964,28,188711,13,0,0,20,<=50K
1965,29,452205,9,0,0,36,<=50K
1966,21,260847,10,0,0,30,<=50K
1967,28,291374,9,0,0,40,<=50K
1968,55,189933,6,0,0,40,<=50K
1970,35,330664,10,0,0,40,<=50K
1971,31,672412,7,0,0,40,<=50K
1973,30,111415,9,0,0,55,<=50K
1974,33,217235,9,0,0,20,<=50K
1976,23,120172,13,0,0,40,<=50K
1977,35,343403,10,0,0,40,<=50K
1979,39,473547,6,0,0,40,<=50K
1980,53,260106,15,0,0,50,<=50K
1982,31,348491,13,0,0,40,<=50K
1985,29,421065,9,0,0,48,<=50K
1987,28,169631,12,0,0,3,<=50K
1988,34,379412,9,0,0,50,<=50K
1989,30,181992,10,0,0,35,<=50K
1990,19,365640,9,0,0,45,<=50K
1991,26,236564,9,0,0,40,<=50K
1993,50,112351,9,0,0,38,<=50K
1995,44,54611,10,0,0,50,<=50K
1997,75,30599,14,0,0,50,<=50K
1999,51,196504,9,0,0,38,<=50K
2000,35,82552,9,0,0,35,<=50K
2001,28,104024,10,0,0,40,<=50K
2002,66,293114,9,1409,0,40,<=50K
2004,39,192337,13,0,0,50,<=50K
2005,27,262478,9,0,0,30,<=50K
2006,57,185072,10,0,0,40,<=50K
2007,24,296045,4,2635,0,38,<=50K
2008,28,246595,9,0,0,70,<=50K
2009,23,54472,10,0,0,50,<=50K
2010,31,331065,13,0,1408,40,<=50K
2011,23,161708,10,0,0,20,<=50K
2012,31,264936,10,0,0,40,<=50K
2013,27,113545,13,0,0,40,<=50K
2014,30,212237,13,0,1740,45,<=50K
2015,31,170430,15,0,0,80,<=50K
2016,34,173806,14,4865,0,60,<=50K
2017,57,370890,9,0,2258,40,<=50K
2019,23,193089,7,0,0,40,<=50K
2020,24,33432,12,0,0,40,<=50K
2021,36,103110,16,0,0,40,<=50K
2022,32,160362,10,0,0,40,<=50K
2023,35,204621,12,0,0,40,<=50K
2024,36,35309,13,0,0,40,<=50K
2025,23,154373,13,0,0,50,<=50K
2027,35,154410,9,0,0,40,<=50K
2028,44,220563,10,0,0,40,<=50K
2029,32,253354,14,0,0,50,<=50K
2032,34,229732,11,0,0,40,<=50K
2033,47,185465,9,0,0,40,<=50K
2034,27,335764,7,0,0,35,<=50K
2035,23,460046,9,0,0,42,<=50K
2036,19,33487,10,0,0,40,<=50K
2037,50,176924,6,0,0,38,<=50K
2038,49,213307,10,0,0,40,<=50K
2040,23,194102,13,0,0,40,<=50K
2041,61,238611,4,0,0,38,<=50K
2042,41,113597,10,0,0,16,<=50K
2044,53,274528,13,0,0,70,<=50K
2045,17,60116,6,0,0,10,<=50K
2046,23,196816,9,0,0,30,<=50K
2047,53,166368,10,0,0,40,<=50K
2049,24,99386,13,0,0,40,<=50K
2050,22,188569,10,0,0,20,<=50K
2052,18,283342,7,0,0,20,<=50K
2053,24,233777,10,0,0,50,<=50K
2054,20,170038,9,0,0,40,<=50K
2055,30,261319,4,0,0,40,<=50K
2057,34,126838,9,0,0,40,<=50K
2058,19,354104,9,0,0,30,<=50K
2059,20,176321,8,0,0,40,<=50K
2060,47,85129,9,0,0,40,<=50K
2061,20,376474,10,0,0,32,<=50K
2062,22,62507,13,0,0,40,<=50K
2064,60,156889,10,0,0,40,<=50K
2065,32,549430,9,0,0,40,<=50K
2067,66,98837,9,0,0,40,<=50K
2069,34,204991,10,0,0,44,<=50K
2070,45,371886,13,0,0,46,<=50K
2071,35,103605,7,0,0,40,<=50K
2072,63,54851,9,0,0,40,<=50K
2075,25,144259,9,0,0,40,<=50K
2076,51,161482,9,0,0,38,<=50K
2077,25,305449,10,0,0,40,<=50K
2078,19,125010,9,0,0,45,<=50K
2079,47,304133,10,0,0,45,<=50K
2080,59,120617,9,0,0,40,<=50K
2082,40,297396,10,0,0,60,<=50K
2083,42,121287,9,0,0,45,<=50K
2084,28,308493,9,0,0,17,<=50K
2087,25,304032,9,0,0,36,<=50K
2091,29,410351,13,0,0,40,<=50K
2092,35,410034,10,0,0,50,<=50K
2094,22,27937,10,0,0,36,<=50K
2096,26,125680,13,0,0,16,<=50K
2097,56,160829,9,0,0,46,<=50K
2099,61,115023,14,0,0,4,<=50K
2101,52,150930,11,0,0,40,<=50K
2102,30,343699,9,0,0,40,<=50K
2104,35,163392,10,0,0,40,<=50K
2105,17,103810,8,0,0,40,<=50K
2107,26,211265,10,0,0,35,<=50K
2108,58,160586,9,0,0,40,<=50K
2111,46,309895,10,0,0,40,<=50K
2113,57,103809,9,0,0,40,<=50K
2114,25,90291,13,0,0,40,<=50K
2115,21,181761,10,0,0,10,<=50K
2116,37,35330,9,0,1669,55,<=50K
2117,45,135776,14,0,0,30,<=50K
2118,61,188172,16,0,0,5,<=50K
2119,39,179579,9,0,0,40,<=50K
2120,42,193626,9,0,0,53,<=50K
2121,20,108887,9,0,0,40,<=50K
2122,23,199070,9,0,0,16,<=50K
2123,25,441591,13,0,0,40,<=50K
2124,47,185254,3,0,0,40,<=50K
2125,24,109307,9,0,0,45,<=50K
2126,20,81853,10,0,0,15,<=50K
2127,35,23621,9,0,0,70,<=50K
2129,47,30575,10,0,0,50,<=50K
2130,28,130620,7,0,0,40,<=50K
2131,41,22155,14,0,0,60,<=50K
2132,31,106437,9,0,0,40,<=50K
2133,27,79787,14,0,0,25,<=50K
2134,47,326857,11,5013,0,40,<=50K
2135,44,81853,9,0,0,40,<=50K
2136,61,120933,10,0,0,40,<=50K
2137,42,153143,10,0,0,40,<=50K
2138,46,27669,9,0,0,28,<=50K
2140,54,169785,14,0,0,38,<=50K
2141,49,122493,9,0,0,40,<=50K
2142,56,242670,10,0,0,40,<=50K
2143,52,54933,14,0,0,40,<=50K
2144,34,209317,9,0,0,40,<=50K
2145,25,282631,9,0,0,40,<=50K
2146,18,98044,7,0,0,40,<=50K
2147,58,187487,9,0,0,40,<=50K
2148,31,60186,13,0,0,40,<=50K
2149,29,75648,10,0,0,55,<=50K
2150,28,201175,7,0,0,40,<=50K
2151,30,19302,10,0,0,48,<=50K
2152,21,300812,10,0,0,30,<=50K
2154,75,101887,6,0,0,70,<=50K
2155,66,117778,7,0,0,40,<=50K
2156,26,60726,10,0,0,40,<=50K
2161,21,60639,10,0,0,37,<=50K
2162,17,195262,7,0,0,17,<=50K
2163,61,113544,13,0,0,55,<=50K
2165,22,100587,10,0,0,15,<=50K
2166,47,298130,9,0,0,40,<=50K
2168,32,197867,11,0,0,50,<=50K
2169,59,151977,6,0,0,30,<=50K
2170,38,277347,9,0,0,50,<=50K
2171,33,125249,9,0,0,40,<=50K
2172,41,222142,9,0,0,40,<=50K
2173,51,270194,5,0,0,40,<=50K
2174,42,169995,9,0,0,48,<=50K
2176,60,123992,10,0,0,45,<=50K
2177,64,266080,9,0,0,35,<=50K
2183,35,207568,4,0,0,75,<=50K
2185,46,187581,9,0,0,40,<=50K
2186,47,77102,14,0,0,40,<=50K
2187,24,353010,13,0,0,65,<=50K
2188,29,54131,10,0,0,30,<=50K
2189,74,39890,10,0,0,18,<=50K
2191,22,355686,10,0,0,40,<=50K
2192,48,300168,8,0,0,40,<=50K
2193,30,488720,5,0,0,40,<=50K
2194,32,157287,13,0,0,40,<=50K
2195,39,184659,9,0,0,40,<=50K
2197,25,192149,13,0,0,40,<=50K
2199,44,373050,9,0,0,40,<=50K
2200,65,90377,11,6767,0,60,<=50K
2201,28,183151,12,0,0,60,<=50K
2202,55,227158,13,0,0,40,<=50K
2203,49,34021,13,0,0,50,<=50K
2204,31,165148,9,0,0,12,<=50K
2207,35,47707,9,0,0,40,<=50K
2208,34,306982,13,0,0,60,<=50K
2209,49,52590,9,0,0,40,<=50K
2210,39,179352,10,0,0,35,<=50K
2211,27,158156,9,0,0,42,<=50K
2212,42,70055,9,0,0,40,<=50K
2214,64,177825,9,1055,0,40,<=50K
2216,23,175183,10,0,0,40,<=50K
2218,34,221324,9,0,0,40,<=50K
2219,53,227602,9,0,0,37,<=50K
2220,22,228452,6,0,0,30,<=50K
2221,57,39380,9,0,0,35,<=50K
2222,20,96862,10,0,0,8,<=50K
2223,23,336360,4,0,0,40,<=50K
2224,31,257644,7,0,0,40,<=50K
2225,23,235853,13,0,0,22,<=50K
2226,30,270577,9,0,0,40,<=50K
2229,51,224763,4,0,0,40,<=50K
2231,36,127306,13,0,0,40,<=50K
2232,45,339506,9,0,0,40,<=50K
2234,33,189843,4,0,0,40,<=50K
2235,43,160815,11,0,0,40,<=50K
2238,35,170263,10,0,0,40,<=50K
2239,36,184659,10,0,0,52,<=50K
2241,54,101017,4,0,0,40,<=50K
2244,63,217994,10,0,0,40,<=50K
2246,58,164065,14,0,0,18,<=50K
2247,64,78866,9,0,0,40,<=50K
2248,20,236769,10,0,0,40,<=50K
2250,39,34028,13,0,0,48,<=50K
2251,45,207847,10,0,0,40,<=50K
2253,22,218445,10,0,0,40,<=50K
2255,26,156976,11,0,0,40,<=50K
2256,42,220647,13,0,0,45,<=50K
2257,20,218343,9,0,0,25,<=50K
2259,38,123983,13,0,1741,40,<=50K
2260,25,73289,9,0,0,40,<=50K
2261,27,408623,13,0,0,50,<=50K
2262,46,169180,11,0,0,40,<=50K
2263,31,54929,10,0,0,60,<=50K
2264,24,306779,11,0,0,35,<=50K
2266,23,482082,8,0,0,21,<=50K
2267,32,286101,9,0,0,37,<=50K
2268,44,167955,9,0,0,40,<=50K
2269,40,209040,13,0,0,40,<=50K
2270,38,105017,9,0,0,40,<=50K
2271,23,27776,11,0,0,40,<=50K
2272,19,242941,10,0,1602,10,<=50K
2273,41,118853,10,0,0,40,<=50K
2274,48,119565,9,0,0,40,<=50K
2275,23,196827,10,0,1902,40,<=50K
2276,47,275361,12,0,0,35,<=50K
2277,42,225193,9,0,0,40,<=50K
2278,17,329783,6,0,0,10,<=50K
2279,29,107411,15,0,0,70,<=50K
2280,21,258490,10,0,0,20,<=50K
2281,18,120243,7,0,0,27,<=50K
2283,27,29174,13,0,0,40,<=50K
2284,29,40083,16,0,0,40,<=50K
2285,23,87528,13,0,0,45,<=50K
2288,34,268051,10,0,0,25,<=50K
2289,42,121718,9,0,0,24,<=50K
2290,18,201901,9,0,1719,15,<=50K
2291,46,109089,9,0,0,37,<=50K
2292,18,346382,7,0,0,15,<=50K
2294,56,143030,9,0,0,40,<=50K
2295,21,212619,11,0,0,40,<=50K
2296,22,199011,9,0,0,20,<=50K
2297,31,118901,13,0,0,45,<=50K
2298,41,129865,9,0,0,60,<=50K
2299,25,157900,10,0,0,40,<=50K
2300,43,349341,13,0,0,60,<=50K
2301,45,158685,9,0,0,40,<=50K
2302,26,386585,10,0,0,60,<=50K
2303,90,52386,10,0,0,35,<=50K
2306,42,37869,10,0,0,40,<=50K
2307,20,217807,10,0,0,35,<=50K
2309,64,201293,9,0,0,38,<=50K
2310,56,128764,4,0,0,20,<=50K
2313,31,151726,12,0,0,40,<=50K
2314,40,29841,13,0,0,40,<=50K
2315,58,131608,10,0,0,40,<=50K
2316,41,110562,13,0,0,40,<=50K
2317,58,190541,9,0,0,47,<=50K
2320,40,234633,10,0,0,40,<=50K
2322,22,460835,9,0,0,55,<=50K
2323,23,243190,10,0,0,20,<=50K
2326,37,200863,10,0,0,40,<=50K
2327,25,41107,13,0,0,40,<=50K
2328,56,77415,7,0,0,50,<=50K
2329,32,236770,10,0,0,50,<=50K
2331,32,235124,11,0,0,40,<=50K
2333,35,199288,7,0,0,90,<=50K
2335,19,43285,10,0,0,20,<=50K
2336,41,160837,7,0,0,40,<=50K
2337,22,230574,6,0,0,25,<=50K
2338,23,176178,9,0,0,40,<=50K
2340,27,253873,10,0,0,25,<=50K
2341,45,107787,11,0,0,40,<=50K
2342,23,519627,9,0,0,25,<=50K
2343,21,191460,7,0,0,40,<=50K
2346,36,64875,11,0,0,60,<=50K
2347,18,675421,5,594,0,40,<=50K
2349,25,207342,10,0,0,40,<=50K
2350,34,64830,12,0,0,45,<=50K
2353,33,176711,13,0,0,40,<=50K
2354,22,217421,10,0,0,30,<=50K
2355,28,111900,12,0,0,30,<=50K
2356,22,196943,10,0,0,25,<=50K
2358,67,184506,7,0,419,3,<=50K
2359,20,121313,6,0,0,40,<=50K
2360,34,158420,13,0,0,70,<=50K
2363,28,42734,9,0,0,40,<=50K
2364,22,181773,9,0,0,40,<=50K
2365,47,184945,10,0,0,35,<=50K
2366,33,107248,11,0,0,45,<=50K
2368,25,122999,9,0,0,40,<=50K
2369,37,758700,5,3781,0,50,<=50K
2370,36,166606,9,0,0,40,<=50K
2371,61,192060,13,0,0,30,<=50K
2372,74,340939,5,3471,0,40,<=50K
2373,57,205708,10,0,0,40,<=50K
2374,55,67450,16,0,0,40,<=50K
2375,20,242077,9,0,0,40,<=50K
2376,43,129573,9,0,0,44,<=50K
2378,25,212302,10,0,0,40,<=50K
2379,42,83411,10,0,1408,40,<=50K
2380,23,148751,10,0,0,35,<=50K
2381,17,317681,7,0,0,10,<=50K
2382,39,103986,9,0,1590,40,<=50K
2383,63,30602,4,0,0,40,<=50K
2384,19,172893,10,0,0,30,<=50K
2387,37,65390,13,0,0,50,<=50K
2388,27,200500,4,0,0,45,<=50K
2389,36,241962,13,0,0,40,<=50K
2391,22,189950,13,0,0,55,<=50K
2392,35,111387,10,0,1579,40,<=50K
2393,20,241951,9,0,0,45,<=50K
2394,18,343059,10,0,0,40,<=50K
2395,25,302465,8,0,1741,40,<=50K
2397,21,79728,10,0,0,40,<=50K
2398,19,55284,9,0,0,35,<=50K
2399,34,509364,9,0,0,30,<=50K
2400,32,117927,10,0,0,40,<=50K
2401,20,137651,10,0,0,40,<=50K
2402,70,131060,4,0,0,25,<=50K
2404,54,183611,10,3137,0,50,<=50K
2405,34,134737,11,0,0,40,<=50K
2407,42,250121,7,0,0,40,<=50K
2408,45,330535,9,3325,0,40,<=50K
2409,27,387776,10,0,0,40,<=50K
2410,51,41474,6,0,0,40,<=50K
2411,36,318972,10,0,0,65,<=50K
2412,33,86143,10,0,0,40,<=50K
2413,50,181139,10,0,0,40,<=50K
2416,55,59469,5,0,0,25,<=50K
2417,24,127139,10,0,0,40,<=50K
2418,35,136343,9,0,0,40,<=50K
2419,32,350624,8,0,0,40,<=50K
2421,68,166149,9,0,2206,30,<=50K
2422,29,121523,7,0,0,60,<=50K
2423,24,267396,13,0,0,40,<=50K
2424,61,83045,5,0,0,40,<=50K
2427,20,287681,10,0,0,36,<=50K
2428,41,154194,9,0,0,40,<=50K
2429,36,295127,9,0,0,84,<=50K
2432,35,356250,15,0,0,35,<=50K
2434,26,44308,13,0,0,40,<=50K
2435,44,210527,10,0,0,40,<=50K
2436,31,151763,14,0,0,25,<=50K
2437,39,267581,9,0,0,40,<=50K
2438,20,100188,10,0,0,24,<=50K
2439,32,111746,10,0,0,40,<=50K
2440,32,171091,9,0,0,40,<=50K
2441,61,355645,5,0,0,20,<=50K
2442,54,137678,10,0,0,40,<=50K
2443,23,70894,12,0,0,40,<=50K
2444,19,171306,9,0,0,3,<=50K
2445,31,100997,10,0,0,40,<=50K
2446,35,63921,3,0,0,40,<=50K
2447,29,32897,9,0,0,25,<=50K
2448,29,251854,9,0,0,40,<=50K
2449,25,345121,6,0,0,25,<=50K
2450,46,86220,13,0,0,40,<=50K
2451,35,172845,11,0,0,30,<=50K
2452,20,171398,6,0,0,40,<=50K
2453,24,174391,9,0,0,40,<=50K
2454,48,207058,9,0,0,37,<=50K
2455,37,291251,9,0,0,40,<=50K
2456,60,224377,9,0,0,40,<=50K
2457,39,105813,9,0,0,40,<=50K
2458,29,180916,10,0,0,38,<=50K
2459,31,122749,11,0,0,20,<=50K
2461,26,284343,12,0,0,40,<=50K
2463,46,174224,11,0,0,40,<=50K
2464,69,183958,9,0,0,8,<=50K
2466,48,80651,9,0,0,55,<=50K
2467,46,62793,9,0,0,40,<=50K
2468,42,191712,13,0,1590,40,<=50K
2471,24,311376,13,0,0,40,<=50K
2474,29,125190,9,0,0,40,<=50K
2475,23,342946,7,0,0,38,<=50K
2476,21,219835,11,0,0,40,<=50K
2477,32,123429,6,0,0,40,<=50K
2478,69,69209,13,3818,0,30,<=50K
2479,55,66356,9,0,0,40,<=50K
2480,41,195897,10,0,0,50,<=50K
2482,18,230875,7,0,0,40,<=50K
2483,74,92298,13,0,0,10,<=50K
2485,27,297296,9,0,0,40,<=50K
2486,75,164849,5,1409,0,5,<=50K
2487,55,145214,9,0,0,40,<=50K
2488,52,242341,4,0,0,40,<=50K
2489,54,240542,10,0,0,48,<=50K
2490,36,104772,9,0,0,48,<=50K
2491,76,152802,10,0,0,8,<=50K
2492,26,181666,9,0,0,40,<=50K
2493,18,415520,7,0,0,20,<=50K
2494,38,258761,9,0,0,50,<=50K
2496,19,356717,10,0,0,25,<=50K
2499,20,51816,9,0,0,40,<=50K
2500,27,253814,10,0,0,40,<=50K
2501,31,161745,13,0,1980,60,<=50K
2502,60,162947,3,0,0,40,<=50K
2503,52,163027,9,0,0,50,<=50K
2504,61,146788,4,0,0,40,<=50K
2506,19,143867,10,0,0,40,<=50K
2507,59,104216,15,0,0,25,<=50K
2510,42,209392,9,0,0,35,<=50K
2511,70,262345,10,0,0,6,<=50K
2513,47,174525,9,3942,0,40,<=50K
2515,27,211570,7,0,0,40,<=50K
2516,25,374918,8,0,0,40,<=50K
2518,28,173649,9,0,0,40,<=50K
2519,35,174597,13,0,0,40,<=50K
2521,54,169785,14,0,0,40,<=50K
2522,46,133169,11,0,0,40,<=50K
2523,52,198824,11,0,0,35,<=50K
2524,65,174056,4,0,0,40,<=50K
2525,43,188696,11,0,0,40,<=50K
2526,41,90692,9,0,0,40,<=50K
2527,34,271933,13,0,1741,45,<=50K
2528,47,102359,13,0,0,30,<=50K
2530,21,294789,10,0,0,25,<=50K
2531,20,157599,10,0,0,25,<=50K
2532,18,134935,8,0,0,40,<=50K
2533,27,466224,10,0,0,40,<=50K
2534,34,111985,9,0,0,50,<=50K
2535,38,264627,10,0,0,40,<=50K
2536,24,213427,9,0,0,40,<=50K
2537,34,279015,10,0,0,65,<=50K
2539,27,188343,9,0,0,40,<=50K
2540,63,158609,11,0,0,8,<=50K
2542,25,198632,10,0,0,50,<=50K
2543,54,175912,9,914,0,40,<=50K
2544,19,192773,10,0,0,35,<=50K
2545,35,101387,9,0,0,50,<=50K
2547,26,183224,10,0,0,35,<=50K
2548,59,100776,11,0,0,40,<=50K
2549,43,57600,16,0,0,40,<=50K
2550,20,174063,10,0,0,40,<=50K
2551,41,306495,9,0,0,40,<=50K
2552,51,249741,10,0,0,40,<=50K
2553,27,93021,9,0,0,40,<=50K
2554,36,49626,9,0,0,40,<=50K
2555,25,63062,10,0,0,60,<=50K
2557,22,123727,10,0,0,21,<=50K
2558,58,110517,16,4064,0,40,<=50K
2559,43,149670,10,4064,0,15,<=50K
2561,40,216116,5,0,0,40,<=50K
2562,46,174209,9,0,0,45,<=50K
2563,54,175083,9,0,0,20,<=50K
2564,19,129059,10,0,0,30,<=50K
2565,24,121313,9,0,0,40,<=50K
2566,53,181317,9,0,0,40,<=50K
2567,24,166851,14,0,0,13,<=50K
2568,29,29616,9,0,0,65,<=50K
2571,21,148509,10,0,0,30,<=50K
2572,34,230246,5,0,0,40,<=50K
2573,56,117881,7,0,0,40,<=50K
2575,19,446219,6,0,0,40,<=50K
2577,48,207946,9,0,0,52,<=50K
2579,47,188330,9,0,0,25,<=50K
2581,40,153799,2,0,0,40,<=50K
2582,28,203776,6,0,0,50,<=50K
2584,57,348430,2,0,0,40,<=50K
2585,51,103407,9,0,0,40,<=50K
2586,26,152046,7,0,0,35,<=50K
2587,36,153205,13,0,0,45,<=50K
2590,50,221336,9,0,0,40,<=50K
2591,33,180656,10,0,0,40,<=50K
2592,77,145329,9,401,0,20,<=50K
2594,67,150516,9,0,0,3,<=50K
2595,35,325802,12,0,0,24,<=50K
2596,23,133985,6,0,0,40,<=50K
2600,32,195891,13,0,0,55,<=50K
2601,56,162137,9,0,0,40,<=50K
2602,45,37672,11,0,0,40,<=50K
2604,18,80616,6,0,0,27,<=50K
2605,31,209276,9,0,0,40,<=50K
2606,21,34443,10,0,0,50,<=50K
2608,23,203240,10,0,0,40,<=50K
2609,45,102308,10,0,0,40,<=50K
2610,18,40829,7,0,0,25,<=50K
2611,25,60726,9,0,0,30,<=50K
2612,31,116677,9,0,0,40,<=50K
2613,19,57067,9,0,0,45,<=50K
2615,74,101590,15,0,0,20,<=50K
2616,27,258102,3,0,0,40,<=50K
2617,23,241185,9,0,0,40,<=50K
2619,40,76625,9,0,0,40,<=50K
2621,25,135645,14,0,0,20,<=50K
2622,42,245626,9,0,0,60,<=50K
2623,24,210781,13,0,0,40,<=50K
2625,45,160167,6,0,0,70,<=50K
2627,34,314375,11,0,0,40,<=50K
2628,32,81528,9,0,0,60,<=50K
2629,54,182854,9,0,0,45,<=50K
2630,42,296798,7,0,1340,40,<=50K
2632,40,70645,10,0,0,20,<=50K
2634,66,112871,7,0,0,30,<=50K
2635,52,71344,14,0,0,40,<=50K
2636,21,341410,10,0,0,15,<=50K
2639,28,128509,3,0,0,40,<=50K
2640,27,229125,7,0,0,40,<=50K
2641,42,142756,13,0,0,50,<=50K
2642,27,243871,10,0,0,45,<=50K
2644,19,196857,9,0,0,40,<=50K
2645,46,138626,10,0,0,40,<=50K
2646,55,161334,9,0,0,25,<=50K
2647,50,273536,4,0,0,49,<=50K
2648,32,115631,10,4101,0,50,<=50K
2649,28,185957,9,0,0,40,<=50K
2650,23,334357,9,0,0,40,<=50K
2651,43,96102,14,0,0,50,<=50K
2653,19,115248,10,0,0,40,<=50K
2654,37,185061,10,0,0,55,<=50K
2655,27,147638,13,0,0,40,<=50K
2656,18,280298,9,0,0,24,<=50K
2657,31,163516,10,0,0,40,<=50K
2658,49,277434,9,0,0,50,<=50K
2659,26,206983,15,0,0,60,<=50K
2661,39,288551,9,0,0,40,<=50K
2662,41,176069,9,0,0,40,<=50K
2666,20,118462,9,0,0,43,<=50K
2667,38,407068,3,0,0,75,<=50K
2668,37,243587,10,0,0,40,<=50K
2671,43,188291,2,0,0,40,<=50K
2672,38,284166,15,0,0,50,<=50K
2673,18,423460,7,0,0,36,<=50K
2674,23,287681,4,0,0,25,<=50K
2675,34,509364,9,0,0,40,<=50K
2676,62,139391,10,0,0,24,<=50K
2677,33,91964,10,0,0,40,<=50K
2678,31,117526,10,0,0,45,<=50K
2679,64,91343,10,0,0,40,<=50K
2680,26,336969,13,0,0,28,<=50K
2681,55,255364,10,0,0,40,<=50K
2682,61,167670,13,0,0,40,<=50K
2684,78,136198,13,0,0,15,<=50K
2685,27,409815,10,0,0,40,<=50K
2686,49,188823,9,0,0,42,<=50K
2688,42,154374,13,0,0,58,<=50K
2689,22,216563,9,0,0,40,<=50K
2690,61,197286,5,0,0,40,<=50K
2691,64,100722,13,0,0,5,<=50K
2692,46,377622,9,0,0,40,<=50K
2693,24,145964,13,0,0,40,<=50K
2694,27,358636,10,2829,0,70,<=50K
2696,18,57413,10,0,0,15,<=50K
2697,48,320421,9,0,0,50,<=50K
2698,50,174752,9,0,0,40,<=50K
2699,40,229364,14,0,0,45,<=50K
2700,56,157486,6,0,0,40,<=50K
2701,34,92682,9,4865,0,40,<=50K
2702,56,101338,13,0,0,40,<=50K
2703,18,132652,7,0,0,20,<=50K
2704,21,34616,10,0,0,25,<=50K
2705,40,218903,9,0,0,40,<=50K
2706,27,204098,9,0,0,50,<=50K
2708,46,189763,9,0,0,30,<=50K
2709,23,26248,9,0,0,40,<=50K
2711,19,280071,10,0,0,50,<=50K
2712,20,224059,9,0,0,40,<=50K
2714,24,265567,7,0,0,35,<=50K
2715,72,106890,11,0,0,40,<=50K
2717,42,153132,13,0,0,45,<=50K
2718,51,209912,13,0,0,50,<=50K
2720,40,50442,10,2977,0,35,<=50K
2722,19,275889,7,0,0,40,<=50K
2723,26,231638,9,0,0,40,<=50K
2727,32,185410,9,0,0,40,<=50K
2728,19,87653,10,0,0,25,<=50K
2729,21,286853,9,0,0,35,<=50K
2730,54,96710,9,0,0,20,<=50K
2732,25,186925,10,2597,0,48,<=50K
2733,49,109705,10,0,0,32,<=50K
2735,26,225279,10,0,1602,40,<=50K
2737,58,205896,9,0,0,40,<=50K
2739,41,194710,9,0,0,40,<=50K
2741,47,189123,9,0,0,40,<=50K
2742,42,358677,9,0,0,35,<=50K
2743,30,199539,9,0,1902,40,<=50K
2745,34,231238,9,0,0,40,<=50K
2746,57,296152,10,594,0,10,<=50K
2747,46,166003,7,0,0,40,<=50K
2748,32,281437,10,0,0,55,<=50K
2749,20,190231,5,0,0,11,<=50K
2750,47,122026,11,0,0,50,<=50K
2751,55,205527,9,0,0,20,<=50K
2754,80,184335,4,0,0,30,<=50K
2755,24,211345,10,0,0,40,<=50K
2757,22,222993,9,0,0,40,<=50K
2758,40,225978,10,0,0,40,<=50K
2760,56,656036,9,0,0,25,<=50K
2761,34,346762,7,0,0,84,<=50K
2763,24,306515,9,0,0,40,<=50K
2764,19,116562,9,0,0,40,<=50K
2765,34,171159,10,0,0,30,<=50K
2766,24,199011,9,0,0,40,<=50K
2768,24,29810,9,0,0,38,<=50K
2769,22,238831,10,0,0,40,<=50K
2770,32,566117,10,0,0,40,<=50K
2771,41,255044,13,0,0,55,<=50K
2772,20,436253,10,0,0,35,<=50K
2773,31,300687,9,0,0,40,<=50K
2776,26,188767,13,0,0,40,<=50K
2777,27,300777,9,0,0,70,<=50K
2778,35,26987,9,0,0,40,<=50K
2779,40,174395,9,0,0,60,<=50K
2780,59,90290,10,0,0,34,<=50K
2782,31,123273,9,0,0,40,<=50K
2784,61,43554,3,0,2339,40,<=50K
2785,54,178251,12,0,0,30,<=50K
2786,30,255885,10,0,0,50,<=50K
2787,20,64292,10,0,0,50,<=50K
2788,27,194773,14,0,0,50,<=50K
2789,44,133060,10,0,0,60,<=50K
2790,64,258006,10,0,0,40,<=50K
2791,55,92215,9,0,0,40,<=50K
2792,34,33945,9,6849,0,55,<=50K
2793,61,153048,9,0,0,35,<=50K
2794,28,192200,13,0,0,40,<=50K
2795,34,355571,9,0,0,40,<=50K
2797,26,34402,13,0,0,45,<=50K
2798,35,25955,7,0,0,40,<=50K
2799,36,209609,13,0,0,38,<=50K
2801,17,295488,7,0,0,25,<=50K
2802,35,190895,10,0,0,60,<=50K
2803,33,164190,14,0,0,20,<=50K
2804,25,216010,12,0,0,40,<=50K
2805,18,387568,6,0,0,10,<=50K
2806,47,188386,14,0,0,38,<=50K
2807,44,174491,9,0,0,30,<=50K
2808,41,31221,9,0,0,30,<=50K
2809,30,272451,13,0,0,40,<=50K
2810,53,152652,10,0,0,50,<=50K
2811,53,104413,9,0,0,20,<=50K
2812,40,105936,9,5013,0,20,<=50K
2813,24,379066,10,0,2205,24,<=50K
2814,27,214858,13,0,0,40,<=50K
2815,50,237735,3,0,0,37,<=50K
2816,36,158592,7,0,0,50,<=50K
2818,41,23646,14,0,0,40,<=50K
2819,31,169240,9,0,0,40,<=50K
2820,32,454508,13,0,0,40,<=50K
2821,22,130356,10,0,0,48,<=50K
2822,22,427686,6,0,0,40,<=50K
2823,18,36411,8,0,0,30,<=50K
2824,39,548510,13,0,0,30,<=50K
2825,38,187264,9,0,0,55,<=50K
2826,35,140752,9,0,0,40,<=50K
2827,23,325596,10,0,0,40,<=50K
2830,63,41161,9,0,0,55,<=50K
2831,39,401832,10,0,0,48,<=50K
2834,29,161478,13,0,0,40,<=50K
2835,17,400225,7,0,0,20,<=50K
2836,40,367533,9,0,0,40,<=50K
2837,69,69306,10,0,0,15,<=50K
2838,28,270366,6,0,0,40,<=50K
2839,38,103751,5,0,0,40,<=50K
2841,45,132563,15,0,1726,40,<=50K
2842,33,79580,13,0,0,40,<=50K
2846,48,75104,13,0,0,50,<=50K
2847,26,188343,9,0,0,40,<=50K
2849,21,85088,10,0,0,37,<=50K
2850,37,545483,12,0,0,40,<=50K
2851,20,243986,10,0,0,20,<=50K
2852,54,32778,9,0,0,30,<=50K
2853,28,369114,9,0,0,40,<=50K
2854,27,217200,10,0,0,40,<=50K
2855,33,149220,11,0,0,40,<=50K
2856,46,162034,9,0,0,40,<=50K
2857,28,157813,7,0,0,58,<=50K
2858,17,179715,6,0,0,40,<=50K
2861,44,367749,2,0,0,40,<=50K
2862,25,98281,8,0,0,43,<=50K
2863,35,115792,13,0,0,55,<=50K
2864,29,277788,10,0,0,25,<=50K
2865,30,103435,9,0,0,40,<=50K
2866,30,37646,10,0,0,40,<=50K
2867,56,385632,4,0,0,40,<=50K
2868,25,210278,13,0,0,30,<=50K
2869,28,335357,9,0,0,40,<=50K
2870,43,272165,5,0,0,40,<=50K
2872,46,113434,13,0,0,40,<=50K
2873,41,132551,14,0,0,35,<=50K
2875,29,227890,9,0,0,40,<=50K
2876,25,503012,3,0,0,40,<=50K
2877,56,250873,7,0,0,45,<=50K
2878,31,407930,4,0,0,40,<=50K
2879,22,148187,7,0,0,40,<=50K
2880,31,159322,9,0,0,40,<=50K
2881,28,334368,10,0,0,40,<=50K
2882,53,196328,13,0,0,40,<=50K
2884,71,235079,1,0,0,10,<=50K
2885,65,327154,9,0,0,40,<=50K
2887,19,30559,9,0,0,40,<=50K
2888,34,255098,13,0,0,40,<=50K
2889,36,248010,9,0,0,45,<=50K
2890,40,174515,9,0,0,40,<=50K
2891,90,171956,10,0,0,40,<=50K
2892,56,193130,15,0,0,16,<=50K
2893,21,108670,9,0,0,40,<=50K
2895,45,348854,10,0,0,27,<=50K
2897,64,148606,6,0,0,35,<=50K
2898,29,123983,14,0,0,40,<=50K
2899,22,24896,9,0,0,30,<=50K
2902,43,307767,9,0,0,40,<=50K
2903,42,200574,10,0,0,40,<=50K
2904,31,59083,10,0,1672,50,<=50K
2905,53,358056,7,0,0,40,<=50K
2906,81,114670,5,2062,0,5,<=50K
2907,33,262042,9,0,1138,40,<=50K
2908,17,206010,8,0,0,8,<=50K
2910,28,159001,9,0,0,30,<=50K
2911,24,155818,10,0,0,40,<=50K
2912,40,96055,9,0,0,45,<=50K
2913,30,131776,14,0,0,40,<=50K
2914,24,228613,7,0,0,40,<=50K
2915,26,198163,14,0,0,40,<=50K
2916,38,37028,10,0,0,38,<=50K
2918,33,144064,13,0,0,50,<=50K
2920,63,26904,9,0,0,98,<=50K
2921,23,238917,4,0,0,36,<=50K
2922,56,170148,9,0,0,40,<=50K
2923,42,27821,11,0,0,60,<=50K
2924,40,220460,9,0,0,40,<=50K
2926,35,173858,9,0,0,40,<=50K
2927,52,91048,9,0,0,35,<=50K
2928,28,298696,13,0,0,40,<=50K
2929,35,207202,6,0,0,70,<=50K
2930,21,230397,10,0,0,5,<=50K
2931,43,180599,9,0,0,35,<=50K
2932,32,199046,11,0,0,2,<=50K
2934,23,240063,13,0,0,25,<=50K
2935,50,177705,10,0,1740,48,<=50K
2936,34,511361,10,0,0,40,<=50K
2937,19,89397,9,0,0,40,<=50K
2938,47,239439,7,0,0,40,<=50K
2939,37,36989,10,0,0,40,<=50K
2940,25,76978,9,0,0,35,<=50K
2942,24,454941,9,0,0,40,<=50K
2943,28,107218,13,0,0,20,<=50K
2944,17,182070,7,0,0,16,<=50K
2945,31,176360,9,0,0,40,<=50K
2946,31,452405,1,0,0,35,<=50K
2947,18,297396,9,0,0,10,<=50K
2949,31,186787,9,0,0,42,<=50K
2951,48,125933,10,0,1669,38,<=50K
2952,22,35448,9,0,0,22,<=50K
2953,34,225548,13,0,0,30,<=50K
2954,26,240842,9,0,0,40,<=50K
2955,53,103931,10,0,0,40,<=50K
2957,49,288548,14,0,0,50,<=50K
2958,40,220609,10,0,0,40,<=50K
2959,48,26145,6,0,0,80,<=50K
2960,23,268525,13,0,0,50,<=50K
2961,68,133758,4,0,0,10,<=50K
2963,37,29814,9,0,0,85,<=50K
2964,27,193701,9,0,0,45,<=50K
2966,27,163942,9,0,0,35,<=50K
2967,75,188612,9,0,0,40,<=50K
2969,27,85625,10,0,0,20,<=50K
2970,36,245090,13,0,0,50,<=50K
2972,35,182074,9,0,0,35,<=50K
2974,53,90624,7,0,0,40,<=50K
2975,27,37933,10,0,0,40,<=50K
2976,34,182177,9,3325,0,35,<=50K
2978,29,190562,9,0,0,56,<=50K
2979,40,141583,10,0,0,35,<=50K
2981,22,201729,5,0,0,30,<=50K
2982,43,175485,10,0,0,40,<=50K
2983,55,149168,9,0,0,30,<=50K
2984,28,115971,10,0,0,40,<=50K
2985,23,161708,13,0,0,30,<=50K
2987,46,155664,10,0,0,40,<=50K
2988,29,112754,10,0,0,40,<=50K
2989,44,178385,14,0,0,48,<=50K
2990,20,44064,10,0,0,25,<=50K
2991,62,120939,10,0,0,40,<=50K
2992,49,165134,11,0,0,35,<=50K
2993,29,100405,6,0,0,40,<=50K
2994,35,361888,13,0,0,60,<=50K
2995,39,167864,7,0,0,30,<=50K
2996,39,202950,13,0,0,45,<=50K
2997,37,218188,9,0,0,32,<=50K
2998,38,234962,9,2829,0,30,<=50K
2999,72,177226,9,0,0,8,<=50K
3000,31,259931,4,0,0,40,<=50K
3001,55,189528,4,0,0,60,<=50K
3002,38,34996,10,0,0,40,<=50K
3003,33,112584,10,0,0,25,<=50K
3004,25,117589,12,0,0,40,<=50K
3005,19,145234,10,0,0,30,<=50K
3006,37,267086,11,0,0,52,<=50K
3007,49,44434,10,0,0,35,<=50K
3008,26,96130,9,0,0,40,<=50K
3009,35,181382,9,0,0,43,<=50K
3010,44,168845,9,0,0,60,<=50K
3015,35,185848,9,4650,0,50,<=50K
3016,40,184378,13,0,0,40,<=50K
3018,21,231866,9,0,0,65,<=50K
3019,49,36032,10,0,0,40,<=50K
3023,38,53930,6,0,0,40,<=50K
3024,24,85088,9,0,1762,32,<=50K
3025,45,94962,9,0,0,40,<=50K
3026,28,480861,9,0,0,45,<=50K
3028,22,52262,10,0,0,40,<=50K
3029,28,52636,14,0,0,40,<=50K
3030,60,175273,9,0,0,40,<=50K
3031,31,327825,9,0,2238,40,<=50K
3033,40,78255,9,0,0,25,<=50K
3034,30,398827,9,0,0,60,<=50K
3036,71,365996,13,0,0,6,<=50K
3037,42,307638,9,0,0,40,<=50K
3038,44,33068,8,0,0,55,<=50K
3041,27,28848,13,0,0,9,<=50K
3042,40,273425,11,0,0,15,<=50K
3043,21,194723,10,0,0,40,<=50K
3044,25,195118,9,0,0,35,<=50K
3045,61,123273,3,0,1876,56,<=50K
3046,54,220115,10,0,0,30,<=50K
3047,31,265706,13,0,0,40,<=50K
3048,53,279129,10,0,0,30,<=50K
3051,48,119199,13,0,0,44,<=50K
3053,35,237943,9,0,0,60,<=50K
3054,42,64632,9,0,0,50,<=50K
3055,34,96245,9,0,0,40,<=50K
3057,69,122850,6,0,0,20,<=50K
3058,29,173652,10,0,0,40,<=50K
3059,40,164663,9,0,0,40,<=50K
3060,21,98678,10,0,0,15,<=50K
3061,40,245529,12,0,0,40,<=50K
3062,43,55294,10,0,0,40,<=50K
3063,36,140583,9,0,0,40,<=50K
3065,72,113044,9,0,0,30,<=50K
3066,20,283499,10,0,0,30,<=50K
3067,41,51111,13,0,0,40,<=50K
3068,34,232475,10,0,0,50,<=50K
3069,48,176140,7,0,0,40,<=50K
3070,27,301654,9,0,0,40,<=50K
3072,28,192569,9,0,0,40,<=50K
3073,27,229803,9,0,0,40,<=50K
3074,20,337639,10,0,0,40,<=50K
3075,18,130849,10,0,0,15,<=50K
3076,32,296282,13,0,0,40,<=50K
3078,23,110128,10,0,0,40,<=50K
3081,35,144322,9,0,0,40,<=50K
3082,74,162340,10,0,0,40,<=50K
3083,28,169069,9,0,0,40,<=50K
3084,23,113601,10,0,0,30,<=50K
3085,20,157145,10,0,2258,10,<=50K
3086,44,111275,9,0,0,56,<=50K
3087,46,102076,9,0,0,25,<=50K
3088,20,182117,10,0,0,40,<=50K
3090,40,190122,10,0,0,40,<=50K
3092,60,170114,5,0,1672,84,<=50K
3094,46,267588,13,0,0,70,<=50K
3096,22,175586,9,0,0,35,<=50K
3097,24,322658,13,0,0,40,<=50K
3098,45,263982,10,0,0,40,<=50K
3099,18,266287,8,0,0,35,<=50K
3100,39,278187,9,0,0,40,<=50K
3101,65,81413,9,0,2352,65,<=50K
3102,22,221745,10,0,0,40,<=50K
3103,20,140764,10,0,0,20,<=50K
3104,28,206351,10,0,0,40,<=50K
3109,18,179203,10,0,0,20,<=50K
3110,24,44075,13,0,0,40,<=50K
3112,24,219754,9,0,0,40,<=50K
3114,20,168165,10,0,0,30,<=50K
3115,35,356838,10,2829,0,55,<=50K
3116,52,210736,13,0,0,60,<=50K
3117,25,173212,12,2354,0,45,<=50K
3118,19,130431,3,0,0,36,<=50K
3119,35,169809,13,0,0,20,<=50K
3120,54,197481,10,0,0,40,<=50K
3121,21,155066,10,0,0,40,<=50K
3123,42,54102,11,0,0,40,<=50K
3124,19,181546,10,0,0,40,<=50K
3126,44,351228,9,0,0,40,<=50K
3127,25,131976,13,0,0,55,<=50K
3128,26,200639,10,0,0,40,<=50K
3130,41,179875,7,0,0,40,<=50K
3131,25,237865,10,0,0,40,<=50K
3132,43,300528,10,0,0,40,<=50K
3135,60,191188,9,0,0,40,<=50K
3136,45,32172,10,0,0,50,<=50K
3138,37,334314,9,0,0,40,<=50K
3139,22,83704,10,0,0,30,<=50K
3141,27,203776,9,0,0,50,<=50K
3142,47,328610,9,0,0,40,<=50K
3145,41,247752,9,0,0,40,<=50K
3146,32,199244,6,0,0,40,<=50K
3147,26,139992,13,0,0,40,<=50K
3148,47,95680,10,0,0,40,<=50K
3149,55,189933,9,0,0,45,<=50K
3150,38,498785,9,0,0,40,<=50K
3151,24,177526,13,0,0,15,<=50K
3157,21,305874,10,0,0,40,<=50K
3158,59,62020,9,0,0,40,<=50K
3160,43,247514,14,0,0,40,<=50K
3161,21,275726,9,0,0,40,<=50K
3162,45,72896,9,0,0,40,<=50K
3165,27,200641,6,0,0,40,<=50K
3169,41,179533,9,0,0,35,<=50K
3170,22,334693,10,0,0,40,<=50K
3171,43,198096,14,0,0,60,<=50K
3172,41,355756,10,0,0,40,<=50K
3173,27,19395,10,0,0,35,<=50K
3174,41,242586,10,0,0,40,<=50K
3177,20,227943,9,0,0,45,<=50K
3178,58,197665,9,0,0,45,<=50K
3179,35,216129,8,0,0,40,<=50K
3181,21,57211,9,0,0,40,<=50K
3182,29,100219,12,0,0,45,<=50K
3183,40,291192,9,0,0,40,<=50K
3186,35,261382,13,0,0,50,<=50K
3187,40,170230,13,0,0,40,<=50K
3188,59,374924,9,0,0,40,<=50K
3189,43,320984,10,0,0,50,<=50K
3191,51,135190,4,0,0,30,<=50K
3192,71,157909,10,2964,0,60,<=50K
3193,33,637222,8,0,0,40,<=50K
3194,28,430084,9,0,0,35,<=50K
3195,30,125279,9,0,0,40,<=50K
3196,20,221955,3,0,0,40,<=50K
3197,51,180195,9,0,0,50,<=50K
3200,37,325538,9,0,0,60,<=50K
3201,28,142264,5,0,0,50,<=50K
3202,23,128604,9,0,0,48,<=50K
3203,39,277886,13,0,0,30,<=50K
3205,31,169269,4,0,0,40,<=50K
3207,23,123983,13,0,0,40,<=50K
3208,47,297884,6,0,0,40,<=50K
3209,59,99131,9,0,0,18,<=50K
3210,32,44392,12,0,0,40,<=50K
3211,82,29441,4,0,0,5,<=50K
3213,74,181508,9,0,0,17,<=50K
3214,22,190625,10,0,0,35,<=50K
3215,32,194740,10,0,0,55,<=50K
3219,59,283005,7,0,0,40,<=50K
3221,53,135102,9,0,2002,45,<=50K
3222,25,113436,10,0,0,35,<=50K
3223,44,248973,13,0,0,65,<=50K
3226,58,310085,6,0,0,40,<=50K
3227,39,129597,13,3464,0,40,<=50K
3228,32,53042,9,0,0,40,<=50K
3229,45,204205,4,0,0,48,<=50K
3231,52,134447,10,0,0,50,<=50K
3232,56,236731,2,0,0,25,<=50K
3233,52,141301,9,0,0,40,<=50K
3234,34,235124,9,0,0,35,<=50K
3235,36,367020,4,0,0,35,<=50K
3236,41,149102,9,0,0,40,<=50K
3237,30,423770,10,0,0,40,<=50K
3238,44,211759,13,0,0,40,<=50K
3239,17,110998,10,0,0,40,<=50K
3240,34,56883,10,0,0,40,<=50K
3241,41,223062,10,0,0,40,<=50K
3242,29,406662,9,0,0,40,<=50K
3243,25,206600,5,0,0,48,<=50K
3244,42,147510,13,0,0,40,<=50K
3246,26,187577,11,0,0,55,<=50K
3248,46,278322,13,0,0,45,<=50K
3250,49,203039,7,0,0,40,<=50K
3251,23,145651,10,0,0,20,<=50K
3253,30,91145,9,0,0,55,<=50K
3255,47,111563,11,0,0,40,<=50K
3257,31,207537,9,0,1669,50,<=50K
3258,19,417657,9,0,0,50,<=50K
3259,45,189890,12,5455,0,38,<=50K
3261,26,108658,9,0,0,40,<=50K
3263,31,222130,10,0,0,43,<=50K
3264,36,164866,12,0,0,50,<=50K
3266,30,186269,13,0,0,40,<=50K
3269,21,224209,9,0,0,30,<=50K
3270,73,123160,6,0,0,10,<=50K
3272,30,123178,6,0,0,50,<=50K
3275,58,241056,10,0,0,46,<=50K
3276,34,220066,14,0,0,50,<=50K
3277,35,180342,9,0,0,40,<=50K
3279,45,183168,13,0,0,40,<=50K
3280,27,386036,10,0,0,48,<=50K
3282,45,28035,10,0,0,50,<=50K
3283,40,282155,9,0,0,25,<=50K
3284,27,192384,15,0,0,40,<=50K
3285,19,383637,9,0,0,20,<=50K
3286,29,457402,3,0,0,25,<=50K
3287,34,80249,10,0,0,72,<=50K
3288,32,159537,12,0,0,40,<=50K
3289,49,240859,7,0,0,40,<=50K
3291,74,29866,4,0,0,2,<=50K
3293,39,68781,9,0,0,40,<=50K
3294,43,220589,9,0,0,40,<=50K
3295,22,51136,10,0,0,60,<=50K
3296,24,54560,9,0,0,45,<=50K
3298,25,201413,10,0,0,40,<=50K
3299,19,40425,10,0,0,28,<=50K
3300,31,189461,12,0,0,41,<=50K
3301,53,200576,7,0,0,40,<=50K
3302,61,92691,9,0,0,3,<=50K
3303,47,664821,13,0,0,40,<=50K
3304,37,175130,9,0,0,45,<=50K
3305,50,391016,13,0,0,30,<=50K
3306,27,249315,10,0,0,44,<=50K
3307,58,111169,9,0,0,40,<=50K
3308,43,334946,9,0,0,40,<=50K
3309,39,352248,12,0,0,40,<=50K
3310,36,173804,10,0,0,35,<=50K
3311,56,155449,13,0,0,50,<=50K
3312,26,73689,9,0,0,55,<=50K
3313,23,227594,13,0,0,38,<=50K
3314,47,161676,7,0,0,40,<=50K
3315,68,75913,8,0,0,30,<=50K
3316,47,242552,10,0,0,40,<=50K
3318,26,159732,10,0,0,60,<=50K
3319,20,131230,9,0,1590,40,<=50K
3320,46,180695,10,0,0,40,<=50K
3322,37,409189,10,0,0,45,<=50K
3323,43,111252,10,0,0,42,<=50K
3324,59,294395,14,0,0,40,<=50K
3325,39,172718,9,0,0,40,<=50K
3326,32,43403,10,0,1590,54,<=50K
3327,63,111963,10,0,0,16,<=50K
3329,59,114032,13,0,0,40,<=50K
3330,36,356838,8,0,0,35,<=50K
3331,26,179633,9,0,0,40,<=50K
3332,34,19847,9,0,0,40,<=50K
3334,26,209942,9,0,0,40,<=50K
3335,53,197492,9,0,0,40,<=50K
3338,79,144533,9,0,0,30,<=50K
3339,31,83446,9,0,0,40,<=50K
3340,24,215443,9,0,0,40,<=50K
3341,57,268252,9,0,0,62,<=50K
3342,40,181015,9,0,0,47,<=50K
3343,41,139916,11,0,2179,84,<=50K
3344,20,195770,10,0,0,26,<=50K
3345,45,125194,7,0,0,40,<=50K
3346,27,58654,11,0,0,40,<=50K
3347,36,252327,3,0,0,40,<=50K
3348,30,116508,9,0,0,40,<=50K
3350,25,374163,9,0,0,40,<=50K
3351,30,96851,10,0,1719,25,<=50K
3352,31,196788,9,0,0,40,<=50K
3354,26,245628,7,0,0,20,<=50K
3355,25,159732,13,0,0,40,<=50K
3356,29,129856,11,0,0,40,<=50K
3357,24,182812,10,3325,0,52,<=50K
3361,21,256356,7,0,0,40,<=50K
3362,29,136277,6,0,0,32,<=50K
3363,36,284616,10,0,0,40,<=50K
3364,20,185554,10,0,0,25,<=50K
3366,39,33487,7,0,0,40,<=50K
3367,36,84306,13,5013,0,50,<=50K
3369,61,149653,9,0,0,50,<=50K
3370,38,348739,15,0,0,60,<=50K
3371,20,235442,10,0,0,35,<=50K
3372,21,34506,9,0,0,35,<=50K
3373,40,346964,9,0,0,40,<=50K
3374,46,192208,6,0,0,45,<=50K
3375,21,305874,10,0,0,54,<=50K
3376,35,462890,6,0,0,50,<=50K
3377,39,89508,13,0,0,40,<=50K
3378,38,200153,9,0,0,60,<=50K
3379,30,179446,9,0,0,40,<=50K
3380,28,208965,5,0,0,40,<=50K
3383,40,327573,11,0,0,40,<=50K
3385,44,265266,6,0,0,40,<=50K
3386,38,203836,9,3464,0,40,<=50K
3391,20,368852,10,0,0,20,<=50K
3392,44,353396,13,0,0,45,<=50K
3393,33,161745,11,0,0,45,<=50K
3394,18,97963,9,0,0,30,<=50K
3396,50,198103,13,0,0,40,<=50K
3397,47,55377,9,0,0,40,<=50K
3399,53,374588,9,0,0,60,<=50K
3400,39,174330,10,0,0,40,<=50K
3402,66,190324,9,0,0,18,<=50K
3403,26,31350,7,0,0,50,<=50K
3404,41,243607,3,0,0,40,<=50K
3405,47,134671,10,0,0,40,<=50K
3406,31,197023,11,0,0,40,<=50K
3409,43,598606,5,0,0,50,<=50K
3411,35,166235,10,0,0,30,<=50K
3412,41,187821,9,2885,0,40,<=50K
3414,52,194791,10,0,0,40,<=50K
3415,61,231323,10,0,0,40,<=50K
3416,39,305597,9,0,0,40,<=50K
3417,19,25429,10,0,0,25,<=50K
3419,39,346478,10,0,0,45,<=50K
3420,22,341368,10,0,0,50,<=50K
3421,30,295612,9,0,0,40,<=50K
3422,40,168936,11,0,0,32,<=50K
3423,43,218558,13,3325,0,40,<=50K
3424,37,336598,3,0,0,36,<=50K
3425,23,308205,12,0,0,20,<=50K
3426,39,357173,12,0,0,59,<=50K
3427,54,457237,14,0,0,40,<=50K
3428,46,284799,10,0,0,60,<=50K
3429,20,179423,10,0,0,40,<=50K
3431,17,139183,6,0,0,15,<=50K
3432,36,203482,9,0,0,40,<=50K
3433,37,112554,9,0,0,45,<=50K
3434,53,99476,9,0,0,38,<=50K
3436,38,220585,9,0,0,40,<=50K
3437,63,194638,9,0,0,32,<=50K
3439,40,162108,13,0,0,50,<=50K
3440,23,214542,10,0,0,50,<=50K
3441,20,161922,9,0,0,43,<=50K
3443,28,259351,6,0,0,40,<=50K
3444,59,208395,14,0,0,50,<=50K
3446,33,239781,1,0,0,40,<=50K
3447,56,174351,8,0,0,40,<=50K
3449,31,188798,13,0,0,50,<=50K
3450,41,50122,11,0,0,50,<=50K
3452,25,152035,12,0,0,40,<=50K
3453,18,139003,9,0,0,12,<=50K
3454,49,249289,13,0,0,40,<=50K
3455,39,257726,10,0,0,40,<=50K
3456,22,113175,10,0,0,20,<=50K
3457,21,151158,10,0,0,25,<=50K
3458,35,465326,13,0,0,40,<=50K
3459,21,356772,9,0,0,40,<=50K
3461,55,198385,4,0,0,20,<=50K
3462,31,329301,9,0,0,55,<=50K
3463,17,254859,7,0,0,20,<=50K
3465,25,222800,13,0,0,40,<=50K
3467,50,170050,4,0,0,40,<=50K
3469,50,400004,10,0,0,60,<=50K
3470,63,183608,6,0,0,40,<=50K
3471,31,194055,9,0,0,50,<=50K
3472,23,210443,13,0,0,40,<=50K
3473,18,43272,10,0,0,20,<=50K
3474,43,108945,13,0,0,48,<=50K
3476,18,304169,7,0,0,35,<=50K
3479,46,106705,14,0,0,38,<=50K
3481,31,235389,4,0,0,30,<=50K
3482,27,39665,9,0,0,37,<=50K
3483,41,113823,14,0,0,40,<=50K
3484,42,217826,9,0,0,40,<=50K
3486,34,197688,9,0,0,40,<=50K
3487,44,54507,9,0,0,40,<=50K
3488,26,117833,13,0,1669,50,<=50K
3490,69,88566,5,1424,0,35,<=50K
3491,33,323619,10,0,0,40,<=50K
3492,30,75755,11,0,0,40,<=50K
3495,21,182606,10,0,0,40,<=50K
3496,18,131033,7,0,0,15,<=50K
3498,20,121568,9,0,0,50,<=50K
3499,26,139098,14,5013,0,40,<=50K
3500,46,357338,13,0,0,40,<=50K
3501,31,283268,13,0,0,36,<=50K
3503,40,315321,9,0,625,52,<=50K
3504,31,120461,13,0,0,40,<=50K
3505,32,65278,16,0,0,40,<=50K
3506,23,208503,10,0,0,40,<=50K
3507,25,112835,14,0,0,40,<=50K
3508,37,265038,10,0,0,50,<=50K
3509,18,89478,10,0,0,20,<=50K
3510,55,276229,9,0,0,38,<=50K
3511,52,366232,5,0,0,40,<=50K
3512,26,152035,9,0,0,40,<=50K
3514,39,75995,9,0,0,45,<=50K
3516,19,188618,10,0,0,25,<=50K
3519,55,52953,9,0,0,40,<=50K
3520,30,221043,9,0,0,35,<=50K
3521,59,115389,10,0,0,36,<=50K
3522,45,204205,6,0,0,65,<=50K
3524,21,197387,9,0,0,20,<=50K
3525,31,42485,9,0,0,55,<=50K
3526,29,367706,10,0,0,40,<=50K
3527,24,102493,9,0,0,40,<=50K
3528,17,263746,6,0,0,24,<=50K
3529,47,115358,9,0,0,40,<=50K
3531,32,282622,9,0,0,28,<=50K
3532,34,127651,6,0,0,44,<=50K
3533,63,230823,8,0,0,40,<=50K
3534,21,300812,10,0,0,25,<=50K
3535,18,174732,9,0,0,36,<=50K
3537,81,137018,9,0,0,20,<=50K
3541,39,188571,11,0,0,60,<=50K
3542,46,97883,13,0,0,35,<=50K
3544,39,57424,13,0,0,35,<=50K
3545,29,151476,10,0,0,40,<=50K
3546,23,129583,9,0,0,16,<=50K
3547,57,180920,6,0,0,43,<=50K
3548,38,182416,9,0,0,42,<=50K
3549,25,251915,13,0,0,40,<=50K
3550,39,187127,10,0,0,40,<=50K
3551,24,69045,10,0,0,40,<=50K
3553,39,74163,8,0,0,40,<=50K
3554,23,60847,11,0,0,60,<=50K
3555,17,213055,7,0,0,20,<=50K
3556,67,116057,9,3273,0,16,<=50K
3557,41,82393,13,0,0,50,<=50K
3558,24,134181,13,0,0,50,<=50K
3560,30,117570,9,0,0,60,<=50K
3562,56,56331,9,0,0,32,<=50K
3563,51,35576,9,0,0,38,<=50K
3564,57,149168,10,0,0,55,<=50K
3565,34,157165,10,0,0,40,<=50K
3566,24,278130,13,0,0,40,<=50K
3567,57,257200,9,0,0,40,<=50K
3569,23,580248,9,0,0,40,<=50K
3570,35,230054,4,0,0,40,<=50K
3571,58,519006,9,0,0,52,<=50K
3572,19,37332,9,1055,0,12,<=50K
3573,19,365871,4,0,0,40,<=50K
3576,17,115551,7,0,0,20,<=50K
3579,21,180303,13,0,0,25,<=50K
3581,31,332379,10,0,0,50,<=50K
3582,29,95465,9,0,0,40,<=50K
3585,25,209384,9,0,0,32,<=50K
3586,28,50814,9,0,0,40,<=50K
3587,54,143865,9,0,0,35,<=50K
3588,74,104661,10,0,0,12,<=50K
3589,31,50442,10,0,0,32,<=50K
3590,23,236601,10,0,0,48,<=50K
3591,19,100999,13,0,0,30,<=50K
3592,39,362685,1,0,0,20,<=50K
3593,61,32423,9,22040,0,40,<=50K
3596,19,182355,10,0,0,20,<=50K
3597,23,191444,9,0,0,40,<=50K
3598,25,44216,9,0,0,35,<=50K
3600,53,209022,7,0,0,37,<=50K
3601,32,96016,13,0,0,45,<=50K
3603,61,159046,4,0,0,40,<=50K
3604,42,138634,9,0,0,40,<=50K
3605,17,130125,6,1055,0,20,<=50K
3606,73,247355,9,0,0,16,<=50K
3607,41,227065,10,0,0,40,<=50K
3608,23,244771,10,0,0,20,<=50K
3609,23,215616,9,0,0,40,<=50K
3610,65,386672,11,0,0,15,<=50K
3611,45,177543,9,0,0,50,<=50K
3613,24,117109,13,0,0,27,<=50K
3614,23,373550,11,0,0,40,<=50K
3615,30,19847,10,0,0,40,<=50K
3616,26,189590,13,0,0,40,<=50K
3617,37,58343,9,0,0,56,<=50K
3618,17,354201,9,0,0,40,<=50K
3619,31,119422,9,0,0,40,<=50K
3620,52,363405,9,0,0,40,<=50K
3621,63,181863,13,0,0,27,<=50K
3622,27,194472,9,0,0,60,<=50K
3623,31,247328,5,3137,0,40,<=50K
3624,71,130731,9,0,0,35,<=50K
3625,35,236910,13,0,0,60,<=50K
3626,44,378251,9,0,0,38,<=50K
3627,36,120760,14,0,0,40,<=50K
3628,22,203182,13,0,0,20,<=50K
3629,32,130304,9,0,1485,48,<=50K
3630,30,352542,13,0,0,40,<=50K
3631,60,191024,9,0,0,40,<=50K
3632,25,197728,10,0,0,40,<=50K
3633,76,316185,4,0,0,12,<=50K
3634,41,89226,9,0,0,40,<=50K
3635,26,292353,4,0,0,40,<=50K
3636,45,304570,8,0,0,40,<=50K
3637,32,180296,10,0,0,40,<=50K
3638,22,361487,9,0,0,40,<=50K
3640,63,231777,13,0,0,40,<=50K
3641,23,189832,12,0,0,40,<=50K
3642,61,232308,6,0,0,40,<=50K
3643,31,33308,11,0,0,40,<=50K
3644,25,333677,5,0,0,45,<=50K
3645,33,170651,9,1055,0,40,<=50K
3646,39,343403,9,0,0,36,<=50K
3647,53,166386,13,0,0,40,<=50K
3648,26,48099,13,0,0,40,<=50K
3649,21,143062,10,0,0,32,<=50K
3650,18,104704,9,0,0,40,<=50K
3653,31,286675,9,0,0,50,<=50K
3656,43,245842,9,0,0,44,<=50K
3658,21,342575,10,0,0,30,<=50K
3660,55,234213,9,0,0,60,<=50K
3661,57,145189,10,0,0,40,<=50K
3662,37,233490,9,0,0,50,<=50K
3667,37,262409,14,0,213,45,<=50K
3668,45,199590,3,0,0,38,<=50K
3669,47,84726,10,0,0,40,<=50K
3670,31,226883,9,0,0,75,<=50K
3671,75,184335,7,0,0,30,<=50K
3672,43,102025,14,0,0,50,<=50K
3675,27,150025,3,0,0,40,<=50K
3676,44,100584,9,0,0,40,<=50K
3678,40,150528,13,0,0,40,<=50K
3679,18,107277,7,0,0,20,<=50K
3680,33,247205,13,0,0,40,<=50K
3681,20,291979,9,0,0,40,<=50K
3682,38,270985,10,0,0,50,<=50K
3683,48,62605,9,0,0,35,<=50K
3684,46,176863,9,0,0,40,<=50K
3685,51,53197,9,0,0,40,<=50K
3686,35,267776,9,0,0,30,<=50K
3687,24,308205,4,0,0,40,<=50K
3688,30,306383,10,0,0,50,<=50K
3689,70,35494,9,0,0,30,<=50K
3690,26,291968,9,0,0,44,<=50K
3691,34,80933,9,0,1672,40,<=50K
3693,70,121993,9,0,0,5,<=50K
3694,37,31023,10,0,0,40,<=50K
3695,36,36425,10,0,0,35,<=50K
3696,23,407684,5,0,0,40,<=50K
3697,28,241895,9,0,1628,40,<=50K
3699,58,140363,9,3325,0,30,<=50K
3701,23,40060,10,0,0,40,<=50K
3702,26,290286,9,0,0,40,<=50K
3703,21,249271,10,0,0,40,<=50K
3704,34,106169,14,0,0,50,<=50K
3705,43,76487,7,0,0,40,<=50K
3706,22,437994,10,0,0,20,<=50K
3708,36,160120,9,0,0,40,<=50K
3709,41,343079,13,0,1740,20,<=50K
3710,27,406662,9,4416,0,40,<=50K
3711,42,37618,10,0,0,60,<=50K
3712,27,114158,11,0,0,35,<=50K
3713,41,115562,9,0,0,40,<=50K
3715,21,344891,10,0,0,20,<=50K
3717,29,194197,13,0,0,40,<=50K
3718,19,206599,10,0,0,22,<=50K
3719,21,596776,10,0,0,40,<=50K
3720,46,56841,9,0,0,40,<=50K
3725,18,298133,10,0,0,40,<=50K
3728,30,151868,5,0,0,40,<=50K
3729,28,25864,9,0,0,35,<=50K
3730,26,109419,11,0,0,45,<=50K
3731,37,203070,10,0,0,43,<=50K
3734,18,148644,9,0,0,28,<=50K
3735,30,125762,10,0,0,30,<=50K
3736,36,53606,11,3908,0,8,<=50K
3737,18,193741,7,0,0,30,<=50K
3738,27,588905,9,0,0,40,<=50K
3739,49,115613,5,0,0,40,<=50K
3741,37,185359,9,0,0,40,<=50K
3742,30,173647,10,0,0,40,<=50K
3743,29,31166,9,0,0,30,<=50K
3744,22,517995,9,0,0,40,<=50K
3745,25,189027,9,0,0,30,<=50K
3746,38,296125,9,0,0,30,<=50K
3747,32,640383,13,0,0,40,<=50K
3748,35,334291,10,0,0,50,<=50K
3750,29,174163,10,0,0,40,<=50K
3751,41,119721,9,0,0,40,<=50K
3752,47,142719,9,0,0,40,<=50K
3753,23,162593,13,0,0,40,<=50K
3755,28,154863,9,0,1876,40,<=50K
3756,39,168894,13,0,0,20,<=50K
3757,42,344920,10,0,0,50,<=50K
3759,68,196782,4,0,0,30,<=50K
3761,57,170244,15,0,0,40,<=50K
3762,22,369549,10,0,0,30,<=50K
3764,19,202673,10,0,0,50,<=50K
3765,55,171780,12,0,0,30,<=50K
3766,37,264503,9,0,0,40,<=50K
3767,37,244341,10,0,0,40,<=50K
3768,28,209109,13,0,0,50,<=50K
3769,27,187392,9,0,0,40,<=50K
3770,40,119578,13,0,0,20,<=50K
3771,51,195105,9,0,0,40,<=50K
3772,52,101752,11,0,0,56,<=50K
3773,74,95825,10,0,0,3,<=50K
3775,20,29810,10,0,0,40,<=50K
3776,40,77332,10,0,0,50,<=50K
3777,80,87518,10,0,1816,60,<=50K
3778,63,113324,10,0,0,40,<=50K
3780,51,237729,10,0,0,40,<=50K
3781,23,200973,9,0,0,40,<=50K
3782,66,212456,9,0,0,20,<=50K
3783,33,131568,9,0,0,66,<=50K
3784,49,185859,9,0,0,43,<=50K
3785,20,231981,10,0,0,32,<=50K
3787,26,78172,10,0,0,40,<=50K
3790,47,140664,13,0,0,45,<=50K
3791,23,249277,9,0,0,75,<=50K
3792,53,117847,12,0,0,40,<=50K
3793,19,52372,10,0,0,20,<=50K
3794,26,95806,10,3325,0,40,<=50K
3796,65,169047,9,0,0,10,<=50K
3797,68,339168,13,0,0,30,<=50K
3798,30,504725,6,0,0,18,<=50K
3799,28,132870,7,0,0,45,<=50K
3800,54,135840,6,0,0,45,<=50K
3801,30,35644,9,0,0,10,<=50K
3802,22,198148,10,0,0,50,<=50K
3803,25,220098,9,0,0,30,<=50K
3804,19,262515,7,0,0,20,<=50K
3805,19,423863,10,0,0,35,<=50K
3807,23,194096,13,0,0,40,<=50K
3808,51,420917,13,0,0,45,<=50K
3810,46,253116,13,0,0,40,<=50K
3811,38,206535,10,0,0,50,<=50K
3813,46,201217,9,0,0,40,<=50K
3814,25,209970,13,0,0,40,<=50K
3815,20,196745,10,594,0,16,<=50K
3816,29,175262,14,0,0,35,<=50K
3818,40,181265,10,0,0,52,<=50K
3819,24,200973,10,0,0,40,<=50K
3820,24,37440,13,0,0,50,<=50K
3821,31,395170,11,0,0,24,<=50K
3822,54,32385,9,0,0,30,<=50K
3823,34,353213,12,0,0,60,<=50K
3824,19,38619,10,0,0,66,<=50K
3825,21,177711,9,0,0,40,<=50K
3826,21,190761,6,0,0,70,<=50K
3827,23,27776,10,0,0,24,<=50K
3828,37,470663,10,0,0,40,<=50K
3830,57,74156,9,0,0,30,<=50K
3832,24,123983,7,0,0,40,<=50K
3833,43,193494,10,0,0,40,<=50K
3834,32,169886,13,0,0,20,<=50K
3835,40,130571,9,0,0,40,<=50K
3837,49,83444,9,0,0,40,<=50K
3838,45,239093,10,3137,0,40,<=50K
3839,62,151369,9,0,0,40,<=50K
3840,29,56630,11,0,0,40,<=50K
3841,49,117095,9,0,0,40,<=50K
3842,55,189985,10,0,0,40,<=50K
3843,20,34862,10,0,0,72,<=50K
3844,37,126675,13,0,0,40,<=50K
3846,29,57596,10,0,0,40,<=50K
3849,38,298841,10,0,0,45,<=50K
3851,22,306031,10,0,0,40,<=50K
3852,19,306467,10,0,0,20,<=50K
3853,20,189888,8,0,0,40,<=50K
3854,60,83861,9,0,0,40,<=50K
3855,30,117393,9,0,0,40,<=50K
3856,22,129934,10,0,0,40,<=50K
3857,51,179010,10,0,0,60,<=50K
3858,31,375680,13,0,0,40,<=50K
3859,48,316101,9,0,0,40,<=50K
3861,51,175750,9,0,0,40,<=50K
3863,62,94931,11,3411,0,40,<=50K
3868,23,216129,12,0,0,30,<=50K
3869,49,107425,14,0,0,35,<=50K
3870,24,611029,6,0,0,40,<=50K
3871,30,363032,9,0,0,40,<=50K
3872,38,170020,9,3137,0,45,<=50K
3873,34,137900,9,0,0,35,<=50K
3874,22,322674,10,0,0,40,<=50K
3875,30,23778,4,0,0,40,<=50K
3876,61,147845,4,0,0,31,<=50K
3877,36,175759,9,0,0,40,<=50K
3878,51,166459,11,0,0,40,<=50K
3881,63,134699,9,0,0,25,<=50K
3883,63,159715,6,0,0,40,<=50K
3885,27,146719,9,0,0,35,<=50K
3888,46,32825,9,0,0,40,<=50K
3890,26,393728,10,0,0,24,<=50K
3891,43,160369,9,0,0,40,<=50K
3893,50,176969,9,0,1590,40,<=50K
3896,57,141459,10,0,0,40,<=50K
3897,19,174233,10,0,0,24,<=50K
3898,29,95393,9,0,0,20,<=50K
3899,20,221095,9,0,0,40,<=50K
3901,18,437851,10,0,0,40,<=50K
3902,22,131230,10,0,0,40,<=50K
3903,23,495888,9,0,0,40,<=50K
3904,69,185691,7,0,0,20,<=50K
3905,56,201822,4,0,2002,40,<=50K
3906,53,549341,13,0,0,35,<=50K
3907,28,247445,9,0,0,40,<=50K
3908,28,199566,13,0,0,40,<=50K
3910,48,185039,9,0,0,30,<=50K
3912,49,82649,13,5013,0,45,<=50K
3913,48,109275,10,0,0,40,<=50K
3914,32,408328,4,0,0,40,<=50K
3916,27,130856,13,0,0,40,<=50K
3917,19,251579,10,0,0,14,<=50K
3918,47,76612,9,0,0,50,<=50K
3919,25,22546,13,0,0,60,<=50K
3920,72,53684,10,0,0,40,<=50K
3921,29,183627,7,0,0,40,<=50K
3922,22,73203,9,0,0,40,<=50K
3923,57,108426,9,0,0,48,<=50K
3924,50,116287,12,0,0,60,<=50K
3925,45,145697,10,0,0,30,<=50K
3928,36,250791,9,0,0,48,<=50K
3930,20,400443,9,0,0,20,<=50K
3931,75,95985,3,0,0,10,<=50K
3933,28,250679,9,0,0,40,<=50K
3934,53,103950,14,0,0,40,<=50K
3935,17,200199,7,0,0,35,<=50K
3936,46,295791,11,0,0,38,<=50K
3937,39,191841,12,0,0,30,<=50K
3938,38,82622,10,0,0,40,<=50K
3939,36,160728,9,0,0,60,<=50K
3940,63,109849,13,0,0,21,<=50K
3941,28,339897,2,0,0,43,<=50K
3942,28,37215,13,0,0,45,<=50K
3943,49,371299,9,0,0,35,<=50K
3944,43,421837,10,0,0,40,<=50K
3946,39,117381,9,0,0,62,<=50K
3947,42,240027,9,0,0,40,<=50K
3948,40,338740,9,0,0,40,<=50K
3949,45,28359,9,0,0,10,<=50K
3950,29,315026,9,0,0,40,<=50K
3951,24,314525,13,0,1741,45,<=50K
3953,44,286750,10,0,0,40,<=50K
3954,40,163985,9,0,0,24,<=50K
3955,30,219318,9,0,0,35,<=50K
3956,42,44121,14,0,1876,40,<=50K
3957,52,103794,11,0,0,35,<=50K
3960,43,174575,10,0,0,45,<=50K
3961,62,82388,9,10566,0,40,<=50K
3962,30,207253,11,0,0,40,<=50K
3963,83,251951,9,0,0,20,<=50K
3965,41,308296,9,0,0,20,<=50K
3967,25,109009,7,0,0,40,<=50K
3968,48,413363,7,0,2002,40,<=50K
3969,59,117751,12,0,0,8,<=50K
3970,44,296326,13,0,0,40,<=50K
3971,36,208358,5,4650,0,56,<=50K
3972,40,120277,9,0,0,40,<=50K
3973,21,193219,9,0,0,35,<=50K
3974,41,86399,10,0,0,38,<=50K
3975,24,215251,13,0,0,50,<=50K
3976,67,124470,9,0,0,60,<=50K
3977,24,228649,13,0,0,38,<=50K
3978,50,386397,13,0,0,60,<=50K
3979,48,96798,14,0,0,35,<=50K
3981,29,159768,9,3325,0,40,<=50K
3982,50,139464,13,0,0,36,<=50K
3984,49,68505,5,0,0,37,<=50K
3985,20,122215,9,0,0,52,<=50K
3986,30,159442,9,0,0,40,<=50K
3987,37,80638,13,0,0,30,<=50K
3989,22,191324,10,0,0,25,<=50K
3990,77,147284,9,0,0,14,<=50K
3991,19,73009,10,0,0,15,<=50K
3993,42,163003,13,0,0,40,<=50K
3994,35,95551,9,0,0,36,<=50K
3995,27,125298,10,0,0,50,<=50K
3996,54,198186,9,0,0,38,<=50K
3997,37,295949,9,0,1628,40,<=50K
3998,37,182668,6,0,0,35,<=50K
3999,28,124905,4,0,0,30,<=50K
4000,63,171635,13,0,0,40,<=50K
4001,19,376240,9,0,0,42,<=50K
4002,28,157391,13,0,0,40,<=50K
4003,23,114357,10,0,0,40,<=50K
4007,64,102103,9,0,0,50,<=50K
4009,59,236426,12,0,0,50,<=50K
4010,22,400966,10,0,0,40,<=50K
4011,40,404573,10,0,0,44,<=50K
4012,35,227571,4,0,0,40,<=50K
4013,20,145917,10,0,0,15,<=50K
4014,35,190226,9,0,0,40,<=50K
4015,28,356555,10,0,0,48,<=50K
4016,28,66473,9,0,0,40,<=50K
4017,37,172256,10,0,0,20,<=50K
4019,25,163039,12,0,0,60,<=50K
4020,37,89559,9,0,0,40,<=50K
4021,19,35507,10,0,0,45,<=50K
4022,31,163303,11,0,0,38,<=50K
4023,41,192712,9,0,0,40,<=50K
4025,44,222434,9,0,0,40,<=50K
4026,20,34706,10,0,0,47,<=50K
4027,57,47857,10,0,0,50,<=50K
4028,26,195216,9,0,0,12,<=50K
4029,44,103643,9,5013,0,60,<=50K
4030,29,329426,9,0,0,40,<=50K
4033,21,211385,12,0,0,35,<=50K
4034,21,61777,10,0,0,70,<=50K
4036,24,199444,13,0,0,15,<=50K
4037,28,312588,6,0,0,40,<=50K
4038,35,168675,9,0,0,50,<=50K
4039,35,87556,9,0,0,40,<=50K
4040,38,220421,13,0,0,40,<=50K
4041,44,404599,9,0,0,40,<=50K
4043,57,109973,9,0,0,40,<=50K
4044,19,246652,10,0,0,40,<=50K
4045,29,57423,11,0,0,48,<=50K
4046,23,291248,9,0,0,40,<=50K
4047,50,163708,9,0,0,40,<=50K
4048,51,240358,10,0,0,20,<=50K
4049,28,25955,11,0,0,40,<=50K
4050,44,101593,13,0,0,60,<=50K
4051,29,227890,13,0,0,40,<=50K
4052,31,225053,9,0,0,45,<=50K
4054,34,245378,13,0,0,45,<=50K
4057,31,258849,11,0,0,40,<=50K
4059,39,63910,10,0,0,40,<=50K
4061,28,210867,7,0,0,40,<=50K
4062,18,263024,9,0,0,40,<=50K
4063,51,306785,9,0,0,40,<=50K
4064,58,104333,9,0,0,50,<=50K
4065,66,340734,9,0,0,40,<=50K
4066,36,288585,9,0,0,20,<=50K
4067,38,241765,7,0,0,60,<=50K
4068,25,111058,12,0,0,40,<=50K
4069,25,104662,9,0,0,22,<=50K
4070,90,313986,7,0,0,40,<=50K
4071,41,52037,10,0,0,40,<=50K
4072,34,146589,9,0,0,40,<=50K
4073,33,131776,13,914,0,40,<=50K
4074,33,254221,9,0,0,40,<=50K
4076,39,211785,9,0,0,20,<=50K
4077,59,160362,9,0,0,60,<=50K
4078,19,387215,10,0,1719,16,<=50K
4079,39,187046,9,4064,0,38,<=50K
4080,19,208874,10,0,0,40,<=50K
4081,27,169631,9,0,0,40,<=50K
4082,52,202956,4,0,0,40,<=50K
4083,59,80467,9,0,0,24,<=50K
4084,28,407672,10,0,0,40,<=50K
4085,37,243425,9,0,0,50,<=50K
4086,50,174964,6,0,0,99,<=50K
4089,23,449432,10,0,0,40,<=50K
4090,19,175499,7,0,0,30,<=50K
4091,33,288825,9,0,2258,84,<=50K
4092,27,134813,14,0,0,52,<=50K
4093,31,190401,14,0,0,40,<=50K
4094,21,260617,6,0,0,36,<=50K
4095,31,45604,9,0,0,54,<=50K
4098,19,430471,7,0,0,40,<=50K
4099,47,194698,9,0,0,50,<=50K
4100,34,94235,13,0,0,40,<=50K
4101,57,188330,9,0,0,78,<=50K
4102,51,146181,5,0,0,40,<=50K
4103,21,177125,10,0,0,20,<=50K
4104,30,68330,10,0,0,50,<=50K
4105,46,95636,10,0,0,45,<=50K
4106,40,238329,13,0,0,45,<=50K
4107,52,416129,1,0,0,40,<=50K
4108,23,285004,13,0,0,50,<=50K
4109,90,256514,13,991,0,10,<=50K
4110,25,186294,9,0,0,50,<=50K
4111,43,188786,10,0,0,45,<=50K
4113,22,197613,11,0,0,30,<=50K
4114,33,161942,13,1055,0,40,<=50K
4116,65,361721,11,0,0,20,<=50K
4117,50,144968,9,0,0,15,<=50K
4118,29,190539,13,6849,0,48,<=50K
4119,25,178037,9,0,0,40,<=50K
4120,54,306985,10,0,0,40,<=50K
4122,44,242619,10,0,0,40,<=50K
4123,24,154165,5,0,0,40,<=50K
4124,25,511331,13,0,0,38,<=50K
4125,65,221026,9,0,0,20,<=50K
4126,56,222182,9,0,0,45,<=50K
4128,23,202344,13,0,0,40,<=50K
4129,20,190423,10,0,0,20,<=50K
4130,24,238917,3,0,0,40,<=50K
4132,40,37997,10,0,0,50,<=50K
4134,38,278253,9,0,0,48,<=50K
4135,23,195411,9,0,0,40,<=50K
4136,44,76196,13,0,0,50,<=50K
4138,20,186014,10,0,0,12,<=50K
4139,29,205903,9,0,0,40,<=50K
4140,43,125405,9,0,0,40,<=50K
4141,30,219838,8,0,0,40,<=50K
4142,28,19395,10,0,0,38,<=50K
4144,52,114062,9,0,0,40,<=50K
4146,38,177305,9,0,0,45,<=50K
4147,66,299616,10,0,0,40,<=50K
4148,63,117681,11,0,0,40,<=50K
4149,21,237651,10,0,0,35,<=50K
4150,33,150570,9,0,0,40,<=50K
4151,46,106705,10,1506,0,50,<=50K
4152,20,174714,10,0,0,20,<=50K
4153,47,175958,13,3325,0,60,<=50K
4155,66,107112,4,0,0,30,<=50K
4156,20,54152,10,0,0,30,<=50K
4157,28,152951,9,0,0,40,<=50K
4158,46,190487,9,0,0,28,<=50K
4159,25,306666,10,0,0,45,<=50K
4160,37,195148,9,3137,0,40,<=50K
4161,31,226624,5,0,0,60,<=50K
4162,49,157569,9,0,0,40,<=50K
4163,22,22966,10,0,0,20,<=50K
4165,29,446559,12,0,0,50,<=50K
4166,18,41794,7,0,0,20,<=50K
4167,31,90409,10,0,0,35,<=50K
4168,23,125491,10,0,0,35,<=50K
4170,54,104748,6,0,0,65,<=50K
4171,50,169182,9,0,0,49,<=50K
4173,24,122272,13,0,0,40,<=50K
4174,17,114798,7,0,0,18,<=50K
4175,49,289707,9,0,0,45,<=50K
4178,49,166789,9,0,0,40,<=50K
4179,36,348728,13,0,0,35,<=50K
4180,23,348092,9,0,0,40,<=50K
4181,63,154526,10,0,0,40,<=50K
4183,23,182342,9,0,0,40,<=50K
4184,22,244366,13,0,0,40,<=50K
4185,66,102423,11,0,0,30,<=50K
4186,25,259688,7,0,0,50,<=50K
4187,30,98733,10,0,0,20,<=50K
4188,35,174856,9,2885,0,40,<=50K
4189,67,141797,4,0,0,40,<=50K
4190,30,327202,8,0,0,40,<=50K
4191,26,76996,10,0,0,38,<=50K
4192,34,260560,9,0,0,40,<=50K
4193,21,370990,10,0,0,40,<=50K
4194,18,129010,8,0,0,10,<=50K
4195,21,452640,9,0,0,40,<=50K
4196,76,120796,5,0,0,40,<=50K
4197,51,45334,10,0,0,70,<=50K
4198,26,229523,9,0,0,56,<=50K
4199,18,127388,8,0,0,25,<=50K
4200,18,395567,7,0,0,40,<=50K
4201,34,119422,11,0,1672,50,<=50K
4202,59,193895,9,0,0,40,<=50K
4204,33,155343,10,0,0,72,<=50K
4205,25,73895,9,0,0,10,<=50K
4206,48,107682,9,0,0,10,<=50K
4207,64,321166,13,0,0,5,<=50K
4209,26,103700,10,0,0,40,<=50K
4211,21,243842,9,0,0,40,<=50K
4212,54,187221,4,0,0,25,<=50K
4213,30,58597,9,0,0,44,<=50K
4214,41,190290,9,0,0,40,<=50K
4216,34,62165,10,0,0,30,<=50K
4217,20,307149,10,0,0,35,<=50K
4218,24,280134,6,0,0,49,<=50K
4219,26,118736,13,0,0,20,<=50K
4220,25,171114,9,0,0,48,<=50K
4221,35,169638,10,0,0,36,<=50K
4223,33,145434,7,0,0,40,<=50K
4224,18,152182,10,0,0,25,<=50K
4225,27,233724,9,0,0,38,<=50K
4226,32,153963,9,0,0,35,<=50K
4227,51,88120,9,0,0,40,<=50K
4228,38,96330,11,0,0,40,<=50K
4229,41,66118,10,0,0,25,<=50K
4230,26,182178,10,2829,0,40,<=50K
4231,38,53628,11,0,0,35,<=50K
4233,30,66194,13,0,0,60,<=50K
4234,31,73796,10,0,0,30,<=50K
4235,26,28366,13,0,0,40,<=50K
4236,75,231741,16,4931,0,3,<=50K
4237,29,237865,14,0,0,40,<=50K
4239,24,116934,10,0,0,45,<=50K
4240,22,87867,8,0,0,30,<=50K
4241,34,456399,12,0,0,40,<=50K
4242,42,263608,10,0,0,40,<=50K
4243,24,263498,7,0,0,40,<=50K
4244,42,183765,12,0,0,40,<=50K
4245,27,469705,9,0,1980,40,<=50K
4247,20,138768,9,0,0,40,<=50K
4248,51,302146,7,0,0,40,<=50K
4249,68,253866,13,0,0,30,<=50K
4250,28,214858,9,0,0,48,<=50K
4251,43,243476,9,0,0,40,<=50K
4252,35,169104,10,0,0,40,<=50K
4253,44,103218,9,0,0,40,<=50K
4254,41,57233,13,0,0,40,<=50K
4256,20,217421,9,0,0,40,<=50K
4259,32,261059,10,0,0,50,<=50K
4260,46,59767,10,0,0,50,<=50K
4261,26,333541,9,0,0,24,<=50K
4262,20,133352,10,0,0,40,<=50K
4263,36,99270,9,0,0,40,<=50K
4268,36,281021,9,0,0,45,<=50K
4269,22,275385,10,0,0,25,<=50K
4270,52,129177,9,0,0,40,<=50K
4272,22,201179,10,0,0,40,<=50K
4273,72,38360,9,0,0,16,<=50K
4274,30,73796,13,0,0,40,<=50K
4275,44,67671,10,0,0,40,<=50K
4276,23,257621,13,0,0,45,<=50K
4277,22,180052,10,0,0,20,<=50K
4278,59,656036,13,0,0,60,<=50K
4279,46,215943,9,0,0,40,<=50K
4280,30,488720,11,0,0,40,<=50K
4281,64,199298,4,0,0,30,<=50K
4282,31,305692,10,0,0,40,<=50K
4283,64,114994,9,0,0,20,<=50K
4284,45,88265,9,0,0,40,<=50K
4286,32,175413,9,0,0,40,<=50K
4287,43,161226,13,0,0,40,<=50K
4288,66,160995,6,1086,0,20,<=50K
4289,23,208598,10,0,0,45,<=50K
4290,49,200471,9,0,0,40,<=50K
4291,32,256609,8,0,0,40,<=50K
4292,49,176684,11,0,0,40,<=50K
4293,33,206512,10,0,0,40,<=50K
4294,28,212640,15,0,0,85,<=50K
4295,47,148724,9,0,0,40,<=50K
4296,41,266510,9,0,0,40,<=50K
4298,25,358975,9,0,0,35,<=50K
4299,20,124242,10,0,0,40,<=50K
4300,21,434710,10,0,0,15,<=50K
4301,25,204338,9,0,0,30,<=50K
4302,46,241844,5,0,0,40,<=50K
4303,37,191342,2,0,0,40,<=50K
4305,44,111483,9,0,1504,50,<=50K
4307,54,133403,10,0,0,40,<=50K
4308,35,166416,9,0,0,99,<=50K
4309,58,142158,9,0,0,12,<=50K
4310,21,221480,10,0,0,25,<=50K
4313,19,184710,10,0,0,20,<=50K
4314,48,177775,9,0,0,40,<=50K
4315,56,275943,10,0,0,40,<=50K
4316,65,225473,10,0,0,35,<=50K
4317,40,289403,13,0,0,35,<=50K
4318,26,269060,9,0,0,40,<=50K
4319,45,449354,10,0,0,40,<=50K
4320,26,214413,10,0,0,40,<=50K
4321,32,80058,9,0,0,40,<=50K
4323,22,123440,10,0,0,48,<=50K
4324,37,191524,11,0,0,38,<=50K
4325,25,308144,13,0,0,40,<=50K
4326,64,164204,2,0,0,53,<=50K
4328,30,195750,9,0,0,27,<=50K
4331,68,241174,4,0,0,16,<=50K
4332,36,356838,16,0,0,50,<=50K
4333,28,115705,10,0,0,50,<=50K
4334,41,137142,10,0,0,40,<=50K
4335,47,296066,10,0,0,40,<=50K
4336,22,401335,10,0,0,30,<=50K
4337,33,182771,13,0,0,80,<=50K
4340,28,98010,10,0,0,40,<=50K
4342,18,80163,10,0,0,20,<=50K
4345,56,115422,9,0,0,35,<=50K
4346,54,100933,9,0,0,40,<=50K
4347,29,270379,9,0,0,40,<=50K
4348,40,20109,10,0,0,84,<=50K
4350,22,100345,9,0,0,35,<=50K
4352,28,87239,9,0,0,50,<=50K
4353,63,127363,10,0,0,12,<=50K
4355,37,143058,6,0,0,50,<=50K
4356,50,36489,10,0,0,40,<=50K
4357,22,141698,9,0,0,40,<=50K
4358,40,26358,12,0,0,40,<=50K
4360,21,30039,10,0,0,40,<=50K
4361,25,125159,12,0,0,40,<=50K
4362,20,246250,10,0,0,40,<=50K
4363,43,77370,9,0,0,40,<=50K
4364,29,355569,11,0,0,50,<=50K
4367,33,256211,9,0,0,40,<=50K
4369,22,211968,10,0,0,40,<=50K
4370,29,200515,10,0,0,38,<=50K
4371,29,52636,9,0,0,40,<=50K
4372,20,27049,10,0,0,20,<=50K
4373,35,111128,6,0,0,40,<=50K
4375,33,93930,9,0,0,50,<=50K
4376,67,397831,10,0,1539,40,<=50K
4377,46,33794,10,0,0,10,<=50K
4379,17,191910,7,0,0,20,<=50K
4382,49,148398,9,0,0,40,<=50K
4383,20,133515,10,0,0,40,<=50K
4384,27,181667,9,5013,0,46,<=50K
4385,64,159715,10,0,0,20,<=50K
4386,53,174040,10,0,0,40,<=50K
4387,52,117700,9,0,0,40,<=50K
4388,29,37215,9,0,0,55,<=50K
4391,30,425627,10,0,0,40,<=50K
4392,34,82623,9,0,0,20,<=50K
4393,19,63574,10,0,0,50,<=50K
4394,39,140854,9,0,0,50,<=50K
4395,28,185061,7,0,0,40,<=50K
4396,17,160118,8,0,0,10,<=50K
4397,54,282680,13,0,0,50,<=50K
4398,24,137591,10,0,1762,40,<=50K
4399,25,198163,9,0,0,40,<=50K
4400,25,132749,7,0,0,12,<=50K
4402,24,399449,13,0,0,40,<=50K
4403,31,27494,10,0,0,50,<=50K
4406,19,406078,10,0,0,25,<=50K
4408,52,29658,9,0,0,40,<=50K
4409,19,20469,9,0,0,12,<=50K
4410,60,181953,9,0,0,28,<=50K
4412,24,170070,12,0,0,30,<=50K
4413,20,193416,10,0,0,40,<=50K
4414,51,194908,9,0,0,40,<=50K
4415,38,357962,5,0,0,40,<=50K
4416,21,214716,10,0,0,10,<=50K
4418,54,146409,10,0,0,40,<=50K
4419,35,341643,13,0,0,50,<=50K
4420,52,131631,7,0,0,40,<=50K
4422,56,128900,10,0,0,40,<=50K
4423,35,417136,9,0,0,40,<=50K
4424,43,336763,10,0,880,42,<=50K
4425,29,209301,13,0,0,40,<=50K
4426,29,120986,9,0,0,65,<=50K
4427,27,51025,9,0,0,40,<=50K
4428,58,218281,13,0,0,40,<=50K
4429,64,114994,9,0,0,18,<=50K
4430,53,335481,9,0,0,32,<=50K
4431,21,174503,9,0,0,30,<=50K
4432,40,230478,12,0,0,30,<=50K
4434,38,149419,11,0,0,50,<=50K
4435,40,341539,10,0,0,30,<=50K
4436,39,185099,9,0,0,40,<=50K
4439,24,124971,9,0,0,38,<=50K
4442,38,296999,13,0,0,70,<=50K
4444,18,232024,7,0,0,55,<=50K
4446,49,119182,9,0,0,35,<=50K
4447,25,191230,10,0,0,40,<=50K
4448,52,23780,10,0,0,40,<=50K
4449,56,184553,6,0,0,56,<=50K
4450,26,242651,10,0,0,48,<=50K
4451,19,246226,9,0,0,40,<=50K
4452,25,86745,13,0,0,40,<=50K
4453,25,106889,9,0,0,30,<=50K
4454,21,460835,9,0,0,45,<=50K
4455,48,213140,4,0,0,40,<=50K
4456,33,37070,14,0,0,60,<=50K
4457,31,93589,9,0,0,40,<=50K
4458,26,213258,9,0,0,65,<=50K
4459,37,46814,13,0,0,38,<=50K
4460,29,168873,10,0,0,30,<=50K
4461,20,284737,10,0,0,20,<=50K
4462,28,309620,10,0,0,60,<=50K
4463,49,197418,9,0,0,20,<=50K
4464,73,132737,6,0,0,4,<=50K
4467,40,123557,10,0,0,40,<=50K
4468,24,275421,11,0,0,40,<=50K
4469,18,167147,8,0,0,24,<=50K
4472,46,117502,9,0,0,40,<=50K
4476,21,51985,9,0,0,40,<=50K
4477,22,48121,10,0,0,25,<=50K
4480,30,302149,13,0,0,40,<=50K
4481,25,168403,13,0,1741,40,<=50K
4482,26,159897,10,0,0,40,<=50K
4483,43,416338,13,0,0,50,<=50K
4484,59,370615,9,0,0,60,<=50K
4485,27,219371,9,0,0,40,<=50K
4487,20,22966,10,0,0,12,<=50K
4488,25,34541,11,0,0,36,<=50K
4489,28,191027,12,0,0,40,<=50K
4490,29,107458,13,0,0,50,<=50K
4493,25,73839,7,0,0,40,<=50K
4494,27,109165,10,0,0,60,<=50K
4496,41,29762,10,5013,0,70,<=50K
4497,46,111979,4,0,0,47,<=50K
4498,35,150125,11,0,0,40,<=50K
4499,21,301853,10,0,0,40,<=50K
4500,35,296738,7,6849,0,60,<=50K
4501,40,118001,9,0,0,40,<=50K
4503,29,36601,13,0,0,50,<=50K
4504,43,118600,13,0,625,40,<=50K
4505,39,279272,12,0,0,60,<=50K
4506,35,181020,9,0,0,60,<=50K
4507,52,165998,10,0,0,40,<=50K
4508,25,218136,10,0,0,40,<=50K
4509,20,182200,9,0,0,30,<=50K
4510,46,39363,10,0,0,10,<=50K
4511,24,140001,13,0,0,40,<=50K
4512,29,193260,13,0,0,30,<=50K
4513,21,191243,10,0,0,40,<=50K
4514,37,207887,13,0,0,50,<=50K
4515,43,211450,9,0,0,40,<=50K
4516,19,184759,9,0,0,26,<=50K
4517,47,197836,9,0,0,45,<=50K
4519,21,189888,12,0,0,55,<=50K
4520,35,301614,9,0,0,60,<=50K
4521,60,146674,6,0,0,40,<=50K
4522,27,225291,10,0,0,40,<=50K
4523,57,148509,13,0,0,35,<=50K
4524,56,136413,2,0,0,40,<=50K
4525,27,126060,9,0,0,40,<=50K
4526,47,73064,4,0,0,35,<=50K
4527,19,39026,9,0,0,30,<=50K
4528,28,33035,8,0,0,30,<=50K
4529,43,193494,6,0,0,40,<=50K
4530,63,147440,10,0,0,35,<=50K
4531,22,153131,10,0,0,40,<=50K
4532,25,64671,9,0,0,40,<=50K
4534,20,174391,9,0,0,40,<=50K
4535,48,377757,6,0,0,70,<=50K
4536,30,364310,13,0,0,40,<=50K
4538,20,70240,9,0,0,24,<=50K
4541,33,264936,9,0,0,40,<=50K
4542,27,367329,11,0,0,40,<=50K
4544,22,186452,6,0,0,30,<=50K
4547,37,31023,9,0,0,51,<=50K
4548,40,397346,12,0,0,40,<=50K
4551,25,261979,9,0,0,40,<=50K
4552,51,55507,9,0,0,40,<=50K
4553,22,291407,8,0,0,40,<=50K
4554,18,353358,10,0,0,16,<=50K
4556,33,235109,9,0,0,40,<=50K
4557,33,208180,13,0,0,40,<=50K
4558,67,423561,10,0,0,40,<=50K
4560,24,403671,10,0,0,40,<=50K
4561,32,49325,4,0,0,40,<=50K
4562,29,370494,9,0,0,40,<=50K
4563,25,267012,11,0,0,45,<=50K
4564,33,191856,10,0,0,40,<=50K
4565,55,80445,13,0,0,40,<=50K
4567,32,168387,14,0,0,50,<=50K
4568,18,301948,9,34095,0,3,<=50K
4569,36,274809,9,0,0,50,<=50K
4570,58,233193,9,0,0,27,<=50K
4572,19,236396,7,0,0,40,<=50K
4573,21,688355,9,0,0,40,<=50K
4574,36,37019,9,0,0,50,<=50K
4576,43,122975,9,0,0,21,<=50K
4577,52,349795,13,0,0,40,<=50K
4578,48,229846,11,0,0,40,<=50K
4579,43,108945,10,0,0,38,<=50K
4580,22,237498,9,0,0,40,<=50K
4581,57,188872,3,6497,0,40,<=50K
4582,37,324019,12,0,0,40,<=50K
4583,39,82488,10,0,0,38,<=50K
4585,27,37088,12,0,0,40,<=50K
4586,21,152540,9,0,0,35,<=50K
4587,65,143554,10,0,0,38,<=50K
4588,30,126242,10,0,0,40,<=50K
4589,22,127185,5,0,0,40,<=50K
4590,26,164018,13,4064,0,50,<=50K
4591,25,210184,7,0,0,40,<=50K
4594,23,182117,12,0,0,60,<=50K
4596,39,247975,10,0,0,30,<=50K
4598,24,123160,14,0,0,10,<=50K
4601,44,129100,7,0,0,60,<=50K
4602,40,210275,9,0,0,40,<=50K
4604,26,171114,11,0,0,35,<=50K
4605,22,201799,9,0,0,40,<=50K
4606,35,200426,9,0,0,12,<=50K
4607,20,24395,10,0,0,20,<=50K
4608,43,191149,9,0,0,40,<=50K
4609,37,34173,9,0,0,25,<=50K
4610,30,350979,9,0,0,40,<=50K
4611,41,147314,9,0,0,50,<=50K
4613,77,232894,5,0,0,40,<=50K
4614,42,373403,9,0,0,50,<=50K
4615,20,120601,9,0,0,40,<=50K
4616,36,130926,13,3674,0,40,<=50K
4617,32,72338,11,0,0,40,<=50K
4619,25,328697,10,0,0,45,<=50K
4620,40,191196,14,0,0,40,<=50K
4621,18,191117,7,0,0,25,<=50K
4623,17,181580,7,0,0,16,<=50K
4624,29,89030,9,0,0,40,<=50K
4626,24,277700,10,0,0,45,<=50K
4627,58,198478,4,0,0,24,<=50K
4628,29,250679,9,0,0,40,<=50K
4630,30,142675,8,0,0,50,<=50K
4631,19,299050,10,0,0,20,<=50K
4633,47,121958,4,0,0,30,<=50K
4634,41,282948,10,3137,0,40,<=50K
4635,28,176683,12,0,0,40,<=50K
4637,40,209833,10,0,0,60,<=50K
4638,66,41506,6,0,0,40,<=50K
4640,44,147206,10,0,0,12,<=50K
4642,21,315065,4,0,0,48,<=50K
4643,59,381851,5,0,0,40,<=50K
4644,35,185769,10,0,0,40,<=50K
4646,30,312667,9,0,0,40,<=50K
4647,33,343925,9,0,0,40,<=50K
4648,26,195994,10,0,0,15,<=50K
4649,48,398843,10,0,0,35,<=50K
4650,31,73514,9,0,0,40,<=50K
4651,36,288049,9,0,0,45,<=50K
4652,48,54759,9,0,0,38,<=50K
4653,30,155343,9,5013,0,40,<=50K
4655,19,124884,5,0,0,25,<=50K
4658,18,146378,10,0,0,40,<=50K
4660,34,34374,10,0,0,50,<=50K
4662,33,147654,11,0,0,60,<=50K
4663,35,182467,11,0,0,44,<=50K
4664,22,183970,9,0,0,40,<=50K
4665,35,332588,9,0,0,30,<=50K
4666,45,26781,9,0,0,8,<=50K
4667,17,48610,7,0,0,45,<=50K
4668,50,162632,9,0,0,45,<=50K
4671,46,179048,9,0,0,35,<=50K
4672,25,262778,13,6849,0,50,<=50K
4673,64,102470,9,0,0,40,<=50K
4674,62,123170,10,0,0,10,<=50K
4676,17,262511,7,0,0,20,<=50K
4677,61,51170,9,0,0,55,<=50K
4678,40,91949,16,0,0,40,<=50K
4679,21,123727,9,0,0,40,<=50K
4681,35,120301,10,0,0,45,<=50K
4682,29,250967,11,0,0,40,<=50K
4683,27,285432,12,0,0,40,<=50K
4684,20,36235,12,0,0,40,<=50K
4686,51,110965,14,0,0,40,<=50K
4687,45,123283,9,0,0,15,<=50K
4688,20,249087,10,0,0,40,<=50K
4689,31,152940,10,0,0,40,<=50K
4690,29,376680,9,0,0,40,<=50K
4691,56,231232,13,0,0,30,<=50K
4693,26,33939,10,0,0,20,<=50K
4695,32,190228,9,0,0,40,<=50K
4696,28,216178,9,0,0,40,<=50K
4697,27,587310,4,0,0,35,<=50K
4698,23,155919,5,0,0,40,<=50K
4699,59,227386,6,0,0,40,<=50K
4700,26,138152,8,0,0,48,<=50K
4701,36,167482,6,0,0,40,<=50K
4702,18,57957,9,0,0,15,<=50K
4703,33,157747,5,0,0,70,<=50K
4705,40,273308,9,0,0,48,<=50K
4706,48,216292,9,0,0,43,<=50K
4707,27,131298,6,0,0,48,<=50K
4708,19,386378,10,0,0,20,<=50K
4710,26,210812,10,0,0,43,<=50K
4711,45,311671,11,3908,0,40,<=50K
4712,20,215247,10,0,0,20,<=50K
4713,32,125856,9,0,0,40,<=50K
4714,22,74631,10,0,0,13,<=50K
4715,22,24008,9,0,0,40,<=50K
4716,38,354591,9,114,0,38,<=50K
4718,46,308334,2,0,0,30,<=50K
4719,39,245361,13,0,0,25,<=50K
4720,79,158319,9,0,0,24,<=50K
4722,24,314823,9,0,0,40,<=50K
4723,31,211334,10,2407,0,65,<=50K
4724,37,73199,13,3137,0,77,<=50K
4725,23,126550,9,0,0,40,<=50K
4726,31,260782,10,0,1579,45,<=50K
4728,22,64292,13,0,0,43,<=50K
4729,69,628797,10,0,0,20,<=50K
4730,55,219775,9,0,0,38,<=50K
4731,43,212894,9,0,0,40,<=50K
4732,23,260019,4,0,0,36,<=50K
4733,29,228075,9,0,0,35,<=50K
4734,22,239806,11,0,0,40,<=50K
4735,22,324637,10,0,0,42,<=50K
4737,29,194200,10,0,0,45,<=50K
4738,25,129200,10,0,0,40,<=50K
4739,33,207172,9,0,0,40,<=50K
4741,31,100734,16,0,0,28,<=50K
4743,55,110871,13,0,0,40,<=50K
4744,36,192704,8,4650,0,50,<=50K
4745,47,224108,9,0,0,40,<=50K
4748,51,183611,12,0,0,55,<=50K
4749,62,249078,13,0,0,40,<=50K
4751,23,302195,13,0,0,40,<=50K
4752,60,199947,9,0,0,32,<=50K
4754,50,174855,9,0,0,40,<=50K
4755,70,173736,13,0,0,6,<=50K
4756,32,39369,13,0,0,40,<=50K
4757,37,196348,10,0,0,40,<=50K
4759,76,97077,6,0,0,12,<=50K
4760,54,200098,13,0,0,60,<=50K
4762,31,315128,10,0,0,52,<=50K
4764,65,316093,15,0,1668,40,<=50K
4766,63,203821,9,0,0,40,<=50K
4767,21,250051,10,0,0,10,<=50K
4769,26,109193,10,0,0,40,<=50K
4770,18,130849,7,0,0,8,<=50K
4771,34,43959,9,0,0,50,<=50K
4773,44,27242,10,0,0,60,<=50K
4774,30,53158,12,0,0,40,<=50K
4775,36,206520,13,0,0,40,<=50K
4777,22,287988,10,0,0,20,<=50K
4778,28,200819,4,0,0,84,<=50K
4779,23,83891,9,0,0,40,<=50K
4781,39,363418,13,0,0,35,<=50K
4783,19,278870,10,0,0,16,<=50K
4785,25,228608,10,0,0,40,<=50K
4786,24,184400,9,0,0,30,<=50K
4787,46,263568,9,0,0,40,<=50K
4788,37,117381,14,0,0,45,<=50K
4789,41,83411,9,0,0,40,<=50K
4790,40,49156,10,0,0,20,<=50K
4791,44,421449,9,0,0,40,<=50K
4792,32,238944,9,0,0,40,<=50K
4794,48,175925,9,0,0,48,<=50K
4795,34,164190,13,0,0,40,<=50K
4796,29,232914,11,0,0,40,<=50K
4798,36,180805,9,0,0,40,<=50K
4799,59,161944,13,0,0,38,<=50K
4800,29,319149,8,0,0,40,<=50K
4801,50,22428,14,0,0,40,<=50K
4802,25,290528,9,0,0,40,<=50K
4803,27,123984,12,0,0,35,<=50K
4804,48,34186,9,0,0,70,<=50K
4809,33,209900,10,0,0,20,<=50K
4811,26,150361,13,0,0,40,<=50K
4813,59,252714,9,0,0,30,<=50K
4814,30,205204,9,0,0,40,<=50K
4815,31,168906,12,0,0,35,<=50K
4817,27,116531,13,0,0,40,<=50K
4818,20,202994,10,0,0,16,<=50K
4819,56,191917,12,4101,0,40,<=50K
4820,24,341294,9,0,0,40,<=50K
4821,47,216734,13,0,0,50,<=50K
4822,51,182187,13,0,0,35,<=50K
4823,34,424988,9,0,0,45,<=50K
4824,47,379118,9,0,0,9,<=50K
4826,20,147171,10,0,0,40,<=50K
4828,31,193650,7,0,0,40,<=50K
4829,42,200187,11,0,0,32,<=50K
4830,52,188644,3,0,0,40,<=50K
4831,56,398067,9,0,0,40,<=50K
4834,81,364099,10,0,0,20,<=50K
4835,28,291374,6,0,0,40,<=50K
4837,34,117983,9,0,0,40,<=50K
4838,31,345497,6,0,0,40,<=50K
4839,24,64167,11,0,0,40,<=50K
4840,20,315877,9,0,2001,40,<=50K
4841,68,232151,10,2346,0,40,<=50K
4842,60,225526,9,0,0,32,<=50K
4843,37,289653,10,0,0,40,<=50K
4844,25,179462,4,0,0,40,<=50K
4845,36,67317,9,0,0,40,<=50K
4846,45,77764,12,0,0,40,<=50K
4848,31,150309,13,0,0,70,<=50K
4849,47,83064,13,0,0,60,<=50K
4851,75,311184,13,0,0,24,<=50K
4852,43,159449,10,0,0,40,<=50K
4853,18,168288,9,0,0,40,<=50K
4854,25,74883,13,0,1092,40,<=50K
4855,20,275190,9,0,0,40,<=50K
4856,32,189838,9,0,0,50,<=50K
4857,57,101338,13,0,0,20,<=50K
4859,18,40293,9,0,0,40,<=50K
4860,41,88904,13,0,0,40,<=50K
4861,48,145041,9,0,0,40,<=50K
4863,41,363591,11,0,0,40,<=50K
4864,23,183327,9,0,1594,20,<=50K
4866,33,267859,9,0,0,40,<=50K
4867,58,190747,9,0,0,40,<=50K
4868,22,162869,10,0,0,65,<=50K
4869,33,141229,10,0,0,50,<=50K
4871,25,366416,9,0,0,40,<=50K
4876,25,179059,13,0,0,40,<=50K
4877,47,99549,10,0,0,40,<=50K
4879,42,55764,12,0,0,40,<=50K
4881,25,308144,13,0,0,40,<=50K
4882,29,206351,6,5013,0,40,<=50K
4883,26,282304,10,0,0,45,<=50K
4884,26,176077,10,0,0,40,<=50K
4886,34,114973,9,0,0,30,<=50K
4887,33,159548,12,0,0,40,<=50K
4889,28,196564,9,0,0,45,<=50K
4890,51,149220,10,0,0,75,<=50K
4891,21,169699,10,0,0,35,<=50K
4892,23,218215,12,0,0,35,<=50K
4893,30,156718,9,0,0,40,<=50K
4895,38,257250,9,0,0,50,<=50K
4896,20,194630,9,0,0,40,<=50K
4899,44,101593,14,0,1876,42,<=50K
4901,45,197332,13,0,0,40,<=50K
4902,47,97842,10,0,0,40,<=50K
4904,17,57324,6,0,0,30,<=50K
4907,37,38468,10,0,0,40,<=50K
4909,55,177163,14,914,0,50,<=50K
4910,41,187322,9,0,0,48,<=50K
4911,23,107578,13,2174,0,40,<=50K
4912,38,168680,10,0,0,40,<=50K
4913,23,256755,13,0,0,40,<=50K
4915,18,188476,7,0,0,20,<=50K
4916,47,30457,11,0,0,40,<=50K
4917,25,252752,10,0,0,8,<=50K
4918,41,443508,9,0,0,50,<=50K
4919,23,244408,10,0,0,24,<=50K
4920,41,178983,9,0,0,40,<=50K
4921,26,143068,10,2407,0,50,<=50K
4922,30,247328,10,0,0,40,<=50K
4924,35,246829,9,0,0,40,<=50K
4925,28,290267,13,0,0,18,<=50K
4926,29,119170,10,0,0,40,<=50K
4927,21,207923,10,0,0,15,<=50K
4929,44,187164,9,0,0,60,<=50K
4930,34,303867,5,0,0,40,<=50K
4931,19,291429,9,0,0,25,<=50K
4933,31,111843,12,0,0,40,<=50K
4934,25,297154,9,2407,0,40,<=50K
4936,46,340718,7,0,0,40,<=50K
4937,18,194059,8,0,0,40,<=50K
4938,31,47296,10,0,1740,20,<=50K
4939,28,286310,9,0,0,40,<=50K
4942,17,139183,6,0,0,15,<=50K
4945,38,225605,10,0,0,44,<=50K
4946,24,190290,13,0,0,60,<=50K
4948,60,21876,10,0,0,40,<=50K
4954,36,169926,9,0,0,40,<=50K
4955,65,205024,9,0,0,8,<=50K
4956,41,374764,13,0,0,20,<=50K
4957,25,108779,14,0,0,40,<=50K
4958,20,293136,10,0,0,35,<=50K
4959,60,227332,11,0,0,40,<=50K
4960,17,246308,7,0,0,20,<=50K
4962,31,153078,12,0,0,50,<=50K
4963,47,169180,14,0,0,35,<=50K
4964,45,193451,10,0,0,45,<=50K
4965,51,305147,13,0,0,40,<=50K
4966,23,138892,9,0,0,40,<=50K
4968,34,223267,9,0,0,50,<=50K
4969,19,29250,10,0,0,10,<=50K
4971,46,29696,9,0,0,40,<=50K
4973,37,632613,6,0,0,35,<=50K
4975,29,77760,9,0,0,45,<=50K
4977,55,414994,9,0,0,40,<=50K
4979,34,499249,9,0,0,40,<=50K
4980,45,144354,5,0,0,40,<=50K
4981,41,252058,13,0,0,40,<=50K
4982,22,99543,10,0,0,20,<=50K
4984,27,194652,9,0,0,40,<=50K
4985,29,299705,10,0,0,37,<=50K
4986,19,27433,8,0,0,30,<=50K
4987,47,39986,13,0,0,40,<=50K
4989,52,270142,11,0,0,60,<=50K
4990,33,118267,12,0,0,60,<=50K
4991,29,266043,5,0,0,40,<=50K
4992,23,35633,9,0,0,40,<=50K
4993,23,74568,10,0,0,40,<=50K
4994,39,214816,13,0,0,60,<=50K
4995,43,222971,3,0,0,40,<=50K
4998,26,245880,9,0,0,60,<=50K
4999,58,54947,10,0,0,55,<=50K
5001,55,151474,13,0,1590,38,<=50K
5002,26,132661,9,5013,0,40,<=50K
5003,28,161674,9,0,0,40,<=50K
5004,36,62346,9,0,0,40,<=50K
5005,40,227236,9,0,0,50,<=50K
5006,19,283033,7,0,0,40,<=50K
5008,42,251229,13,0,0,40,<=50K
5009,76,199949,5,0,0,13,<=50K
5010,23,305498,11,0,0,40,<=50K
5011,38,203836,3,0,0,40,<=50K
5012,33,79440,14,0,0,30,<=50K
5015,32,141410,9,0,0,40,<=50K
5016,44,202872,10,0,0,25,<=50K
5017,27,198813,9,0,0,40,<=50K
5018,33,129707,10,0,0,50,<=50K
5019,22,445758,3,0,0,40,<=50K
5020,18,30246,10,0,0,20,<=50K
5021,44,173981,9,0,0,40,<=50K
5022,42,108506,9,0,0,60,<=50K
5023,34,134886,10,0,0,40,<=50K
5024,45,181970,9,0,1672,40,<=50K
5025,57,282913,9,0,0,40,<=50K
5028,52,416164,9,0,0,49,<=50K
5029,17,121037,8,0,0,15,<=50K
5030,29,103111,9,0,0,30,<=50K
5032,20,24008,10,0,0,24,<=50K
5034,50,175456,9,0,0,50,<=50K
5035,55,84774,9,0,0,30,<=50K
5036,27,194590,12,0,0,25,<=50K
5037,28,134566,13,0,0,45,<=50K
5038,55,211678,11,0,0,45,<=50K
5039,44,44822,10,0,0,40,<=50K
5040,53,144586,10,0,0,40,<=50K
5041,23,119156,9,0,0,40,<=50K
5042,25,371987,9,0,0,40,<=50K
5043,44,144125,13,0,0,40,<=50K
5046,46,58126,9,0,0,40,<=50K
5047,26,318518,10,0,0,40,<=50K
5048,30,296509,4,0,0,45,<=50K
5050,52,155434,9,0,0,48,<=50K
5052,39,56648,9,0,0,47,<=50K
5054,21,321666,9,594,0,40,<=50K
5055,22,119838,10,0,0,10,<=50K
5056,26,330695,10,0,0,40,<=50K
5057,26,58039,10,0,0,40,<=50K
5059,42,178134,10,0,0,30,<=50K
5060,40,165309,10,0,0,43,<=50K
5061,22,216181,7,0,0,45,<=50K
5063,44,111067,10,0,0,40,<=50K
5064,18,163788,10,0,0,40,<=50K
5065,33,295591,2,0,0,40,<=50K
5066,45,123075,9,0,0,50,<=50K
5067,18,78045,7,0,0,40,<=50K
5068,32,255004,10,0,0,40,<=50K
5070,20,174714,10,0,0,15,<=50K
5071,68,450580,9,0,0,20,<=50K
5074,45,325390,9,0,0,40,<=50K
5076,32,128714,9,0,0,32,<=50K
5077,35,170797,13,0,0,40,<=50K
5078,39,269186,9,0,0,40,<=50K
5079,53,127671,4,0,0,40,<=50K
5080,30,211840,10,0,0,16,<=50K
5081,37,163392,9,0,0,40,<=50K
5082,40,201495,13,0,0,45,<=50K
5083,25,251854,10,0,0,40,<=50K
5084,41,279297,9,0,0,60,<=50K
5086,33,170769,9,0,0,40,<=50K
5087,28,142443,9,0,0,40,<=50K
5089,53,121441,10,0,0,55,<=50K
5090,44,275094,2,0,0,10,<=50K
5091,35,170263,9,0,0,40,<=50K
5092,38,172571,10,0,0,58,<=50K
5093,34,178615,9,0,0,40,<=50K
5094,33,279524,9,0,0,40,<=50K
5095,24,165201,10,0,0,45,<=50K
5096,65,323006,9,0,0,25,<=50K
5097,29,235168,12,0,0,60,<=50K
5100,37,34378,4,2580,0,60,<=50K
5102,62,73292,10,0,0,40,<=50K
5103,54,212165,9,0,0,60,<=50K
5104,90,52386,10,0,0,35,<=50K
5105,33,205649,12,0,0,20,<=50K
5106,57,109638,10,0,1672,45,<=50K
5107,25,200408,12,0,0,40,<=50K
5109,52,236180,13,0,0,50,<=50K
5110,21,118693,10,0,0,40,<=50K
5111,31,363130,9,0,0,18,<=50K
5112,39,225544,14,0,0,40,<=50K
5113,59,243612,9,0,0,40,<=50K
5114,29,160786,9,0,0,55,<=50K
5115,49,234320,4,0,0,45,<=50K
5116,34,314646,5,0,0,40,<=50K
5117,22,124971,13,0,0,40,<=50K
5118,32,209184,13,0,0,40,<=50K
5119,39,121838,9,0,0,40,<=50K
5120,46,265275,14,0,0,60,<=50K
5122,34,45522,9,0,0,40,<=50K
5123,28,250135,14,0,1902,55,<=50K
5124,18,120283,8,0,0,24,<=50K
5125,20,216972,9,0,0,30,<=50K
5126,20,116791,9,0,0,40,<=50K
5127,55,26290,11,0,0,38,<=50K
5128,22,216134,10,0,0,40,<=50K
5129,60,143932,14,0,0,40,<=50K
5130,40,217120,6,0,0,50,<=50K
5131,47,223944,10,0,0,30,<=50K
5132,23,185452,13,0,0,35,<=50K
5133,57,44273,9,0,0,40,<=50K
5134,52,178983,7,0,0,40,<=50K
5135,42,219288,4,0,0,40,<=50K
5136,25,349190,12,0,0,20,<=50K
5138,41,57924,10,0,0,40,<=50K
5139,40,270324,11,0,0,30,<=50K
5141,58,204021,9,0,0,40,<=50K
5142,26,192506,13,0,0,35,<=50K
5143,57,372967,6,0,0,70,<=50K
5144,28,273929,9,0,1628,60,<=50K
5145,42,195821,9,0,0,40,<=50K
5146,28,56179,10,2174,0,55,<=50K
5147,17,127003,5,0,0,40,<=50K
5148,39,124090,5,0,0,40,<=50K
5149,28,199600,9,0,0,40,<=50K
5151,51,218311,10,0,0,50,<=50K
5152,27,167336,10,0,0,39,<=50K
5153,41,59938,9,0,0,43,<=50K
5154,28,263728,13,0,0,40,<=50K
5156,73,180603,9,0,0,8,<=50K
5157,49,43910,9,0,0,30,<=50K
5159,27,109001,10,0,0,49,<=50K
5161,32,194987,9,0,0,40,<=50K
5162,32,87310,9,0,0,41,<=50K
5163,27,133937,14,0,0,40,<=50K
5165,22,36011,11,0,0,30,<=50K
5168,58,49884,9,0,0,50,<=50K
5170,26,229977,5,0,0,35,<=50K
5171,21,64520,9,0,0,55,<=50K
5174,23,202284,13,0,0,20,<=50K
5177,67,197865,10,0,0,40,<=50K
5178,41,175149,9,0,0,38,<=50K
5180,36,135293,13,1506,0,45,<=50K
5181,18,242893,7,0,0,35,<=50K
5182,25,218667,3,0,0,40,<=50K
5183,43,144811,15,0,0,50,<=50K
5185,21,206861,10,0,0,20,<=50K
5186,65,226215,13,0,0,15,<=50K
5187,66,114447,11,0,0,35,<=50K
5188,33,124187,7,0,0,60,<=50K
5189,51,147954,9,3411,0,38,<=50K
5190,27,64379,9,0,1740,40,<=50K
5191,17,156501,8,0,0,16,<=50K
5193,61,161279,9,0,0,36,<=50K
5195,43,115603,10,0,0,40,<=50K
5197,63,275034,13,0,1740,35,<=50K
5199,42,56483,12,0,0,40,<=50K
5203,17,137042,6,0,0,20,<=50K
5204,30,33308,9,0,0,40,<=50K
5205,30,158420,13,0,0,50,<=50K
5206,22,41763,10,0,0,25,<=50K
5207,53,220640,13,0,0,20,<=50K
5208,28,149734,9,0,0,52,<=50K
5209,25,262245,11,3418,0,40,<=50K
5210,24,349691,10,0,0,40,<=50K
5212,34,174463,11,0,0,50,<=50K
5213,26,236068,10,0,0,20,<=50K
5214,63,445168,13,0,0,56,<=50K
5215,25,91334,11,0,0,75,<=50K
5216,28,33895,13,0,0,45,<=50K
5217,36,214816,9,0,0,40,<=50K
5218,24,229773,13,0,0,40,<=50K
5219,51,166386,13,0,0,35,<=50K
5221,18,300379,8,0,0,12,<=50K
5223,61,73809,10,0,0,40,<=50K
5225,43,316183,4,0,0,40,<=50K
5226,51,162944,9,0,0,40,<=50K
5228,27,330132,9,0,0,25,<=50K
5229,24,192017,10,0,0,30,<=50K
5230,20,161978,10,0,0,20,<=50K
5232,57,323309,4,0,0,40,<=50K
5233,49,197332,10,0,0,60,<=50K
5234,42,204033,13,0,0,35,<=50K
5235,22,271274,7,0,0,40,<=50K
5237,21,209483,10,0,0,20,<=50K
5239,52,102346,10,0,0,35,<=50K
5240,25,181666,12,0,0,40,<=50K
5241,50,207367,10,0,0,40,<=50K
5242,35,82622,10,0,0,80,<=50K
5243,50,202296,11,0,0,40,<=50K
5244,58,142182,9,0,0,25,<=50K
5245,48,94342,13,0,0,45,<=50K
5246,30,41493,10,0,0,35,<=50K
5247,18,181712,7,0,0,12,<=50K
5248,29,164607,9,0,0,40,<=50K
5249,52,41496,10,0,0,45,<=50K
5250,63,143098,9,4064,0,40,<=50K
5252,24,157332,10,0,0,42,<=50K
5253,30,154935,12,0,0,40,<=50K
5254,23,223231,9,0,0,40,<=50K
5255,35,253860,9,0,0,20,<=50K
5256,21,362589,13,0,0,20,<=50K
5257,28,94880,10,0,0,43,<=50K
5258,20,309580,9,0,0,40,<=50K
5259,18,130389,7,0,0,20,<=50K
5260,21,349365,10,0,0,15,<=50K
5261,27,376936,9,0,0,40,<=50K
5262,42,179557,10,0,0,40,<=50K
5263,21,105577,10,0,0,30,<=50K
5265,27,47907,13,0,0,40,<=50K
5266,23,191283,9,0,0,40,<=50K
5268,22,186569,13,0,0,12,<=50K
5270,38,161141,9,0,0,40,<=50K
5271,20,203003,9,0,0,40,<=50K
5272,90,141758,5,0,0,40,<=50K
5273,35,113322,11,0,0,40,<=50K
5277,23,240160,12,0,0,40,<=50K
5278,34,516337,7,0,0,40,<=50K
5279,23,284651,13,0,0,43,<=50K
5280,39,141420,10,0,0,40,<=50K
5281,19,42750,10,0,0,55,<=50K
5283,40,167265,14,0,0,43,<=50K
5284,44,139907,10,0,0,50,<=50K
5286,25,312966,5,0,0,40,<=50K
5288,32,198068,9,0,0,60,<=50K
5289,36,373952,6,0,0,40,<=50K
5291,80,157778,14,0,0,10,<=50K
5292,21,143604,10,0,0,8,<=50K
5293,35,319831,10,0,0,60,<=50K
5294,77,132728,14,0,0,45,<=50K
5295,30,137606,9,5013,0,40,<=50K
5296,35,61343,9,0,0,40,<=50K
5297,49,268234,4,0,0,40,<=50K
5298,33,100135,9,0,1740,25,<=50K
5299,53,34973,10,0,0,45,<=50K
5300,41,323790,9,0,0,55,<=50K
5302,21,180339,10,0,0,25,<=50K
5303,19,125591,10,0,0,40,<=50K
5304,28,60772,13,0,0,45,<=50K
5305,42,74680,14,0,2001,60,<=50K
5306,29,141185,10,0,0,55,<=50K
5307,38,204668,11,0,0,25,<=50K
5308,26,273792,10,0,0,20,<=50K
5310,40,343068,10,0,0,40,<=50K
5312,28,144063,9,0,0,40,<=50K
5313,25,257574,13,0,0,20,<=50K
5314,42,67065,9,0,0,60,<=50K
5315,32,183356,9,0,0,40,<=50K
5316,32,152940,12,0,0,30,<=50K
5317,37,227128,3,0,0,40,<=50K
5318,39,45607,9,0,0,56,<=50K
5319,49,155489,13,0,0,40,<=50K
5320,28,230704,9,0,0,40,<=50K
5321,24,267955,5,0,0,20,<=50K
5322,19,165115,9,0,0,40,<=50K
5323,31,49923,9,0,0,40,<=50K
5324,40,272240,9,0,0,40,<=50K
5325,29,255476,4,0,0,30,<=50K
5326,59,194290,9,0,0,48,<=50K
5328,27,175262,13,0,0,40,<=50K
5330,58,137547,13,0,0,40,<=50K
5331,53,276515,13,0,0,40,<=50K
5332,23,174626,9,0,0,25,<=50K
5333,35,215310,7,0,0,40,<=50K
5334,49,332355,9,0,0,40,<=50K
5335,49,204057,12,0,0,40,<=50K
5336,25,391591,8,0,0,40,<=50K
5338,28,230743,12,0,0,40,<=50K
5339,20,190963,10,0,0,30,<=50K
5340,74,204840,3,0,0,56,<=50K
5341,19,169853,9,0,0,24,<=50K
5342,28,212091,9,2580,0,40,<=50K
5343,31,202822,10,0,0,40,<=50K
5344,61,226989,10,0,0,40,<=50K
5345,30,140011,11,0,0,53,<=50K
5346,20,432376,10,0,0,40,<=50K
5348,23,224424,13,0,0,40,<=50K
5350,19,571853,9,0,0,30,<=50K
5352,26,108542,9,0,0,35,<=50K
5353,34,194325,9,0,0,45,<=50K
5354,49,114797,13,0,0,40,<=50K
5355,35,40135,10,0,2042,40,<=50K
5356,38,204756,9,0,0,40,<=50K
5357,36,228190,9,0,0,20,<=50K
5359,54,138845,10,0,0,40,<=50K
5360,19,169853,9,0,0,40,<=50K
5361,18,206359,6,0,0,40,<=50K
5362,60,224097,9,0,0,40,<=50K
5363,28,160786,9,0,0,40,<=50K
5364,43,190044,9,0,0,40,<=50K
5365,49,145290,3,0,0,40,<=50K
5366,25,120268,13,0,0,70,<=50K
5367,17,327434,6,0,0,20,<=50K
5369,30,1184622,10,0,0,35,<=50K
5371,25,206343,9,0,0,40,<=50K
5372,27,36851,11,0,0,35,<=50K
5373,29,148550,9,0,0,40,<=50K
5375,31,142470,13,0,0,40,<=50K
5376,43,86750,11,0,0,99,<=50K
5378,46,163229,4,0,0,40,<=50K
5379,59,179594,9,0,0,40,<=50K
5381,26,58065,13,0,0,20,<=50K
5382,26,205428,10,0,0,45,<=50K
5383,20,41183,10,0,0,30,<=50K
5384,19,308064,9,0,0,40,<=50K
5386,23,142547,9,0,0,40,<=50K
5387,24,119704,9,0,0,40,<=50K
5389,42,207392,9,0,0,12,<=50K
5390,31,147215,8,0,0,21,<=50K
5391,31,101562,9,0,0,55,<=50K
5392,63,216413,13,0,0,25,<=50K
5393,29,188986,11,0,1590,64,<=50K
5394,43,52849,13,0,0,40,<=50K
5395,22,304710,13,0,0,10,<=50K
5396,17,265657,7,0,0,25,<=50K
5398,35,360814,5,0,0,45,<=50K
5399,32,53260,9,0,0,28,<=50K
5401,25,233777,9,0,0,40,<=50K
5402,26,197530,14,0,0,40,<=50K
5403,32,340940,13,0,0,40,<=50K
5404,29,88432,11,0,0,50,<=50K
5409,60,227266,9,0,0,33,<=50K
5410,21,146499,11,0,1579,40,<=50K
5411,71,337064,14,0,0,40,<=50K
5412,22,141003,11,0,0,30,<=50K
5413,50,117791,9,0,0,40,<=50K
5415,23,73514,9,0,0,40,<=50K
5416,74,211075,9,0,0,30,<=50K
5417,67,197816,10,0,1844,70,<=50K
5419,28,183780,9,0,1740,40,<=50K
5420,45,26781,9,0,0,40,<=50K
5421,63,271550,10,0,0,20,<=50K
5422,39,250157,13,0,0,63,<=50K
5423,33,913447,10,0,0,40,<=50K
5424,32,153078,13,0,0,40,<=50K
5426,39,231491,9,0,0,40,<=50K
5427,29,95423,14,0,0,36,<=50K
5428,22,234663,9,0,0,40,<=50K
5430,46,328669,11,0,0,42,<=50K
5432,44,83508,15,2354,0,99,<=50K
5433,56,81954,9,0,0,40,<=50K
5434,27,261375,13,0,0,40,<=50K
5435,52,310045,5,0,0,30,<=50K
5438,37,61299,10,0,0,45,<=50K
5439,33,113364,9,0,0,40,<=50K
5440,35,476573,9,0,0,4,<=50K
5441,46,267107,3,0,0,45,<=50K
5442,35,48123,8,0,0,50,<=50K
5443,33,214635,9,0,0,50,<=50K
5444,48,115585,13,0,0,40,<=50K
5445,32,194141,9,0,0,50,<=50K
5446,18,23233,6,0,0,40,<=50K
5447,20,89991,10,0,0,32,<=50K
5448,35,101709,9,0,0,60,<=50K
5449,19,237455,9,0,0,25,<=50K
5450,21,206492,9,0,0,40,<=50K
5451,56,28729,7,0,0,40,<=50K
5452,28,153475,13,0,0,16,<=50K
5453,45,275517,9,0,0,40,<=50K
5454,32,128002,11,0,0,45,<=50K
5455,44,175485,13,0,0,12,<=50K
5459,36,154669,13,0,0,55,<=50K
5460,25,191271,9,0,0,40,<=50K
5461,28,375482,13,0,0,40,<=50K
5463,53,169182,6,0,0,40,<=50K
5464,47,184005,9,3325,0,45,<=50K
5465,49,30751,11,0,0,60,<=50K
5466,22,145477,9,0,0,40,<=50K
5467,31,91964,10,0,0,40,<=50K
5468,44,49249,10,0,0,80,<=50K
5469,19,218956,9,0,0,40,<=50K
5470,37,241306,9,0,0,40,<=50K
5471,60,251572,9,0,0,35,<=50K
5472,23,319842,10,0,0,25,<=50K
5474,54,182388,9,0,0,35,<=50K
5475,23,205939,9,0,0,38,<=50K
5476,21,203914,10,0,0,10,<=50K
5477,19,156294,10,0,0,25,<=50K
5481,19,30800,6,0,0,40,<=50K
5482,22,131230,13,0,0,40,<=50K
5483,22,61850,9,0,0,40,<=50K
5484,49,227800,4,0,0,32,<=50K
5485,35,133454,6,0,0,50,<=50K
5486,38,104094,10,0,0,40,<=50K
5489,41,336643,10,0,0,80,<=50K
5491,27,208703,9,0,0,40,<=50K
5492,55,193895,9,0,0,40,<=50K
5493,25,272428,9,4416,0,42,<=50K
5495,26,288592,9,0,0,40,<=50K
5496,43,266439,9,0,0,45,<=50K
5498,43,131435,13,0,0,40,<=50K
5499,56,175127,9,0,0,35,<=50K
5500,25,277444,13,0,0,50,<=50K
5501,60,63296,14,0,0,40,<=50K
5502,28,96337,10,0,0,40,<=50K
5503,21,221955,9,0,0,40,<=50K
5504,40,197923,13,2977,0,40,<=50K
5505,29,632593,9,0,0,40,<=50K
5506,20,205970,10,0,0,25,<=50K
5508,18,201901,7,0,0,10,<=50K
5509,32,230224,12,0,0,35,<=50K
5510,27,113464,2,0,0,35,<=50K
5511,48,94461,9,0,0,16,<=50K
5512,20,271379,10,0,0,25,<=50K
5513,55,231738,9,0,0,40,<=50K
5515,21,140764,10,0,0,12,<=50K
5516,43,183479,9,0,0,30,<=50K
5517,35,165767,10,0,0,40,<=50K
5519,19,227491,9,0,0,40,<=50K
5520,25,222254,9,0,0,40,<=50K
5522,27,29261,12,0,0,40,<=50K
5524,69,108196,6,0,0,40,<=50K
5525,34,110622,13,0,0,40,<=50K
5526,20,201680,10,0,0,35,<=50K
5527,37,130277,3,0,0,40,<=50K
5528,43,98130,13,0,0,39,<=50K
5529,62,235521,9,0,0,48,<=50K
5531,31,349148,10,0,0,48,<=50K
5533,26,164583,9,0,0,30,<=50K
5534,39,340091,10,0,0,75,<=50K
5535,25,49092,13,0,0,40,<=50K
5536,54,186884,10,0,0,30,<=50K
5539,21,265116,10,0,0,40,<=50K
5540,50,128378,3,0,0,55,<=50K
5541,33,158416,9,0,0,40,<=50K
5544,33,342458,12,0,0,56,<=50K
5545,21,38771,10,0,0,40,<=50K
5546,35,269300,13,0,0,60,<=50K
5548,57,199114,6,0,0,30,<=50K
5549,51,33863,14,0,0,45,<=50K
5550,29,132874,9,0,0,40,<=50K
5551,51,277024,9,0,0,40,<=50K
5552,35,112160,9,0,0,40,<=50K
5553,18,703067,7,0,0,20,<=50K
5554,58,127264,6,0,0,50,<=50K
5556,19,57206,9,0,0,20,<=50K
5557,37,201319,10,0,0,40,<=50K
5558,38,114079,9,0,0,44,<=50K
5559,45,230979,10,0,0,40,<=50K
5561,64,286732,4,0,0,40,<=50K
5562,38,134444,10,0,0,72,<=50K
5563,30,172403,9,0,0,30,<=50K
5564,46,191357,13,0,0,40,<=50K
5565,18,279288,6,0,0,30,<=50K
5567,30,303867,9,0,0,44,<=50K
5569,39,111499,13,0,0,40,<=50K
5571,27,61580,10,0,0,40,<=50K
5572,44,231348,10,0,0,40,<=50K
5573,33,164748,13,0,0,40,<=50K
5575,58,54566,10,0,0,35,<=50K
5576,45,34419,13,0,0,30,<=50K
5577,59,116442,10,0,0,50,<=50K
5578,29,290740,12,0,0,50,<=50K
5579,27,255582,9,0,0,40,<=50K
5583,27,329005,9,0,0,40,<=50K
5585,55,81865,11,0,0,40,<=50K
5586,32,173314,11,0,0,60,<=50K
5587,31,34572,11,0,0,45,<=50K
5590,78,363134,9,0,0,1,<=50K
5591,28,308709,13,0,0,48,<=50K
5592,30,257295,10,0,2258,40,<=50K
5594,66,142501,9,0,0,3,<=50K
5596,31,177675,13,0,0,40,<=50K
5597,26,262617,9,2597,0,40,<=50K
5598,24,200997,9,0,0,45,<=50K
5603,23,320451,13,0,0,24,<=50K
5604,23,38151,7,0,0,40,<=50K
5605,55,123382,11,0,0,35,<=50K
5607,39,484475,7,0,0,40,<=50K
5608,57,329792,4,0,0,75,<=50K
5609,35,148903,9,0,0,40,<=50K
5613,23,291407,10,0,0,25,<=50K
5615,44,476391,10,0,0,40,<=50K
5616,28,224964,9,0,0,25,<=50K
5617,26,306225,13,0,0,40,<=50K
5618,23,292023,9,0,0,45,<=50K
5619,32,94041,9,0,0,25,<=50K
5621,36,176101,10,2174,0,60,<=50K
5622,36,749105,9,0,0,36,<=50K
5623,41,230020,3,0,0,40,<=50K
5626,43,198203,10,0,0,40,<=50K
5627,35,215419,10,0,0,40,<=50K
5629,46,199316,10,0,0,40,<=50K
5630,46,146919,9,0,0,40,<=50K
5631,56,174744,9,0,0,40,<=50K
5632,45,189564,14,0,0,1,<=50K
5633,21,249957,9,0,0,40,<=50K
5635,47,156417,10,0,0,20,<=50K
5636,42,236110,3,0,0,40,<=50K
5637,19,63363,10,0,0,30,<=50K
5638,25,190107,13,0,0,40,<=50K
5640,35,176756,8,0,0,40,<=50K
5641,40,115161,9,0,0,30,<=50K
5642,57,138892,7,0,0,15,<=50K
5644,48,265083,6,0,0,38,<=50K
5645,34,249948,10,0,0,34,<=50K
5646,46,31141,10,0,0,40,<=50K
5647,30,164190,9,0,0,38,<=50K
5648,45,67544,14,0,0,50,<=50K
5650,35,199753,9,0,0,48,<=50K
5652,56,188166,9,0,0,40,<=50K
5653,50,96586,11,0,0,40,<=50K
5654,25,189590,13,0,0,40,<=50K
5655,41,140590,10,0,0,33,<=50K
5656,35,255702,9,0,0,27,<=50K
5659,37,151322,13,0,0,40,<=50K
5661,19,93604,4,0,1602,32,<=50K
5662,31,86958,5,0,0,40,<=50K
5664,33,192644,9,0,0,35,<=50K
5665,72,284080,2,0,0,40,<=50K
5667,30,190040,13,0,0,40,<=50K
5670,30,381645,13,0,0,50,<=50K
5671,32,216361,10,0,0,16,<=50K
5673,35,112271,14,0,0,40,<=50K
5675,38,352628,13,0,0,40,<=50K
5676,19,129620,6,0,0,30,<=50K
5677,32,249550,10,0,0,44,<=50K
5678,49,178749,14,0,0,40,<=50K
5679,76,173542,13,0,0,10,<=50K
5680,60,167670,13,0,0,35,<=50K
5681,60,81578,5,0,0,40,<=50K
5683,41,163322,13,0,0,30,<=50K
5684,24,152189,9,0,0,40,<=50K
5686,69,159191,10,0,810,38,<=50K
5687,71,250263,10,3432,0,30,<=50K
5689,32,131379,9,0,0,40,<=50K
5690,45,166929,7,0,0,40,<=50K
5691,59,380357,13,0,0,40,<=50K
5692,31,79190,9,0,0,35,<=50K
5693,40,342164,9,0,0,37,<=50K
5695,63,339473,10,0,0,60,<=50K
5697,51,300816,13,0,0,20,<=50K
5698,51,240988,7,0,0,40,<=50K
5699,23,149224,9,0,0,40,<=50K
5700,49,168216,4,0,0,48,<=50K
5701,56,286487,9,2885,0,45,<=50K
5704,30,188798,9,0,0,40,<=50K
5705,43,240170,13,0,0,50,<=50K
5706,31,459465,10,0,0,50,<=50K
5707,44,162506,14,0,0,35,<=50K
5714,46,27802,11,0,0,40,<=50K
5715,19,165289,10,0,0,40,<=50K
5716,19,274657,3,0,0,50,<=50K
5718,39,163237,10,0,0,65,<=50K
5719,37,170408,11,0,0,30,<=50K
5720,28,55950,13,0,0,40,<=50K
5721,40,76625,9,0,0,40,<=50K
5722,27,366066,12,0,0,40,<=50K
5723,22,349368,9,0,0,40,<=50K
5724,21,286824,10,0,0,12,<=50K
5725,32,373263,9,0,0,40,<=50K
5726,20,161978,9,0,0,40,<=50K
5729,46,110151,11,0,0,45,<=50K
5730,26,34110,10,0,0,44,<=50K
5731,47,118506,13,0,0,60,<=50K
5732,22,117789,10,0,0,10,<=50K
5733,34,353881,9,0,0,60,<=50K
5734,49,200471,2,0,0,40,<=50K
5735,20,258517,10,0,0,25,<=50K
5736,28,190367,9,0,0,45,<=50K
5737,30,174704,7,0,0,40,<=50K
5738,23,179413,9,0,0,40,<=50K
5739,20,329530,5,0,0,40,<=50K
5740,31,273818,10,0,0,55,<=50K
5741,46,256522,2,0,0,40,<=50K
5742,42,196001,9,0,0,40,<=50K
5743,60,282660,4,0,0,40,<=50K
5744,30,72630,13,0,0,50,<=50K
5745,27,50295,10,0,0,48,<=50K
5746,20,203240,5,0,0,32,<=50K
5749,61,176839,9,0,0,40,<=50K
5751,60,39952,5,2228,0,37,<=50K
5752,33,292465,5,0,0,50,<=50K
5753,40,161285,10,0,0,25,<=50K
5758,20,165804,10,0,0,40,<=50K
5759,46,318259,11,0,0,36,<=50K
5760,21,117606,10,0,0,40,<=50K
5761,37,170718,9,0,0,40,<=50K
5762,42,413297,10,0,0,40,<=50K
5763,20,190457,9,0,0,30,<=50K
5765,32,217296,9,4064,0,22,<=50K
5766,62,97231,10,0,0,1,<=50K
5768,49,420282,10,0,0,40,<=50K
5769,48,498325,12,0,0,50,<=50K
5770,24,248533,10,0,0,40,<=50K
5772,42,272910,9,0,0,40,<=50K
5773,52,206054,10,0,0,40,<=50K
5774,58,92141,12,0,0,40,<=50K
5775,37,163199,10,0,0,40,<=50K
5776,34,195860,9,0,0,40,<=50K
5777,26,115717,10,0,2051,40,<=50K
5778,18,120029,10,0,0,20,<=50K
5779,33,221762,10,0,0,40,<=50K
5780,41,342164,10,0,0,15,<=50K
5781,21,176356,12,0,0,20,<=50K
5782,23,133239,11,0,0,40,<=50K
5783,26,169101,10,0,0,40,<=50K
5784,33,159442,13,0,0,40,<=50K
5785,24,174461,10,0,0,45,<=50K
5786,43,361280,6,0,0,42,<=50K
5787,52,447579,9,0,0,40,<=50K
5788,27,308995,10,0,0,40,<=50K
5789,61,248448,4,0,0,40,<=50K
5790,35,161141,9,0,0,40,<=50K
5795,35,348690,13,0,0,40,<=50K
5797,22,206861,10,0,0,40,<=50K
5799,20,130840,9,0,0,20,<=50K
5800,19,415354,6,0,0,40,<=50K
5801,27,132191,9,0,0,40,<=50K
5802,42,202466,12,0,0,45,<=50K
5803,27,224421,10,0,0,40,<=50K
5804,23,236804,10,0,0,35,<=50K
5805,20,107658,10,0,0,10,<=50K
5806,47,102771,9,0,0,50,<=50K
5807,17,221403,8,0,0,18,<=50K
5808,76,211574,6,0,0,1,<=50K
5809,39,52645,10,0,0,40,<=50K
5810,25,276310,5,0,0,40,<=50K
5811,31,134613,11,0,0,43,<=50K
5812,44,215479,9,0,0,20,<=50K
5814,34,265807,10,0,0,45,<=50K
5815,45,67716,10,0,0,60,<=50K
5816,34,178951,9,0,0,45,<=50K
5818,36,176544,10,0,0,48,<=50K
5819,45,169180,10,0,0,45,<=50K
5820,37,282461,10,0,0,60,<=50K
5823,38,414991,9,0,0,70,<=50K
5824,65,338316,10,0,0,40,<=50K
5825,49,59612,6,0,0,70,<=50K
5826,24,220426,9,0,0,40,<=50K
5827,54,115912,10,0,0,40,<=50K
5828,17,27032,6,0,0,12,<=50K
5829,19,170720,8,0,0,16,<=50K
5830,60,183162,9,0,0,40,<=50K
5832,78,165694,14,0,0,15,<=50K
5833,26,128553,10,0,0,40,<=50K
5834,58,209423,2,0,0,38,<=50K
5835,37,121510,9,0,0,55,<=50K
5837,30,133602,13,0,0,40,<=50K
5838,19,391329,10,0,0,30,<=50K
5840,22,203894,10,0,0,24,<=50K
5841,50,196193,14,0,0,60,<=50K
5842,25,195994,2,0,0,40,<=50K
5843,18,50879,6,0,0,6,<=50K
5844,21,186849,9,0,0,40,<=50K
5845,47,201127,10,0,0,50,<=50K
5846,33,110998,9,0,0,36,<=50K
5847,39,190466,9,2174,0,40,<=50K
5849,19,167140,10,0,1602,24,<=50K
5850,18,110230,6,0,0,11,<=50K
5851,36,287658,9,0,0,40,<=50K
5852,23,224954,10,0,0,25,<=50K
5853,25,394820,10,0,0,20,<=50K
5854,40,37618,10,0,0,40,<=50K
5855,73,29306,9,0,0,40,<=50K
5856,35,37314,10,5013,0,40,<=50K
5858,20,482732,6,0,0,40,<=50K
5859,20,206215,9,0,0,40,<=50K
5860,27,101364,9,0,0,40,<=50K
5861,66,185369,6,0,0,30,<=50K
5862,66,216856,14,0,0,50,<=50K
5863,64,256019,14,0,0,35,<=50K
5864,48,348144,10,3325,0,53,<=50K
5865,24,190293,13,0,0,40,<=50K
5866,51,25932,9,0,0,60,<=50K
5868,33,166961,7,0,0,20,<=50K
5869,50,86373,9,0,0,50,<=50K
5870,51,320513,4,0,0,50,<=50K
5872,41,111891,4,0,0,40,<=50K
5873,30,45796,10,0,0,40,<=50K
5874,59,108496,10,2907,0,40,<=50K
5877,37,323155,2,0,0,85,<=50K
5878,28,65389,9,0,0,30,<=50K
5879,19,414871,9,0,0,40,<=50K
5880,28,161607,10,0,0,45,<=50K
5881,62,224953,6,0,0,40,<=50K
5883,58,231818,6,0,0,40,<=50K
5884,42,184018,9,1151,0,50,<=50K
5885,43,133060,9,0,0,40,<=50K
5886,29,35032,9,0,0,40,<=50K
5887,32,304212,9,0,0,50,<=50K
5888,64,50442,5,0,0,40,<=50K
5890,26,267431,13,0,0,20,<=50K
5891,19,121240,9,0,0,30,<=50K
5892,21,192572,9,0,0,45,<=50K
5893,32,211028,10,0,0,40,<=50K
5894,30,346122,12,5013,0,45,<=50K
5895,26,202203,13,0,0,50,<=50K
5896,20,159297,10,0,0,15,<=50K
5897,19,310158,10,0,0,30,<=50K
5899,23,200089,10,0,0,40,<=50K
5900,29,38353,9,0,0,45,<=50K
5901,42,76280,9,0,0,40,<=50K
5902,30,243665,9,0,0,50,<=50K
5903,63,68872,9,0,0,20,<=50K
5904,34,103596,9,0,0,40,<=50K
5905,60,88055,10,0,0,24,<=50K
5906,48,186203,9,0,0,50,<=50K
5907,25,257910,13,0,0,50,<=50K
5908,27,200227,11,0,0,40,<=50K
5910,32,227669,10,0,0,40,<=50K
5911,22,117210,10,0,0,25,<=50K
5912,25,76144,9,0,0,50,<=50K
5913,18,98667,7,0,0,16,<=50K
5914,24,155818,10,0,0,44,<=50K
5915,29,283760,13,0,0,40,<=50K
5916,73,281907,7,0,0,3,<=50K
5918,33,202153,14,0,0,40,<=50K
5920,22,187538,6,0,0,40,<=50K
5921,33,209432,9,0,0,20,<=50K
5922,33,126950,9,0,0,60,<=50K
5923,42,110028,9,0,0,40,<=50K
5924,43,104660,13,0,0,45,<=50K
5926,42,259643,14,4650,0,40,<=50K
5927,22,217961,10,0,1719,30,<=50K
5928,21,134746,10,0,0,35,<=50K
5930,39,25803,10,0,0,55,<=50K
5932,20,325493,9,0,0,40,<=50K
5933,47,211239,10,0,0,40,<=50K
5934,44,206686,10,0,0,40,<=50K
5935,29,427965,13,0,0,40,<=50K
5938,52,124993,9,0,0,55,<=50K
5939,36,107410,9,0,0,40,<=50K
5942,26,213799,6,0,0,40,<=50K
5945,20,116375,5,0,0,40,<=50K
5946,34,210164,10,0,1740,40,<=50K
5947,56,258752,13,0,0,60,<=50K
5949,24,301199,10,0,0,20,<=50K
5950,24,186221,7,0,0,35,<=50K
5951,23,203924,13,0,0,50,<=50K
5952,27,192236,13,0,0,45,<=50K
5953,25,152035,9,0,0,40,<=50K
5954,29,201454,10,0,0,40,<=50K
5956,51,115851,9,0,0,40,<=50K
5957,31,106753,11,0,1740,40,<=50K
5958,59,359292,2,0,0,40,<=50K
5959,29,83003,9,0,0,40,<=50K
5960,18,78817,9,0,0,20,<=50K
5961,24,200967,9,0,0,36,<=50K
5962,38,107164,10,0,0,40,<=50K
5963,36,189674,9,0,0,28,<=50K
5964,34,90614,9,0,0,50,<=50K
5966,45,242552,8,0,0,35,<=50K
5967,21,90935,11,0,0,40,<=50K
5969,32,162604,9,0,0,40,<=50K
5971,53,97411,3,0,0,40,<=50K
5972,42,184857,9,0,0,16,<=50K
5973,32,165226,9,0,0,40,<=50K
5974,49,115784,9,0,0,40,<=50K
5975,62,368476,3,0,0,24,<=50K
5976,28,53063,13,0,0,45,<=50K
5978,32,153471,9,0,0,35,<=50K
5981,44,236321,9,0,0,25,<=50K
5982,19,141868,9,0,0,40,<=50K
5983,22,367655,10,0,0,40,<=50K
5984,24,203518,13,0,0,40,<=50K
5986,56,108276,13,0,0,40,<=50K
5987,37,385452,6,0,0,40,<=50K
5988,43,162003,10,0,0,40,<=50K
5989,32,349028,9,0,0,40,<=50K
5990,34,45114,13,0,0,40,<=50K
5991,44,112797,5,0,0,50,<=50K
5992,28,183639,9,0,0,40,<=50K
5993,35,177121,9,0,0,35,<=50K
5994,38,239755,9,0,0,40,<=50K
5995,26,150361,10,0,0,40,<=50K
5996,20,293091,7,0,0,60,<=50K
5998,40,91836,9,0,0,45,<=50K
5999,23,324960,9,0,0,40,<=50K
6000,79,84616,7,0,0,7,<=50K
6001,44,252930,6,0,0,42,<=50K
6003,30,154843,9,0,0,40,<=50K
6006,33,93206,3,0,0,40,<=50K
6009,41,121287,9,0,0,40,<=50K
6012,28,39232,13,0,0,45,<=50K
6013,31,133861,11,0,0,40,<=50K
6014,22,505980,9,0,0,40,<=50K
6015,67,183374,9,2329,0,15,<=50K
6018,23,549349,10,0,0,40,<=50K
6019,29,179008,12,0,0,50,<=50K
6021,47,80924,10,0,0,35,<=50K
6022,51,319054,9,0,0,60,<=50K
6023,34,297094,9,0,0,40,<=50K
6026,29,297544,9,0,0,40,<=50K
6027,25,169905,10,0,0,40,<=50K
6028,21,149637,10,0,0,40,<=50K
6029,38,182526,13,0,0,40,<=50K
6031,61,227232,13,0,0,30,<=50K
6033,41,286970,13,0,0,40,<=50K
6034,27,223529,11,0,0,43,<=50K
6037,26,224361,4,0,0,75,<=50K
6038,43,124919,9,0,0,60,<=50K
6039,55,103654,9,0,0,20,<=50K
6040,25,306352,11,0,0,40,<=50K
6041,26,227858,10,0,0,48,<=50K
6043,25,144478,10,0,0,40,<=50K
6044,22,254547,10,0,0,30,<=50K
6046,61,149981,9,2414,0,5,<=50K
6047,42,125461,13,0,0,40,<=50K
6048,21,306967,11,0,0,40,<=50K
6049,44,192976,9,0,0,40,<=50K
6050,65,192133,9,2290,0,40,<=50K
6051,56,131608,9,0,0,10,<=50K
6052,33,339388,12,0,0,40,<=50K
6053,22,203240,6,0,0,40,<=50K
6054,43,83827,9,0,0,24,<=50K
6055,45,160440,9,0,0,42,<=50K
6056,42,108502,9,0,0,42,<=50K
6057,37,410913,9,0,0,40,<=50K
6058,56,193818,5,0,0,40,<=50K
6059,35,163582,6,0,0,16,<=50K
6060,40,103789,12,0,0,32,<=50K
6061,31,34572,13,0,0,55,<=50K
6062,26,43408,13,0,0,40,<=50K
6063,26,105787,13,0,0,40,<=50K
6064,42,90693,13,0,0,70,<=50K
6065,45,285575,9,0,0,40,<=50K
6067,22,496025,10,0,0,40,<=50K
6068,33,382764,13,0,0,40,<=50K
6069,37,259284,9,0,0,50,<=50K
6070,48,185385,9,0,0,98,<=50K
6071,57,286836,6,0,0,8,<=50K
6072,47,139145,10,0,0,60,<=50K
6073,58,44246,5,0,0,40,<=50K
6074,55,169611,7,0,0,40,<=50K
6075,52,133403,10,0,0,55,<=50K
6076,29,187327,13,0,0,40,<=50K
6077,42,180032,14,0,0,40,<=50K
6078,23,46561,9,0,0,60,<=50K
6079,23,86065,8,0,0,30,<=50K
6080,46,256014,11,0,0,60,<=50K
6081,30,188403,10,0,0,40,<=50K
6083,25,60485,10,0,0,30,<=50K
6085,56,229525,5,0,0,40,<=50K
6086,33,34574,9,0,0,43,<=50K
6087,19,112432,10,0,0,10,<=50K
6088,20,105312,10,0,0,18,<=50K
6089,34,221396,10,0,0,40,<=50K
6090,34,304872,5,0,0,40,<=50K
6091,55,319733,9,0,0,40,<=50K
6092,55,176012,5,0,0,23,<=50K
6093,31,213750,10,0,0,45,<=50K
6094,30,248384,9,0,0,40,<=50K
6095,31,351187,9,0,0,40,<=50K
6096,51,138179,9,0,1876,40,<=50K
6097,59,50223,9,0,0,40,<=50K
6098,58,117477,9,0,0,36,<=50K
6099,40,194360,5,0,0,40,<=50K
6100,54,118108,9,0,0,40,<=50K
6102,18,38307,7,0,0,30,<=50K
6103,41,116391,10,0,0,40,<=50K
6104,57,210496,6,0,0,40,<=50K
6106,46,174386,9,0,0,24,<=50K
6107,39,166744,9,0,0,38,<=50K
6108,19,375114,9,0,0,40,<=50K
6109,41,373469,12,0,0,40,<=50K
6110,54,339667,9,0,0,41,<=50K
6113,26,236242,15,0,0,30,<=50K
6114,57,140319,9,0,0,50,<=50K
6117,60,187124,9,0,0,40,<=50K
6118,22,72310,9,0,0,70,<=50K
6119,58,175127,8,0,0,40,<=50K
6122,18,71792,9,0,0,40,<=50K
6123,56,87584,9,0,0,40,<=50K
6125,40,287983,13,0,2258,48,<=50K
6126,38,110607,9,0,0,32,<=50K
6127,58,109015,10,0,0,40,<=50K
6128,23,235071,10,0,0,50,<=50K
6129,63,88653,10,0,0,40,<=50K
6130,51,332243,13,0,0,45,<=50K
6131,22,291547,3,0,0,40,<=50K
6132,44,45093,9,0,0,70,<=50K
6133,46,161337,10,0,0,40,<=50K
6134,64,211222,13,0,0,40,<=50K
6136,31,206541,10,0,0,40,<=50K
6138,21,29810,9,0,0,50,<=50K
6139,30,108023,10,0,0,40,<=50K
6140,31,114324,11,0,0,40,<=50K
6141,54,172281,9,0,2051,50,<=50K
6142,59,197290,5,0,0,40,<=50K
6144,57,562558,9,0,0,40,<=50K
6145,44,79531,9,0,0,45,<=50K
6146,53,157881,10,0,0,60,<=50K
6148,19,185695,10,0,0,20,<=50K
6150,31,83748,10,0,0,70,<=50K
6151,27,39232,9,0,0,40,<=50K
6152,46,236827,5,0,0,40,<=50K
6153,37,154410,14,0,0,40,<=50K
6154,27,135308,13,0,0,40,<=50K
6155,33,204042,10,0,0,55,<=50K
6156,20,308239,10,0,0,16,<=50K
6157,55,183884,9,0,0,45,<=50K
6158,39,98948,12,0,0,40,<=50K
6159,41,141642,9,0,0,40,<=50K
6160,30,162623,13,0,0,40,<=50K
6161,39,186934,13,0,0,40,<=50K
6162,28,179512,9,0,0,50,<=50K
6163,25,391192,10,0,0,24,<=50K
6164,31,87054,9,0,0,50,<=50K
6165,51,30008,9,0,0,60,<=50K
6166,24,113466,13,0,0,40,<=50K
6167,70,642830,9,0,0,32,<=50K
6168,23,182117,10,0,0,40,<=50K
6169,61,162432,9,0,0,40,<=50K
6171,47,170850,9,4064,0,60,<=50K
6172,56,435022,10,0,0,50,<=50K
6174,20,170800,10,0,0,15,<=50K
6175,30,268575,9,0,0,40,<=50K
6176,27,269354,13,0,0,25,<=50K
6178,60,153072,9,0,0,5,<=50K
6180,71,163293,15,0,0,2,<=50K
6182,29,183523,10,0,0,40,<=50K
6183,33,207267,6,3418,0,35,<=50K
6185,33,176711,12,0,0,50,<=50K
6187,33,394727,6,0,0,40,<=50K
6188,33,195488,9,0,0,52,<=50K
6189,32,443546,9,0,0,45,<=50K
6190,21,121023,10,0,0,9,<=50K
6191,38,51838,9,0,0,40,<=50K
6193,39,189385,10,0,0,30,<=50K
6194,17,198146,7,0,0,15,<=50K
6195,21,337766,10,0,0,40,<=50K
6198,36,173804,7,0,0,40,<=50K
6201,28,119793,13,0,0,40,<=50K
6202,37,181705,11,0,0,40,<=50K
6203,50,182360,9,0,0,60,<=50K
6204,49,61885,7,0,0,40,<=50K
6206,40,323790,10,0,0,40,<=50K
6207,49,146268,10,0,0,40,<=50K
6209,33,292217,9,0,0,40,<=50K
6210,24,88126,9,0,0,40,<=50K
6211,41,143046,14,0,0,40,<=50K
6214,84,155057,13,0,0,20,<=50K
6215,23,260254,9,0,0,40,<=50K
6218,30,523095,10,0,0,45,<=50K
6219,46,175262,12,0,0,40,<=50K
6221,34,316470,10,0,0,40,<=50K
6222,54,163815,14,0,0,60,<=50K
6223,27,72208,10,0,0,40,<=50K
6226,25,266668,9,0,0,40,<=50K
6228,24,336088,9,0,0,50,<=50K
6229,36,190350,9,0,0,40,<=50K
6230,31,204052,9,0,0,40,<=50K
6231,66,31362,10,0,0,20,<=50K
6232,90,155981,13,10566,0,50,<=50K
6234,22,269583,4,2580,0,40,<=50K
6235,47,26994,10,0,0,35,<=50K
6237,55,189933,4,0,0,50,<=50K
6238,32,101283,9,0,0,35,<=50K
6239,48,113598,10,0,0,40,<=50K
6240,21,188793,9,0,0,35,<=50K
6241,33,109996,12,0,0,40,<=50K
6242,27,195681,10,0,0,48,<=50K
6243,47,436770,11,0,0,40,<=50K
6244,18,84253,7,0,0,24,<=50K
6246,23,216867,10,0,0,37,<=50K
6247,18,401051,6,0,0,35,<=50K
6248,56,83196,9,0,0,50,<=50K
6249,24,325596,13,0,0,35,<=50K
6251,23,193949,13,0,0,60,<=50K
6252,26,133373,10,0,0,42,<=50K
6253,42,113324,9,0,0,40,<=50K
6254,23,178818,9,0,0,40,<=50K
6255,53,152810,6,0,0,40,<=50K
6257,40,436493,9,0,0,25,<=50K
6258,27,704108,13,0,0,50,<=50K
6259,24,150084,10,0,0,60,<=50K
6260,42,341204,9,0,0,40,<=50K
6261,41,187336,9,0,0,40,<=50K
6262,23,204209,10,0,0,10,<=50K
6263,42,206066,14,0,0,65,<=50K
6265,63,391121,4,0,0,30,<=50K
6266,31,56026,9,0,0,40,<=50K
6267,18,60981,7,0,0,4,<=50K
6268,21,228255,10,0,0,30,<=50K
6269,24,86745,13,0,0,40,<=50K
6270,55,234327,10,0,0,40,<=50K
6271,20,59948,5,114,0,20,<=50K
6272,31,137814,10,0,0,30,<=50K
6273,23,167692,10,0,0,20,<=50K
6274,35,245090,9,0,0,40,<=50K
6275,51,256963,10,0,0,60,<=50K
6276,19,160033,10,0,0,30,<=50K
6277,38,289430,9,0,0,56,<=50K
6278,52,305053,9,0,2051,40,<=50K
6279,70,172370,15,0,0,25,<=50K
6280,53,320510,6,0,0,40,<=50K
6282,39,65027,10,0,0,43,<=50K
6283,18,215190,8,0,0,20,<=50K
6284,41,149385,9,0,0,30,<=50K
6285,19,169324,10,0,0,10,<=50K
6286,24,138938,10,0,0,40,<=50K
6287,25,557082,9,0,0,38,<=50K
6288,32,273287,10,0,0,40,<=50K
6290,35,317153,9,0,0,40,<=50K
6292,18,302859,9,0,0,20,<=50K
6293,37,333651,9,0,0,42,<=50K
6294,30,177596,10,0,0,36,<=50K
6296,22,184779,9,0,0,40,<=50K
6297,50,138358,10,0,0,28,<=50K
6298,70,176285,9,0,0,23,<=50K
6300,77,209507,10,0,0,40,<=50K
6301,30,229741,9,0,0,40,<=50K
6302,33,324546,10,0,0,39,<=50K
6305,22,250647,10,0,0,12,<=50K
6306,33,477106,9,0,0,40,<=50K
6307,27,104329,7,0,0,40,<=50K
6308,35,224566,10,0,0,60,<=50K
6309,32,169841,10,0,0,55,<=50K
6311,37,31368,10,0,0,40,<=50K
6312,17,132755,7,0,0,15,<=50K
6314,31,86143,9,0,0,40,<=50K
6315,54,44172,9,0,0,38,<=50K
6316,23,93076,9,0,0,40,<=50K
6317,40,146653,13,0,0,20,<=50K
6318,29,221366,13,5013,0,40,<=50K
6319,38,189404,9,0,0,35,<=50K
6320,30,172304,11,0,0,55,<=50K
6321,20,116666,10,0,0,8,<=50K
6322,43,64112,10,0,0,50,<=50K
6323,25,55718,10,0,0,25,<=50K
6326,41,226505,9,0,0,40,<=50K
6327,24,211527,13,0,0,30,<=50K
6328,20,175069,10,0,0,40,<=50K
6329,25,25249,10,0,0,40,<=50K
6333,34,41809,10,0,0,40,<=50K
6335,46,141483,9,0,0,40,<=50K
6336,42,117227,14,0,0,45,<=50K
6338,34,167063,9,0,0,40,<=50K
6339,43,253759,10,0,0,40,<=50K
6340,42,183096,10,0,0,40,<=50K
6341,31,269654,13,0,0,48,<=50K
6342,70,293076,10,0,0,30,<=50K
6343,32,34104,10,0,0,40,<=50K
6345,42,369781,4,0,0,25,<=50K
6346,21,223811,11,0,0,40,<=50K
6347,24,163053,13,0,0,40,<=50K
6348,23,189461,9,0,0,55,<=50K
6350,37,86310,10,0,0,45,<=50K
6351,19,263224,7,0,0,30,<=50K
6353,29,301031,9,0,0,40,<=50K
6354,30,74966,11,0,0,24,<=50K
6355,36,254493,10,0,0,44,<=50K
6356,49,204241,13,0,0,45,<=50K
6357,29,225024,9,0,0,40,<=50K
6358,45,148222,9,0,0,40,<=50K
6360,42,132633,9,0,0,40,<=50K
6361,37,44780,12,0,0,40,<=50K
6362,51,86373,13,0,0,25,<=50K
6363,61,176753,9,0,0,48,<=50K
6364,33,164707,12,2174,0,55,<=50K
6365,50,370733,9,0,0,40,<=50K
6366,59,216851,9,0,0,40,<=50K
6367,25,137951,9,0,0,30,<=50K
6368,22,185279,9,0,0,16,<=50K
6370,44,103233,13,0,0,40,<=50K
6371,35,63509,11,0,0,50,<=50K
6372,57,174353,9,0,0,40,<=50K
6374,27,159724,13,0,0,40,<=50K
6375,50,105010,9,0,2051,20,<=50K
6376,30,179112,13,0,0,40,<=50K
6377,46,364913,7,0,0,40,<=50K
6380,33,86492,9,0,0,87,<=50K
6381,40,71305,9,0,0,40,<=50K
6385,51,139127,10,0,0,50,<=50K
6386,37,301568,8,0,0,40,<=50K
6387,64,149044,14,0,2057,60,<=50K
6388,41,197344,9,0,0,54,<=50K
6389,18,32244,7,594,0,30,<=50K
6390,44,315406,7,0,0,88,<=50K
6393,37,196338,5,0,0,16,<=50K
6394,34,269243,10,0,0,40,<=50K
6395,24,215115,13,0,0,40,<=50K
6396,20,117767,10,0,0,40,<=50K
6397,38,176101,13,0,0,40,<=50K
6398,28,138283,11,0,0,40,<=50K
6399,20,132320,9,0,0,45,<=50K
6400,22,471452,13,0,0,8,<=50K
6401,55,147653,13,0,0,73,<=50K
6402,20,49179,10,0,0,35,<=50K
6403,26,174921,13,0,0,40,<=50K
6404,20,95997,9,0,0,70,<=50K
6405,40,247245,5,0,0,40,<=50K
6407,54,95329,10,0,0,50,<=50K
6408,24,107882,9,0,0,40,<=50K
6409,25,241825,10,0,0,46,<=50K
6410,18,79443,7,0,0,8,<=50K
6411,49,233059,9,0,0,60,<=50K
6412,17,226980,8,0,0,17,<=50K
6413,34,181087,11,0,0,45,<=50K
6417,37,83375,9,0,0,40,<=50K
6418,20,115824,7,0,1573,40,<=50K
6421,30,177216,15,0,1740,40,<=50K
6422,44,228057,9,0,0,40,<=50K
6423,40,222848,6,0,0,32,<=50K
6424,58,121111,9,0,0,40,<=50K
6425,44,298885,9,0,0,40,<=50K
6427,39,387430,9,0,0,18,<=50K
6428,19,121972,9,0,0,40,<=50K
6430,29,191355,14,0,0,40,<=50K
6431,34,112115,10,0,0,40,<=50K
6432,38,104094,10,0,0,15,<=50K
6433,27,211032,1,41310,0,24,<=50K
6434,54,199307,10,0,0,48,<=50K
6435,40,205175,9,0,0,37,<=50K
6436,19,257750,10,0,0,25,<=50K
6437,17,191260,7,594,0,10,<=50K
6438,33,342730,10,0,0,52,<=50K
6439,80,249983,4,0,0,24,<=50K
6440,24,161508,9,0,0,50,<=50K
6441,28,338376,13,0,0,40,<=50K
6443,21,133471,10,0,0,40,<=50K
6444,51,129177,9,0,0,38,<=50K
6445,19,178811,9,0,0,40,<=50K
6446,42,178537,9,0,0,24,<=50K
6447,60,235535,9,0,0,48,<=50K
6448,20,298155,10,0,0,40,<=50K
6449,51,145114,9,0,0,40,<=50K
6450,21,194096,10,0,0,40,<=50K
6451,37,191779,10,0,0,40,<=50K
6452,26,159732,9,0,0,52,<=50K
6454,40,104719,10,0,0,40,<=50K
6456,33,403552,9,0,0,32,<=50K
6458,47,179313,6,0,0,30,<=50K
6459,26,51961,8,0,0,51,<=50K
6460,59,426001,9,0,0,20,<=50K
6461,70,176493,10,0,0,17,<=50K
6462,26,124068,10,0,0,20,<=50K
6463,47,108510,6,0,0,65,<=50K
6464,25,181528,14,0,0,43,<=50K
6466,46,169699,9,0,0,40,<=50K
6467,67,126849,6,0,0,20,<=50K
6469,53,116367,10,4650,0,40,<=50K
6470,22,117363,13,0,0,35,<=50K
6471,39,106297,9,0,0,42,<=50K
6472,54,108933,9,0,0,35,<=50K
6473,24,190143,13,0,0,40,<=50K
6474,37,246677,9,0,0,38,<=50K
6476,41,210259,14,0,0,40,<=50K
6477,36,166304,9,0,0,33,<=50K
6479,39,49308,13,0,0,40,<=50K
6480,26,192262,13,0,0,45,<=50K
6481,49,192349,14,4650,0,40,<=50K
6486,57,215175,14,0,0,60,<=50K
6488,29,464536,13,0,0,40,<=50K
6489,21,451996,9,0,0,40,<=50K
6490,51,138852,9,0,0,40,<=50K
6491,46,353012,9,0,0,40,<=50K
6493,50,324506,9,0,0,48,<=50K
6494,36,162256,9,0,0,40,<=50K
6495,31,356689,13,0,0,40,<=50K
6496,20,260199,9,0,0,10,<=50K
6497,36,103605,9,0,0,40,<=50K
6498,38,316211,9,0,0,40,<=50K
6501,18,334427,6,0,0,36,<=50K
6502,33,213226,9,0,0,50,<=50K
6503,35,342824,9,1151,0,40,<=50K
6504,23,33105,10,0,0,40,<=50K
6505,37,147638,13,0,0,36,<=50K
6506,25,315643,9,0,0,30,<=50K
6507,51,106257,12,0,0,40,<=50K
6508,35,342768,9,0,0,40,<=50K
6509,54,108960,7,0,0,40,<=50K
6510,66,168071,9,0,0,30,<=50K
6511,32,136935,9,0,0,13,<=50K
6514,45,202496,13,0,0,37,<=50K
6515,61,134768,10,0,0,40,<=50K
6516,40,175686,10,0,0,40,<=50K
6517,24,194748,9,0,0,49,<=50K
6518,49,61307,4,0,0,38,<=50K
6520,34,325658,9,0,0,40,<=50K
6521,28,201844,9,0,0,40,<=50K
6522,20,505980,10,0,0,40,<=50K
6523,30,185336,10,0,0,37,<=50K
6525,26,126829,10,0,0,40,<=50K
6526,63,264600,6,0,0,45,<=50K
6527,36,82743,12,0,0,55,<=50K
6529,22,128487,9,0,0,10,<=50K
6531,31,128220,4,0,0,35,<=50K
6532,49,176814,10,0,0,50,<=50K
6534,23,156423,13,0,0,20,<=50K
6536,34,157289,9,0,0,40,<=50K
6538,44,171424,10,0,2205,35,<=50K
6539,33,91811,9,0,0,40,<=50K
6540,21,203924,10,2597,0,45,<=50K
6541,55,177484,7,0,1672,40,<=50K
6542,17,454614,7,0,0,8,<=50K
6543,75,242108,9,2346,0,15,<=50K
6544,61,132972,5,0,0,40,<=50K
6545,53,157947,9,0,0,40,<=50K
6549,30,203834,13,0,0,50,<=50K
6550,29,110442,9,0,0,45,<=50K
6551,25,240676,10,0,0,40,<=50K
6552,37,192939,9,0,0,40,<=50K
6553,43,260696,13,0,0,55,<=50K
6554,40,55363,9,0,0,40,<=50K
6557,31,357954,12,0,0,20,<=50K
6558,21,170038,10,0,0,40,<=50K
6559,32,190290,9,0,0,40,<=50K
6560,26,203279,15,2463,0,50,<=50K
6562,44,138845,10,0,0,40,<=50K
6564,21,161930,9,0,1504,30,<=50K
6565,26,55743,9,0,0,30,<=50K
6566,40,117721,9,0,0,60,<=50K
6567,19,116385,7,0,0,40,<=50K
6568,58,301867,9,0,0,40,<=50K
6570,28,123983,10,0,0,63,<=50K
6571,26,165510,13,0,0,40,<=50K
6572,64,183513,9,0,0,25,<=50K
6575,45,110171,9,0,0,40,<=50K
6577,41,359259,9,0,0,40,<=50K
6578,51,125796,7,0,0,40,<=50K
6579,34,39609,11,0,0,40,<=50K
6582,35,120066,10,0,0,60,<=50K
6583,41,132633,7,0,0,25,<=50K
6584,39,192702,14,0,0,50,<=50K
6585,41,166813,10,0,0,55,<=50K
6586,33,40444,10,0,0,40,<=50K
6587,22,290504,9,0,0,40,<=50K
6588,25,178505,10,0,1504,45,<=50K
6589,25,175370,10,0,0,40,<=50K
6591,33,234542,11,0,0,40,<=50K
6592,66,284021,9,0,0,40,<=50K
6593,19,277974,10,0,0,35,<=50K
6594,44,111275,9,0,0,38,<=50K
6596,28,125527,10,0,0,50,<=50K
6597,19,38294,9,2597,0,40,<=50K
6600,33,198660,13,0,0,50,<=50K
6601,44,216116,9,0,0,40,<=50K
6602,62,200922,4,0,0,40,<=50K
6604,41,406603,9,0,0,6,<=50K
6605,23,248344,10,0,0,30,<=50K
6607,38,314310,14,0,0,45,<=50K
6610,29,178272,9,0,0,40,<=50K
6611,66,75134,9,0,0,25,<=50K
6612,19,195985,9,0,0,50,<=50K
6613,23,221955,5,0,0,39,<=50K
6615,39,182828,14,0,0,45,<=50K
6616,33,270889,9,0,0,60,<=50K
6617,43,183096,10,0,0,10,<=50K
6618,27,336951,9,0,0,99,<=50K
6619,33,295589,10,0,0,35,<=50K
6620,26,289980,3,0,0,30,<=50K
6622,46,163352,9,0,0,36,<=50K
6623,38,190776,12,0,0,40,<=50K
6624,90,313986,7,0,0,40,<=50K
6626,20,163003,9,0,0,15,<=50K
6627,29,183061,9,0,0,48,<=50K
6628,49,123584,7,0,0,75,<=50K
6629,23,120910,9,0,0,35,<=50K
6630,20,227554,10,0,0,18,<=50K
6631,57,182677,13,4508,0,40,<=50K
6632,46,214955,12,0,0,40,<=50K
6634,24,258120,13,0,0,55,<=50K
6635,49,110015,11,0,0,45,<=50K
6636,54,152652,9,0,0,65,<=50K
6638,31,114639,11,0,0,50,<=50K
6640,18,128538,10,0,0,6,<=50K
6641,19,131615,9,0,0,40,<=50K
6642,46,353824,12,0,0,40,<=50K
6643,43,178417,13,0,0,40,<=50K
6644,58,178644,9,0,0,40,<=50K
6645,43,271665,9,0,0,45,<=50K
6646,37,223732,10,0,0,40,<=50K
6647,21,169003,8,0,0,25,<=50K
6650,28,265628,11,0,0,40,<=50K
6651,34,173495,9,0,0,40,<=50K
6653,39,31670,9,0,0,65,<=50K
6654,49,154451,7,0,0,35,<=50K
6656,31,118941,10,0,0,20,<=50K
6657,18,214617,10,0,0,30,<=50K
6659,46,276087,9,5013,0,50,<=50K
6662,21,434102,10,0,0,40,<=50K
6663,18,387641,10,0,0,40,<=50K
6666,58,87329,7,0,0,48,<=50K
6667,36,263130,14,0,0,40,<=50K
6668,38,262882,9,0,0,40,<=50K
6670,19,27433,7,0,0,40,<=50K
6671,38,393945,11,0,0,36,<=50K
6672,26,173927,11,0,0,60,<=50K
6673,38,343403,12,0,0,16,<=50K
6674,36,111128,10,0,0,45,<=50K
6676,25,310864,13,0,0,40,<=50K
6678,33,113364,9,0,0,45,<=50K
6679,63,198559,9,0,0,16,<=50K
6680,51,136913,9,0,0,40,<=50K
6681,34,115488,9,0,0,40,<=50K
6682,33,154227,11,0,0,40,<=50K
6683,25,279667,6,0,0,45,<=50K
6684,30,281030,9,0,0,66,<=50K
6685,19,283945,10,0,0,25,<=50K
6687,26,391349,13,0,0,40,<=50K
6688,21,166704,10,0,0,14,<=50K
6690,60,199085,6,0,0,40,<=50K
6691,28,61487,9,0,0,40,<=50K
6692,19,120251,9,0,0,14,<=50K
6693,42,273230,13,0,0,90,<=50K
6694,36,358373,9,0,0,36,<=50K
6695,35,267891,9,0,0,38,<=50K
6696,22,234880,10,0,0,25,<=50K
6698,36,96452,13,0,0,45,<=50K
6699,55,204751,9,0,0,65,<=50K
6700,57,375868,14,0,0,40,<=50K
6701,56,413373,4,0,0,36,<=50K
6702,24,537222,9,0,0,50,<=50K
6704,51,162327,7,0,0,40,<=50K
6705,34,182691,9,0,0,44,<=50K
6706,36,300829,12,0,0,42,<=50K
6707,51,114508,5,0,0,40,<=50K
6709,42,129684,9,5455,0,50,<=50K
6710,25,120041,13,0,0,40,<=50K
6711,22,361138,9,0,0,50,<=50K
6712,37,76893,9,0,0,40,<=50K
6715,40,229148,8,0,0,40,<=50K
6717,52,181901,9,0,0,20,<=50K
6718,18,152004,7,0,0,20,<=50K
6719,27,205188,6,0,0,40,<=50K
6720,48,30840,10,5013,0,45,<=50K
6721,63,66634,5,0,0,16,<=50K
6722,38,180220,9,0,0,60,<=50K
6723,31,291052,10,0,2051,40,<=50K
6724,40,99651,10,0,0,60,<=50K
6725,41,327723,9,0,0,40,<=50K
6726,28,32291,13,2174,0,40,<=50K
6729,30,363296,9,0,0,72,<=50K
6730,39,86551,9,0,1876,40,<=50K
6731,28,30070,13,0,0,50,<=50K
6732,31,595000,9,0,0,35,<=50K
6733,21,152328,10,0,0,20,<=50K
6734,33,177824,9,0,0,40,<=50K
6736,22,199555,10,0,0,25,<=50K
6737,42,50018,9,0,0,40,<=50K
6738,36,218490,12,0,0,35,<=50K
6739,39,49020,14,0,1974,40,<=50K
6740,61,213321,10,0,1672,40,<=50K
6741,31,159187,9,0,0,40,<=50K
6742,21,83033,10,0,0,25,<=50K
6743,39,31848,10,2829,0,90,<=50K
6744,34,24961,9,0,0,80,<=50K
6745,21,182117,10,0,0,15,<=50K
6747,21,176690,10,0,0,24,<=50K
6748,81,122651,10,0,0,15,<=50K
6749,54,149650,9,0,0,40,<=50K
6750,34,454508,13,0,0,65,<=50K
6752,41,266530,9,0,0,45,<=50K
6753,61,198542,13,0,0,40,<=50K
6754,63,133144,9,2580,0,20,<=50K
6755,24,217961,10,0,0,40,<=50K
6756,20,221661,9,0,0,40,<=50K
6757,44,60735,13,0,0,60,<=50K
6759,31,48588,10,0,0,40,<=50K
6760,41,48087,4,0,1590,40,<=50K
6761,53,240138,9,0,0,60,<=50K
6762,63,273010,9,3471,0,40,<=50K
6766,71,205011,10,0,0,10,<=50K
6767,57,176079,9,0,0,40,<=50K
6768,22,180052,10,0,0,10,<=50K
6770,30,378723,10,0,0,55,<=50K
6771,20,233624,9,0,0,40,<=50K
6772,28,192591,13,0,0,45,<=50K
6773,54,249860,7,0,0,10,<=50K
6774,20,247564,9,0,0,35,<=50K
6775,34,238912,9,0,0,40,<=50K
6776,21,190227,10,0,0,40,<=50K
6777,29,293287,10,0,0,40,<=50K
6778,51,180807,10,0,0,40,<=50K
6779,39,250217,9,0,0,70,<=50K
6780,19,217418,10,0,0,38,<=50K
6781,22,137510,9,0,0,40,<=50K
6782,59,163047,10,0,0,38,<=50K
6783,18,577521,7,0,0,13,<=50K
6784,22,221533,9,0,0,20,<=50K
6786,39,114079,12,0,0,40,<=50K
6788,28,243762,7,0,0,40,<=50K
6789,22,113062,13,0,0,7,<=50K
6790,67,217028,14,0,0,40,<=50K
6791,17,110723,7,0,0,25,<=50K
6793,23,179423,13,0,0,5,<=50K
6794,20,339588,9,0,0,40,<=50K
6795,22,206815,9,0,0,40,<=50K
6796,47,103743,4,0,0,40,<=50K
6798,64,207321,10,0,0,20,<=50K
6799,35,197495,10,0,0,40,<=50K
6800,52,424012,10,0,0,40,<=50K
6801,29,178469,9,0,0,40,<=50K
6802,73,92886,6,0,0,40,<=50K
6805,35,28572,10,4064,0,35,<=50K
6806,18,118376,10,0,0,15,<=50K
6807,24,51799,9,0,0,40,<=50K
6808,33,115488,13,0,0,50,<=50K
6809,40,190621,10,0,0,55,<=50K
6810,55,193568,9,0,0,40,<=50K
6811,44,192878,9,0,0,40,<=50K
6812,40,264663,13,0,0,60,<=50K
6813,22,234731,9,0,0,40,<=50K
6815,45,205644,9,0,0,26,<=50K
6817,56,206399,9,0,0,40,<=50K
6818,44,124563,9,0,0,40,<=50K
6819,32,198211,10,0,0,38,<=50K
6820,17,130795,6,0,0,20,<=50K
6821,44,71269,10,0,0,50,<=50K
6822,32,319280,12,0,0,80,<=50K
6824,27,107236,9,0,0,40,<=50K
6825,32,32732,9,0,0,50,<=50K
6826,68,284763,7,0,0,70,<=50K
6827,20,112668,10,0,0,20,<=50K
6828,33,376483,10,0,0,40,<=50K
6829,24,402778,5,0,0,12,<=50K
6830,48,36177,9,0,0,45,<=50K
6831,45,125489,14,0,0,50,<=50K
6832,48,304791,10,0,0,40,<=50K
6835,39,178100,14,0,0,40,<=50K
6836,23,70261,10,0,0,30,<=50K
6837,23,186634,8,0,0,40,<=50K
6838,36,32958,10,0,0,40,<=50K
6839,25,254746,13,0,0,40,<=50K
6840,52,158746,9,0,0,40,<=50K
6841,35,140854,9,0,0,40,<=50K
6842,41,51506,9,0,0,40,<=50K
6845,58,213975,11,0,0,40,<=50K
6846,67,431426,9,0,0,2,<=50K
6847,48,199763,9,0,0,8,<=50K
6848,63,161563,9,0,0,48,<=50K
6851,36,178487,9,0,0,60,<=50K
6852,32,604506,9,0,0,72,<=50K
6853,36,228157,10,0,0,40,<=50K
6854,43,199191,10,0,0,50,<=50K
6855,27,189775,9,0,0,40,<=50K
6856,17,171080,7,0,0,12,<=50K
6857,45,117310,13,0,0,46,<=50K
6858,41,82049,9,0,0,40,<=50K
6859,41,126094,9,0,0,38,<=50K
6860,18,202516,9,0,0,35,<=50K
6861,48,246392,12,0,0,40,<=50K
6863,26,292803,10,0,0,24,<=50K
6864,54,286989,1,0,0,60,<=50K
6865,22,190483,10,0,0,48,<=50K
6866,19,235849,9,0,0,35,<=50K
6867,47,359766,4,0,0,40,<=50K
6868,32,128016,9,0,0,20,<=50K
6871,35,337286,14,0,0,40,<=50K
6872,52,204322,11,5013,0,40,<=50K
6873,73,143833,8,0,0,18,<=50K
6874,17,365613,6,0,0,10,<=50K
6875,32,100135,13,0,0,32,<=50K
6877,19,371827,9,0,0,40,<=50K
6878,26,61270,9,0,0,40,<=50K
6881,52,303462,10,0,0,40,<=50K
6882,35,193106,9,0,0,32,<=50K
6883,57,250201,7,0,0,52,<=50K
6884,35,200426,11,0,0,44,<=50K
6885,33,222654,13,0,0,40,<=50K
6886,56,53366,4,0,0,40,<=50K
6887,42,132222,13,0,0,60,<=50K
6888,17,100828,10,0,0,20,<=50K
6889,49,31264,9,0,0,35,<=50K
6891,34,168906,10,0,0,50,<=50K
6892,37,255454,10,0,0,40,<=50K
6893,22,245524,8,0,0,35,<=50K
6894,27,386040,11,0,0,40,<=50K
6895,21,35424,10,0,0,25,<=50K
6896,59,93655,10,0,0,40,<=50K
6898,53,151159,6,0,0,99,<=50K
6899,26,410240,7,0,0,40,<=50K
6901,39,269722,13,0,0,70,<=50K
6902,34,223678,9,0,0,32,<=50K
6903,54,197184,13,0,0,38,<=50K
6905,60,160625,9,5013,0,40,<=50K
6907,48,85341,13,0,0,45,<=50K
6908,35,108293,10,0,2205,40,<=50K
6909,40,192507,12,0,0,50,<=50K
6910,30,186932,13,0,0,70,<=50K
6912,31,236861,9,0,0,60,<=50K
6913,46,327886,12,0,0,40,<=50K
6914,67,407618,5,2050,0,40,<=50K
6915,62,197060,11,0,0,50,<=50K
6916,38,229180,13,0,0,40,<=50K
6917,24,284317,13,0,0,30,<=50K
6918,24,73514,10,0,0,50,<=50K
6919,27,47907,13,0,0,48,<=50K
6920,43,134782,12,0,0,30,<=50K
6921,48,118831,9,0,0,40,<=50K
6922,41,299505,9,0,0,40,<=50K
6923,30,267161,10,0,0,45,<=50K
6926,45,187730,13,0,0,40,<=50K
6927,55,109015,10,0,0,38,<=50K
6928,46,110015,4,0,0,75,<=50K
6929,24,104146,13,0,0,40,<=50K
6930,31,50442,10,0,0,25,<=50K
6931,35,57640,9,0,0,35,<=50K
6932,37,333664,10,0,0,40,<=50K
6933,29,224858,10,0,0,45,<=50K
6936,25,34402,13,0,1590,60,<=50K
6937,33,245378,6,0,0,40,<=50K
6938,44,179136,9,0,0,40,<=50K
6939,21,116788,9,0,0,40,<=50K
6940,21,129699,9,0,0,40,<=50K
6943,63,102479,13,0,0,40,<=50K
6944,44,199191,9,0,0,30,<=50K
6945,31,229636,10,0,0,45,<=50K
6946,26,53833,10,0,0,42,<=50K
6947,37,27997,9,0,0,50,<=50K
6949,33,111363,13,0,0,45,<=50K
6950,38,107630,13,0,0,40,<=50K
6951,26,134287,11,0,0,35,<=50K
6952,46,283004,11,0,0,63,<=50K
6953,24,33616,9,0,0,35,<=50K
6955,27,188189,10,0,0,30,<=50K
6956,46,106255,10,0,0,40,<=50K
6958,47,243904,9,0,0,40,<=50K
6959,69,165017,9,2538,0,40,<=50K
6961,51,427781,9,0,0,40,<=50K
6963,50,173224,14,0,0,40,<=50K
6964,29,87507,16,0,0,60,<=50K
6965,32,187560,15,3908,0,40,<=50K
6966,27,204497,6,0,0,75,<=50K
6967,60,230545,4,0,0,35,<=50K
6968,31,118161,9,0,0,40,<=50K
6969,46,150499,12,0,0,40,<=50K
6970,40,96554,9,0,0,40,<=50K
6972,69,104003,4,0,0,55,<=50K
6974,56,198388,9,0,0,40,<=50K
6975,47,126204,10,0,0,40,<=50K
6976,25,91709,12,0,0,45,<=50K
6977,34,152109,9,0,0,60,<=50K
6978,24,191954,4,0,0,50,<=50K
6979,63,108097,10,10566,0,45,<=50K
6980,29,289991,14,0,0,50,<=50K
6981,64,92115,10,0,0,40,<=50K
6982,44,320277,13,0,0,40,<=50K
6983,26,33610,9,0,0,60,<=50K
6984,36,168276,6,0,0,40,<=50K
6987,37,95336,6,0,0,65,<=50K
6989,33,227282,9,0,0,60,<=50K
6990,19,138153,10,0,0,10,<=50K
6993,20,111252,10,0,0,30,<=50K
6995,20,168863,10,0,0,20,<=50K
6996,25,394503,10,0,0,40,<=50K
6997,40,141657,9,0,0,40,<=50K
6998,18,125441,7,1055,0,20,<=50K
6999,26,172230,9,0,0,40,<=50K
7001,45,55377,13,0,0,40,<=50K
7002,35,49352,10,0,0,38,<=50K
7003,32,213887,10,0,0,45,<=50K
7004,61,24046,9,0,0,40,<=50K
7005,26,208122,13,0,0,15,<=50K
7007,22,227994,10,0,0,39,<=50K
7008,49,215389,13,0,0,48,<=50K
7009,40,99434,9,0,0,12,<=50K
7010,37,190964,9,0,0,40,<=50K
7011,23,113700,13,0,0,50,<=50K
7013,27,168827,9,0,0,40,<=50K
7014,34,28984,11,0,0,40,<=50K
7015,49,182211,5,0,0,45,<=50K
7016,41,82393,10,0,0,40,<=50K
7017,28,183639,13,0,0,21,<=50K
7019,47,469907,12,0,1740,40,<=50K
7020,28,211920,9,0,0,40,<=50K
7022,41,34178,13,0,0,40,<=50K
7024,73,161251,9,0,0,24,<=50K
7025,21,255685,10,0,0,40,<=50K
7026,38,199256,9,0,0,40,<=50K
7027,64,143716,14,0,0,2,<=50K
7028,47,221666,10,0,0,40,<=50K
7030,24,39615,13,0,0,45,<=50K
7032,27,151382,4,0,974,40,<=50K
7036,49,50748,10,0,0,55,<=50K
7037,23,107190,10,0,0,20,<=50K
7038,19,206874,11,0,0,40,<=50K
7039,21,83141,9,0,0,53,<=50K
7040,56,444089,7,0,0,40,<=50K
7041,35,141896,8,0,0,40,<=50K
7042,37,33487,10,0,0,20,<=50K
7044,30,341346,7,0,0,40,<=50K
7045,35,343403,16,0,0,20,<=50K
7046,47,287480,10,0,0,40,<=50K
7048,55,199067,7,0,0,32,<=50K
7049,22,182771,11,0,0,20,<=50K
7050,31,159737,6,0,0,40,<=50K
7052,24,117583,13,0,0,48,<=50K
7053,49,43479,10,0,0,40,<=50K
7054,23,203003,4,0,0,25,<=50K
7055,50,133963,9,0,0,35,<=50K
7056,38,227794,13,0,0,40,<=50K
7057,20,112137,10,0,0,20,<=50K
7059,45,281565,9,0,0,50,<=50K
7061,19,151506,9,0,0,30,<=50K
7062,31,139455,13,0,0,40,<=50K
7063,38,26987,9,0,0,40,<=50K
7065,24,161092,13,0,0,40,<=50K
7066,58,98361,9,0,0,50,<=50K
7067,28,188928,9,0,0,40,<=50K
7068,22,164922,9,0,0,40,<=50K
7069,46,185673,9,0,0,40,<=50K
7070,30,193598,1,0,0,40,<=50K
7072,32,245482,9,0,0,40,<=50K
7074,50,44368,10,0,0,40,<=50K
7075,28,291374,9,0,0,30,<=50K
7076,30,280927,13,0,0,40,<=50K
7077,24,222993,9,0,0,40,<=50K
7078,42,25240,11,0,0,40,<=50K
7080,18,74054,7,0,0,20,<=50K
7081,46,169042,6,0,0,25,<=50K
7086,19,183041,9,0,0,20,<=50K
7088,50,287598,10,0,0,70,<=50K
7089,53,182186,5,0,0,40,<=50K
7091,45,112305,10,0,0,40,<=50K
7092,21,212661,6,0,0,39,<=50K
7094,42,46366,9,0,0,40,<=50K
7095,37,24106,9,0,0,30,<=50K
7096,46,170850,13,0,1590,40,<=50K
7097,45,40666,11,0,0,60,<=50K
7098,32,182975,10,0,0,20,<=50K
7099,30,345122,15,0,0,50,<=50K
7101,37,120045,9,0,0,56,<=50K
7102,18,201299,10,0,0,40,<=50K
7105,46,182128,14,6497,0,50,<=50K
7106,36,176458,9,0,0,28,<=50K
7107,33,101562,14,0,0,40,<=50K
7108,48,108699,9,0,0,40,<=50K
7109,34,175878,9,0,0,40,<=50K
7111,33,213887,9,0,0,40,<=50K
7112,36,357619,13,0,0,60,<=50K
7113,23,435835,9,0,1669,55,<=50K
7114,39,165799,9,0,0,40,<=50K
7115,22,71469,12,0,0,25,<=50K
7116,19,229745,9,0,0,20,<=50K
7118,46,28419,11,0,0,50,<=50K
7119,47,26950,14,0,0,6,<=50K
7121,52,512103,10,0,0,40,<=50K
7122,38,245090,5,0,0,40,<=50K
7124,32,243988,3,0,0,40,<=50K
7125,54,82551,11,0,0,10,<=50K
7126,20,42706,10,0,0,25,<=50K
7127,25,235795,12,0,0,48,<=50K
7128,25,108001,5,0,0,15,<=50K
7129,36,112497,13,0,1876,44,<=50K
7130,69,128206,9,0,0,30,<=50K
7132,20,362999,10,0,0,20,<=50K
7133,21,346693,4,0,0,40,<=50K
7135,21,99199,9,0,0,32,<=50K
7136,25,219987,12,0,0,13,<=50K
7137,39,143445,9,0,0,40,<=50K
7139,33,224185,9,0,0,40,<=50K
7141,29,165360,11,0,0,40,<=50K
7142,48,38950,9,0,0,89,<=50K
7144,29,247151,7,0,0,40,<=50K
7145,34,213722,9,0,0,40,<=50K
7146,20,209955,10,0,0,25,<=50K
7148,45,138626,10,0,1876,50,<=50K
7149,22,179973,11,0,0,40,<=50K
7150,23,200207,9,0,0,44,<=50K
7151,19,156587,10,0,0,38,<=50K
7152,24,33016,10,0,0,40,<=50K
7153,20,197496,10,0,0,30,<=50K
7154,32,153588,9,0,0,40,<=50K
7157,18,716066,6,0,0,30,<=50K
7158,27,188519,9,0,0,40,<=50K
7159,26,109080,10,0,0,60,<=50K
7160,52,174421,12,0,0,32,<=50K
7161,24,259351,10,0,0,40,<=50K
7162,42,284403,9,0,0,40,<=50K
7164,20,201766,10,0,0,35,<=50K
7165,20,340475,10,0,0,10,<=50K
7166,39,487486,9,0,0,40,<=50K
7167,68,484298,7,0,0,30,<=50K
7168,35,170617,9,0,0,48,<=50K
7169,54,94055,13,0,0,40,<=50K
7170,24,117779,13,0,0,40,<=50K
7171,24,209770,13,0,0,8,<=50K
7172,20,317443,10,0,0,15,<=50K
7173,64,140237,1,0,0,40,<=50K
7174,28,107411,13,0,0,35,<=50K
7175,36,122493,9,0,0,47,<=50K
7176,44,195124,9,0,0,60,<=50K
7178,22,335453,9,0,0,60,<=50K
7179,56,318329,9,0,0,40,<=50K
7180,24,100321,13,0,0,45,<=50K
7181,24,81145,10,0,0,75,<=50K
7182,22,62865,12,0,0,40,<=50K
7183,21,176262,10,0,0,30,<=50K
7185,41,208174,14,0,0,55,<=50K
7186,19,188815,9,34095,0,20,<=50K
7187,67,226092,10,0,0,44,<=50K
7188,20,212668,10,0,0,30,<=50K
7189,32,381583,9,0,0,40,<=50K
7190,46,239439,9,0,0,40,<=50K
7191,52,172493,9,0,0,36,<=50K
7192,44,239876,13,0,0,40,<=50K
7193,65,221881,7,0,0,40,<=50K
7195,27,206889,10,0,0,50,<=50K
7196,35,110668,9,0,0,35,<=50K
7197,30,211028,9,0,0,45,<=50K
7198,64,202984,9,3137,0,40,<=50K
7200,35,194690,4,0,0,40,<=50K
7201,28,204984,13,0,0,45,<=50K
7204,33,345360,10,0,0,40,<=50K
7206,25,479765,4,0,0,45,<=50K
7209,53,299080,10,0,0,40,<=50K
7210,63,135339,9,2105,0,40,<=50K
7211,27,52156,10,0,0,60,<=50K
7212,31,318647,7,0,0,40,<=50K
7213,33,80145,9,0,0,60,<=50K
7216,19,266635,9,0,0,30,<=50K
7217,31,197672,13,0,0,40,<=50K
7218,53,185846,9,0,0,40,<=50K
7219,47,315110,10,0,0,20,<=50K
7220,27,220754,16,0,0,40,<=50K
7221,22,64292,9,0,0,40,<=50K
7223,52,78012,9,0,1762,40,<=50K
7224,32,210562,11,0,0,46,<=50K
7225,23,350181,9,0,0,40,<=50K
7226,27,233421,10,0,0,20,<=50K
7227,53,167170,9,0,0,40,<=50K
7228,18,260801,9,0,0,20,<=50K
7229,41,173370,13,0,0,30,<=50K
7230,27,135520,9,0,0,40,<=50K
7231,30,121308,10,0,0,40,<=50K
7232,41,444743,9,0,0,40,<=50K
7233,21,65225,10,0,0,30,<=50K
7234,58,136982,9,0,0,40,<=50K
7235,45,271962,13,0,0,40,<=50K
7236,40,204046,6,0,0,40,<=50K
7237,21,225823,10,0,0,40,<=50K
7238,29,183009,13,0,1590,40,<=50K
7239,50,121038,11,0,0,40,<=50K
7240,26,49092,9,0,0,40,<=50K
7241,23,148709,9,0,0,40,<=50K
7242,27,209205,13,0,0,40,<=50K
7243,36,285865,13,0,0,40,<=50K
7244,22,216129,9,0,0,40,<=50K
7245,37,40955,10,0,0,40,<=50K
7246,54,197189,13,0,0,40,<=50K
7247,36,33001,9,0,0,50,<=50K
7248,44,227399,11,0,0,40,<=50K
7250,49,259087,10,0,0,40,<=50K
7251,18,236262,7,0,0,12,<=50K
7252,26,177929,13,0,0,48,<=50K
7254,32,199963,7,0,0,40,<=50K
7255,35,98776,9,0,0,40,<=50K
7256,40,135056,9,0,0,45,<=50K
7257,40,55363,9,3411,0,40,<=50K
7259,30,231263,9,0,0,40,<=50K
7260,19,226913,10,0,0,20,<=50K
7262,31,191001,9,0,0,40,<=50K
7263,50,69345,12,0,0,60,<=50K
7264,38,204556,9,0,0,40,<=50K
7267,29,405177,6,0,0,40,<=50K
7270,49,82572,10,0,0,60,<=50K
7273,27,245661,9,0,0,40,<=50K
7274,47,483596,9,2885,0,32,<=50K
7276,30,347166,9,0,0,60,<=50K
7277,37,108540,9,0,0,40,<=50K
7278,37,333305,16,0,0,35,<=50K
7279,51,155408,9,0,0,38,<=50K
7280,27,246372,9,0,0,40,<=50K
7281,53,30290,9,0,0,40,<=50K
7282,45,347321,9,0,0,40,<=50K
7283,37,205852,13,0,0,45,<=50K
7284,40,163215,13,0,0,40,<=50K
7288,33,31573,9,0,0,40,<=50K
7289,28,125159,10,0,0,40,<=50K
7291,25,122745,9,0,1602,40,<=50K
7292,33,150570,13,0,0,40,<=50K
7293,34,118941,7,0,0,40,<=50K
7295,21,174714,12,0,0,35,<=50K
7297,63,133144,9,0,0,45,<=50K
7298,21,318865,10,0,0,30,<=50K
7300,50,92969,2,0,0,40,<=50K
7301,66,376028,9,0,0,20,<=50K
7302,19,144161,9,0,0,30,<=50K
7303,31,183778,13,0,0,45,<=50K
7304,23,398904,13,0,0,40,<=50K
7306,35,204277,13,0,0,40,<=50K
7307,32,205152,13,0,0,40,<=50K
7308,20,225395,4,0,0,60,<=50K
7310,49,147032,9,0,0,8,<=50K
7311,64,174826,9,0,0,40,<=50K
7312,60,232769,7,0,0,20,<=50K
7313,25,36984,13,0,0,50,<=50K
7314,21,292264,9,0,0,35,<=50K
7315,26,303973,9,0,1602,15,<=50K
7316,23,287988,10,0,0,20,<=50K
7318,24,191948,9,0,0,30,<=50K
7319,46,324601,2,0,0,40,<=50K
7320,38,200289,16,0,0,40,<=50K
7321,20,113307,4,0,0,40,<=50K
7322,28,194087,10,0,0,40,<=50K
7323,26,155213,13,0,0,48,<=50K
7324,58,175127,9,0,0,40,<=50K
7325,31,358461,10,0,0,40,<=50K
7326,37,354929,12,0,0,38,<=50K
7328,45,112929,4,0,0,35,<=50K
7329,33,132832,9,0,0,50,<=50K
7330,33,357691,14,0,0,40,<=50K
7331,35,114605,9,0,0,25,<=50K
7332,60,525878,9,0,0,40,<=50K
7333,21,68358,10,0,0,20,<=50K
7334,38,174571,6,0,0,45,<=50K
7335,40,42703,11,0,0,40,<=50K
7338,27,423250,10,0,0,60,<=50K
7340,20,308924,10,0,0,25,<=50K
7341,49,276247,10,0,0,40,<=50K
7344,46,160061,10,0,0,40,<=50K
7345,20,285295,10,0,0,40,<=50K
7346,43,265266,9,0,0,40,<=50K
7348,25,194954,10,0,0,15,<=50K
7349,48,156926,13,0,0,40,<=50K
7350,36,217414,10,0,0,55,<=50K
7352,18,192399,10,0,0,60,<=50K
7354,60,193235,12,0,0,24,<=50K
7356,44,254134,12,0,0,40,<=50K
7357,32,90446,6,0,0,40,<=50K
7358,29,116613,13,0,0,40,<=50K
7360,17,95909,7,0,0,12,<=50K
7361,41,82319,8,0,0,10,<=50K
7363,56,179625,6,0,0,32,<=50K
7364,28,119793,10,0,0,40,<=50K
7365,28,254989,7,0,0,40,<=50K
7366,19,104830,4,0,0,25,<=50K
7368,36,135416,10,0,0,50,<=50K
7369,25,298225,10,0,0,35,<=50K
7370,42,166740,13,0,0,40,<=50K
7372,26,276624,10,0,0,40,<=50K
7373,35,226789,10,0,0,58,<=50K
7374,37,31023,9,0,0,45,<=50K
7375,39,116666,9,4650,0,48,<=50K
7378,23,103277,10,0,0,24,<=50K
7379,31,351141,9,0,0,40,<=50K
7381,20,148709,10,0,0,25,<=50K
7382,36,128382,10,0,0,45,<=50K
7384,37,172538,9,0,0,40,<=50K
7386,39,46028,10,0,0,60,<=50K
7387,32,198452,9,0,0,40,<=50K
7388,59,193895,10,0,0,35,<=50K
7389,29,233421,13,3411,0,45,<=50K
7390,50,378747,9,0,0,40,<=50K
7391,42,31251,11,0,0,37,<=50K
7392,32,71540,10,0,0,40,<=50K
7394,20,34568,9,3781,0,35,<=50K
7395,50,36480,6,0,0,45,<=50K
7396,18,116528,10,0,0,30,<=50K
7397,60,52152,14,0,0,50,<=50K
7398,60,216690,10,0,0,40,<=50K
7399,42,227065,14,0,0,22,<=50K
7400,49,84013,9,0,0,35,<=50K
7401,35,82051,10,0,0,40,<=50K
7402,30,176185,12,0,0,60,<=50K
7405,55,354923,12,0,0,40,<=50K
7406,19,393712,9,0,0,20,<=50K
7407,39,98941,9,0,0,40,<=50K
7408,48,141483,10,0,0,40,<=50K
7410,21,226145,10,0,0,30,<=50K
7411,23,394612,13,0,0,40,<=50K
7412,22,231085,10,0,0,30,<=50K
7414,19,186159,10,0,0,40,<=50K
7415,23,162282,10,0,0,25,<=50K
7417,23,273206,13,0,0,23,<=50K
7419,23,102729,10,0,0,15,<=50K
7421,22,292933,13,0,0,10,<=50K
7422,18,135924,9,0,0,20,<=50K
7424,34,27409,5,0,0,50,<=50K
7425,30,299507,12,0,0,40,<=50K
7426,62,102631,10,0,0,50,<=50K
7427,51,153486,10,0,0,40,<=50K
7428,34,434292,9,0,0,30,<=50K
7429,28,240172,14,0,0,40,<=50K
7430,56,219426,6,0,0,40,<=50K
7431,46,295791,9,0,0,30,<=50K
7433,23,496382,10,0,0,40,<=50K
7434,33,376483,13,0,0,30,<=50K
7435,27,107218,9,0,0,40,<=50K
7436,21,246207,10,0,0,20,<=50K
7437,18,80564,9,0,0,60,<=50K
7439,37,328301,13,0,0,36,<=50K
7440,39,301614,7,0,0,40,<=50K
7442,24,180060,12,2354,0,40,<=50K
7443,26,121040,12,0,0,40,<=50K
7444,37,125550,9,0,0,60,<=50K
7445,34,170772,9,0,0,50,<=50K
7446,33,180551,9,0,0,40,<=50K
7447,33,48189,9,0,0,30,<=50K
7448,20,432154,9,0,0,8,<=50K
7449,26,263200,10,0,0,38,<=50K
7451,17,110798,7,0,0,20,<=50K
7452,53,238481,11,0,1485,40,<=50K
7453,31,185528,10,0,0,35,<=50K
7454,34,181311,7,0,0,40,<=50K
7455,23,528616,3,0,0,40,<=50K
7457,22,195532,9,0,0,40,<=50K
7458,21,197583,10,0,0,20,<=50K
7459,40,48612,9,0,0,35,<=50K
7461,32,148138,13,0,2002,40,<=50K
7462,29,30069,9,2635,0,40,<=50K
7463,68,170182,10,0,0,40,<=50K
7466,23,352606,9,0,0,40,<=50K
7468,54,155433,9,0,0,35,<=50K
7469,21,109414,10,0,1974,40,<=50K
7470,40,125461,11,0,0,42,<=50K
7471,19,331556,6,0,0,40,<=50K
7472,21,138575,9,0,0,60,<=50K
7473,35,223514,13,0,0,40,<=50K
7474,39,115418,10,2174,0,45,<=50K
7475,38,193026,9,0,1408,40,<=50K
7477,26,174592,10,0,0,40,<=50K
7478,35,268620,9,0,0,45,<=50K
7479,70,150886,10,0,0,25,<=50K
7480,45,112362,6,0,0,40,<=50K
7481,83,195507,9,0,0,55,<=50K
7482,59,192983,9,0,0,40,<=50K
7483,18,120544,5,0,0,15,<=50K
7484,31,59083,9,0,0,40,<=50K
7486,24,184678,13,0,0,40,<=50K
7487,33,278736,11,0,0,50,<=50K
7488,48,39464,14,0,0,52,<=50K
7489,27,162343,13,0,0,40,<=50K
7490,41,204046,9,0,0,40,<=50K
7491,25,255647,9,0,0,25,<=50K
7493,66,291362,15,0,0,50,<=50K
7495,30,126414,13,0,0,40,<=50K
7496,22,227626,9,0,0,40,<=50K
7500,35,31095,10,4101,0,60,<=50K
7501,51,32372,13,0,1672,70,<=50K
7502,40,331651,10,0,0,40,<=50K
7504,26,515025,6,0,0,40,<=50K
7505,53,394474,12,0,0,40,<=50K
7506,32,400535,9,3781,0,40,<=50K
7507,29,337505,10,0,0,40,<=50K
7508,42,211860,9,0,0,40,<=50K
7509,22,102684,10,0,0,32,<=50K
7510,62,225657,9,0,0,24,<=50K
7511,33,121966,9,0,0,40,<=50K
7512,21,396790,9,0,0,20,<=50K
7514,25,252187,7,0,0,40,<=50K
7515,29,209934,3,0,0,40,<=50K
7516,29,229300,13,0,0,48,<=50K
7518,50,200618,12,0,0,40,<=50K
7519,22,216984,9,0,0,40,<=50K
7520,40,212760,9,0,0,40,<=50K
7521,28,150309,9,0,0,45,<=50K
7522,54,174655,9,0,0,40,<=50K
7523,29,109621,9,0,0,40,<=50K
7524,49,225124,9,0,0,40,<=50K
7525,46,172695,7,0,0,27,<=50K
7526,71,238479,6,0,0,8,<=50K
7527,27,37754,10,0,0,80,<=50K
7528,56,85018,9,0,0,40,<=50K
7530,23,169188,10,0,0,25,<=50K
7533,26,224361,9,0,0,40,<=50K
7534,31,108464,12,0,0,40,<=50K
7535,36,75826,13,0,0,40,<=50K
7537,25,104439,10,0,0,50,<=50K
7538,27,56870,9,0,0,40,<=50K
7539,24,200819,8,0,0,40,<=50K
7540,50,170562,12,0,0,20,<=50K
7541,30,80933,9,0,0,40,<=50K
7542,24,33088,7,0,0,40,<=50K
7544,29,177651,10,0,0,45,<=50K
7545,31,261943,10,0,0,40,<=50K
7546,54,169785,10,0,0,40,<=50K
7547,20,141481,7,0,0,50,<=50K
7548,37,433491,9,0,0,40,<=50K
7549,28,86615,9,0,0,30,<=50K
7551,46,421223,10,0,0,40,<=50K
7552,35,26999,13,0,0,42,<=50K
7554,34,133861,9,0,0,25,<=50K
7556,34,23778,13,0,0,50,<=50K
7560,19,47713,10,0,0,40,<=50K
7562,61,202202,9,0,0,40,<=50K
7563,45,168837,10,0,0,40,<=50K
7564,36,112271,9,0,0,40,<=50K
7565,34,52537,9,0,0,30,<=50K
7566,27,38353,11,0,0,60,<=50K
7567,22,141698,6,0,0,40,<=50K
7568,26,28856,13,0,0,40,<=50K
7569,19,175652,7,0,0,15,<=50K
7570,36,213008,9,0,0,40,<=50K
7573,51,92463,9,0,0,40,<=50K
7574,20,125165,10,0,0,25,<=50K
7575,42,103980,11,0,0,50,<=50K
7576,40,180362,13,0,0,40,<=50K
7577,25,53903,10,0,0,40,<=50K
7578,40,179735,11,0,0,50,<=50K
7580,49,122177,9,0,0,80,<=50K
7581,46,188161,9,0,0,40,<=50K
7582,32,170108,9,0,0,50,<=50K
7583,28,175262,10,0,0,40,<=50K
7584,19,204441,9,0,0,20,<=50K
7585,19,164395,9,0,0,25,<=50K
7586,18,115630,7,0,0,20,<=50K
7587,39,178815,9,0,0,55,<=50K
7588,60,168223,13,0,0,30,<=50K
7589,46,202560,13,0,1408,40,<=50K
7592,45,51664,10,0,0,40,<=50K
7593,60,358893,13,0,2339,40,<=50K
7594,30,115963,7,0,0,40,<=50K
7595,22,333910,10,0,0,43,<=50K
7596,23,148948,10,0,0,45,<=50K
7597,48,130561,10,0,0,24,<=50K
7598,46,428350,9,0,0,15,<=50K
7600,25,112847,9,0,0,40,<=50K
7601,50,110748,10,0,0,40,<=50K
7602,61,156653,9,0,0,55,<=50K
7603,35,196491,13,0,0,50,<=50K
7604,65,254413,10,0,0,40,<=50K
7605,56,91262,9,0,0,45,<=50K
7606,43,154785,13,0,0,80,<=50K
7607,55,84231,9,0,0,50,<=50K
7608,22,226327,10,0,0,40,<=50K
7609,40,248406,10,0,0,32,<=50K
7610,35,54317,9,0,1672,50,<=50K
7611,22,32732,10,0,0,50,<=50K
7612,20,95918,5,0,0,40,<=50K
7614,43,244172,9,0,0,40,<=50K
7615,46,233555,9,0,0,40,<=50K
7616,39,326342,7,2635,0,37,<=50K
7617,34,77271,9,0,0,20,<=50K
7618,35,33397,9,0,0,35,<=50K
7619,30,446358,9,0,0,41,<=50K
7620,25,151810,9,0,0,28,<=50K
7622,35,133906,9,0,0,40,<=50K
7623,41,155106,9,0,0,40,<=50K
7625,32,232766,10,0,0,40,<=50K
7626,50,305319,4,0,0,40,<=50K
7627,20,121023,10,0,0,15,<=50K
7628,29,198997,9,0,0,20,<=50K
7630,20,38772,6,0,0,50,<=50K
7631,41,253759,9,0,0,40,<=50K
7632,27,130067,10,0,0,65,<=50K
7633,37,203828,5,0,0,40,<=50K
7634,62,221558,14,0,0,24,<=50K
7635,31,156464,6,0,0,40,<=50K
7636,49,72333,10,0,0,40,<=50K
7637,33,83671,13,0,0,50,<=50K
7639,19,91928,10,0,0,35,<=50K
7640,44,99203,4,0,0,40,<=50K
7642,62,192515,9,0,0,40,<=50K
7644,17,221129,5,0,0,40,<=50K
7646,31,196125,7,0,0,40,<=50K
7647,29,265638,10,0,0,40,<=50K
7650,43,112607,7,0,0,60,<=50K
7651,40,177595,10,0,1579,40,<=50K
7652,18,183315,7,0,0,10,<=50K
7653,47,116279,9,0,0,43,<=50K
7654,38,122493,13,4064,0,40,<=50K
7655,37,215419,12,0,0,25,<=50K
7656,40,310101,10,0,0,40,<=50K
7658,43,59107,9,4101,0,40,<=50K
7659,32,227214,13,0,0,40,<=50K
7660,64,239450,10,0,0,40,<=50K
7661,18,118847,8,0,0,20,<=50K
7662,40,95226,13,0,0,50,<=50K
7663,17,659273,7,0,0,40,<=50K
7664,23,215395,9,0,0,40,<=50K
7665,45,170600,11,0,0,40,<=50K
7666,45,91044,14,0,0,15,<=50K
7667,27,318639,6,0,0,60,<=50K
7668,23,160398,10,0,0,40,<=50K
7669,58,216824,9,0,0,30,<=50K
7670,35,308945,9,0,0,75,<=50K
7672,33,99309,9,0,0,50,<=50K
7675,24,403865,10,0,0,56,<=50K
7677,44,191893,9,0,0,24,<=50K
7680,23,435604,11,0,0,40,<=50K
7682,31,248178,10,0,0,35,<=50K
7683,24,112683,9,0,0,32,<=50K
7684,32,209103,10,3464,0,40,<=50K
7685,27,183639,9,0,0,40,<=50K
7686,35,107233,9,0,0,55,<=50K
7687,27,175387,13,0,1876,40,<=50K
7688,30,178255,13,0,0,70,<=50K
7689,33,38223,9,0,0,70,<=50K
7691,29,202182,10,0,0,50,<=50K
7692,26,425092,14,2174,0,40,<=50K
7693,39,152587,9,0,0,40,<=50K
7697,53,290640,4,0,0,40,<=50K
7700,33,452924,9,0,0,40,<=50K
7702,69,34339,9,0,0,40,<=50K
7703,20,184756,10,0,0,12,<=50K
7704,56,392160,9,0,0,25,<=50K
7705,49,168337,3,0,0,40,<=50K
7706,34,309513,9,0,0,40,<=50K
7707,70,77219,9,0,0,37,<=50K
7708,44,212888,13,0,0,45,<=50K
7710,58,237879,13,0,0,58,<=50K
7711,42,93099,10,0,0,25,<=50K
7712,41,225193,9,0,0,40,<=50K
7713,28,50814,9,0,0,40,<=50K
7715,24,249351,9,0,0,40,<=50K
7717,18,301762,9,0,0,25,<=50K
7719,69,541737,10,2050,0,24,<=50K
7720,84,241065,14,0,0,66,<=50K
7722,19,374262,8,0,0,20,<=50K
7723,24,382146,10,0,0,40,<=50K
7724,48,185291,13,0,0,6,<=50K
7725,53,30447,9,0,0,50,<=50K
7726,58,49893,10,0,0,45,<=50K
7727,22,197387,10,0,0,24,<=50K
7728,36,111957,10,0,0,52,<=50K
7729,34,340458,8,0,0,40,<=50K
7730,43,185670,2,0,0,21,<=50K
7731,37,210945,9,0,0,24,<=50K
7734,21,70261,10,0,0,30,<=50K
7735,49,179048,9,0,0,60,<=50K
7736,35,242094,9,0,0,40,<=50K
7737,49,117634,10,0,0,30,<=50K
7738,28,82531,10,0,0,40,<=50K
7739,51,193374,2,0,0,40,<=50K
7740,30,186420,13,0,0,40,<=50K
7742,56,371064,5,0,0,40,<=50K
7743,20,39927,9,0,0,8,<=50K
7744,22,64292,10,0,0,37,<=50K
7746,54,196975,9,0,0,45,<=50K
7747,22,210165,10,0,0,50,<=50K
7748,68,144137,10,0,0,30,<=50K
7749,56,155657,13,0,0,40,<=50K
7750,23,72953,9,0,0,40,<=50K
7751,69,107548,5,0,0,40,<=50K
7752,41,163258,13,0,0,40,<=50K
7753,33,221324,9,0,0,40,<=50K
7754,18,444822,7,0,0,8,<=50K
7755,17,154398,7,0,0,16,<=50K
7756,31,120672,7,0,1721,40,<=50K
7758,62,290754,6,0,0,40,<=50K
7759,41,49654,9,0,0,52,<=50K
7760,20,147352,9,0,0,40,<=50K
7761,23,227943,12,0,0,30,<=50K
7762,18,423024,9,0,0,20,<=50K
7763,53,64322,4,0,0,40,<=50K
7764,42,445940,5,0,0,40,<=50K
7765,23,230824,13,0,0,40,<=50K
7766,43,48882,9,0,0,40,<=50K
7767,47,168195,9,0,0,55,<=50K
7768,53,188644,3,0,0,40,<=50K
7769,28,136077,6,0,0,40,<=50K
7770,28,119793,10,0,0,40,<=50K
7771,44,336513,10,0,0,45,<=50K
7772,58,186991,9,0,0,40,<=50K
7773,25,218948,4,0,0,32,<=50K
7774,26,211435,9,0,0,40,<=50K
7775,36,280169,10,3456,0,8,<=50K
7776,27,109997,9,0,0,40,<=50K
7778,25,102460,13,0,0,40,<=50K
7779,17,287160,7,0,0,15,<=50K
7780,39,198097,13,0,0,50,<=50K
7781,52,119111,9,0,0,40,<=50K
7782,24,174461,13,0,0,50,<=50K
7783,26,281678,11,0,0,55,<=50K
7784,24,377725,13,0,0,40,<=50K
7787,20,149478,10,0,0,25,<=50K
7788,40,198452,7,0,0,40,<=50K
7790,33,176711,9,0,0,40,<=50K
7791,19,165310,9,0,0,20,<=50K
7792,37,213008,11,0,0,40,<=50K
7793,21,38251,10,0,0,20,<=50K
7794,33,125761,10,0,0,36,<=50K
7795,28,148645,12,0,0,40,<=50K
7796,48,273435,9,0,1579,40,<=50K
7797,43,208613,13,0,0,40,<=50K
7798,32,192565,9,0,0,40,<=50K
7799,28,183885,9,0,0,30,<=50K
7800,47,243631,13,0,0,40,<=50K
7802,26,261278,10,0,0,30,<=50K
7803,55,127014,9,0,0,60,<=50K
7804,40,197919,12,0,0,40,<=50K
7808,38,215917,10,0,0,40,<=50K
7809,53,192982,9,0,0,85,<=50K
7810,27,334132,12,0,0,78,<=50K
7812,62,116812,10,0,0,40,<=50K
7813,47,189123,7,0,1485,58,<=50K
7814,26,89648,13,0,0,50,<=50K
7815,33,190027,9,0,0,20,<=50K
7816,59,99248,10,0,0,40,<=50K
7817,42,57600,9,0,0,45,<=50K
7819,58,140363,9,0,0,36,<=50K
7820,30,308812,10,0,0,60,<=50K
7821,21,275421,10,0,0,40,<=50K
7822,61,213321,9,0,0,40,<=50K
7823,33,157747,12,0,0,40,<=50K
7825,70,220589,10,0,0,12,<=50K
7827,29,189346,10,2202,0,50,<=50K
7828,46,124071,14,0,0,44,<=50K
7829,35,20469,10,0,0,40,<=50K
7833,23,189203,9,0,0,40,<=50K
7836,26,48718,6,2907,0,40,<=50K
7838,25,256263,12,0,0,40,<=50K
7839,33,202498,4,0,0,40,<=50K
7841,28,122922,9,0,0,50,<=50K
7842,68,116903,11,0,2149,40,<=50K
7844,35,107302,14,0,0,40,<=50K
7845,36,156400,10,0,0,40,<=50K
7846,33,53373,9,0,0,35,<=50K
7847,22,58916,10,0,0,30,<=50K
7849,24,283806,10,0,0,40,<=50K
7850,57,140426,2,0,0,35,<=50K
7852,41,33310,9,0,0,40,<=50K
7853,26,202560,10,0,0,35,<=50K
7854,25,60828,10,0,0,50,<=50K
7855,53,153486,10,0,0,50,<=50K
7856,28,167536,12,0,0,40,<=50K
7857,30,370990,14,0,0,40,<=50K
7858,38,198867,7,0,0,40,<=50K
7859,37,174924,10,0,0,48,<=50K
7860,30,175856,14,0,0,38,<=50K
7861,41,169628,9,0,0,40,<=50K
7862,29,125159,10,0,0,36,<=50K
7863,31,220690,10,0,0,80,<=50K
7864,36,160035,9,3908,0,55,<=50K
7865,59,116878,9,0,0,60,<=50K
7866,33,134737,9,0,0,35,<=50K
7869,50,69614,6,0,0,56,<=50K
7871,28,299422,4,0,0,40,<=50K
7872,81,162882,9,0,0,35,<=50K
7873,24,112854,10,0,0,16,<=50K
7874,32,33417,10,0,0,50,<=50K
7876,44,468706,9,0,0,40,<=50K
7877,24,357028,10,0,0,40,<=50K
7880,52,127749,9,0,0,50,<=50K
7881,22,291386,10,0,0,40,<=50K
7882,28,138054,12,0,0,40,<=50K
7883,47,174533,10,0,0,40,<=50K
7884,43,200835,9,0,0,40,<=50K
7885,25,108658,9,0,0,45,<=50K
7887,25,34803,13,0,0,20,<=50K
7888,59,75867,14,0,0,60,<=50K
7889,29,156819,12,0,0,35,<=50K
7890,30,61272,5,0,0,40,<=50K
7891,24,39827,10,0,0,40,<=50K
7892,38,130007,13,0,0,40,<=50K
7894,26,322614,1,0,1719,40,<=50K
7895,30,140869,9,0,0,40,<=50K
7897,30,287908,9,0,0,40,<=50K
7898,33,309630,9,0,0,40,<=50K
7899,46,28225,10,0,0,58,<=50K
7900,40,428584,9,3464,0,20,<=50K
7901,18,39222,7,0,0,40,<=50K
7903,22,122272,9,0,0,40,<=50K
7904,50,198400,9,0,0,60,<=50K
7905,62,73091,4,0,0,40,<=50K
7907,22,208946,10,0,0,40,<=50K
7908,33,348416,9,0,0,40,<=50K
7909,31,379046,9,0,0,40,<=50K
7910,29,183887,13,0,0,40,<=50K
7912,24,211129,13,0,0,35,<=50K
7913,29,187649,9,0,0,40,<=50K
7915,33,231826,4,0,0,40,<=50K
7916,28,142764,9,0,0,48,<=50K
7917,22,126822,13,0,0,60,<=50K
7918,37,188069,9,0,0,40,<=50K
7919,30,284395,9,0,0,50,<=50K
7920,49,31267,4,0,0,40,<=50K
7921,29,161444,9,0,0,40,<=50K
7922,25,144483,9,0,0,40,<=50K
7923,36,133655,9,0,0,40,<=50K
7924,36,112074,16,0,0,45,<=50K
7925,21,249727,9,0,0,22,<=50K
7926,18,165754,10,0,0,30,<=50K
7927,30,172822,11,0,0,40,<=50K
7928,44,288433,10,0,0,40,<=50K
7929,40,33331,10,0,0,50,<=50K
7930,43,168071,9,0,0,44,<=50K
7932,29,130620,10,0,0,26,<=50K
7933,40,136244,10,0,0,40,<=50K
7934,43,972354,10,0,0,48,<=50K
7935,20,245297,10,0,0,20,<=50K
7936,32,71151,13,0,0,20,<=50K
7937,19,118352,10,0,0,16,<=50K
7938,21,117210,9,0,0,40,<=50K
7939,23,120068,11,0,0,40,<=50K
7940,24,48343,7,0,0,40,<=50K
7941,52,84451,11,0,0,32,<=50K
7942,51,76437,10,0,0,40,<=50K
7943,19,281704,10,0,0,35,<=50K
7945,50,104729,9,0,0,48,<=50K
7946,29,110134,10,0,0,40,<=50K
7947,17,186067,6,0,0,10,<=50K
7948,47,214702,9,0,0,37,<=50K
7949,46,384795,13,0,0,32,<=50K
7950,30,175931,10,0,0,44,<=50K
7951,58,366324,10,0,0,30,<=50K
7952,48,118717,13,0,0,40,<=50K
7953,23,219835,10,0,0,40,<=50K
7954,23,176486,11,0,0,36,<=50K
7955,45,273435,9,0,0,40,<=50K
7956,20,182661,10,0,0,20,<=50K
7957,26,212304,4,0,0,48,<=50K
7960,26,274724,10,0,0,40,<=50K
7961,47,196707,15,0,0,40,<=50K
7962,31,213002,8,4650,0,50,<=50K
7963,19,26620,10,0,0,40,<=50K
7964,23,361481,6,0,0,40,<=50K
7965,35,148581,9,0,1740,40,<=50K
7967,28,214689,7,0,0,40,<=50K
7969,21,174907,9,0,0,40,<=50K
7970,50,348099,6,0,0,50,<=50K
7971,30,104965,5,0,0,30,<=50K
7972,31,31600,13,0,0,40,<=50K
7973,31,286282,13,0,0,20,<=50K
7980,34,67083,13,1471,0,40,<=50K
7981,24,249957,10,0,0,40,<=50K
7982,55,175942,9,0,0,40,<=50K
7985,33,142675,13,0,0,30,<=50K
7986,51,190333,10,0,0,40,<=50K
7987,30,196396,10,0,0,40,<=50K
7988,41,166740,9,0,0,40,<=50K
7990,27,210867,4,0,0,50,<=50K
7992,40,144067,11,0,0,40,<=50K
7993,36,106964,9,0,0,40,<=50K
7994,37,178136,9,0,0,40,<=50K
7996,40,403550,10,0,0,50,<=50K
7997,35,498216,13,0,0,40,<=50K
7999,20,53738,10,0,0,60,<=50K
8001,45,189802,10,0,0,40,<=50K
8003,35,179171,9,0,0,38,<=50K
8004,32,77634,7,0,0,45,<=50K
8005,23,189830,10,0,0,50,<=50K
8006,19,127190,9,0,0,15,<=50K
8007,44,174147,10,0,0,40,<=50K
8008,20,138107,9,0,0,35,<=50K
8009,44,269733,13,0,0,30,<=50K
8010,41,227734,9,3464,0,40,<=50K
8011,19,318822,10,0,0,40,<=50K
8012,48,48885,9,0,0,35,<=50K
8014,40,173858,4,0,0,42,<=50K
8016,20,154779,10,0,0,40,<=50K
8017,33,180551,10,0,0,40,<=50K
8018,30,177522,9,0,0,20,<=50K
8019,23,277328,10,0,0,32,<=50K
8020,34,112584,6,0,0,38,<=50K
8022,32,123971,7,0,0,49,<=50K
8024,22,112847,9,0,0,40,<=50K
8027,45,59380,13,0,0,55,<=50K
8028,47,114770,9,0,0,32,<=50K
8030,34,176469,13,0,0,38,<=50K
8032,39,410034,9,0,0,40,<=50K
8033,29,93662,10,0,0,24,<=50K
8034,42,144236,10,0,0,60,<=50K
8035,48,240917,7,0,0,35,<=50K
8037,51,243361,10,0,0,45,<=50K
8038,44,35166,13,0,0,90,<=50K
8041,32,272944,10,0,0,40,<=50K
8042,22,219233,9,0,1602,30,<=50K
8043,24,228686,10,0,0,45,<=50K
8044,33,236818,11,0,0,26,<=50K
8045,47,117865,9,0,0,90,<=50K
8046,64,106538,14,0,0,50,<=50K
8049,39,191002,9,0,0,40,<=50K
8050,42,89073,9,0,0,48,<=50K
8052,55,259532,4,0,0,50,<=50K
8053,29,189282,9,0,0,27,<=50K
8054,42,132481,12,0,0,24,<=50K
8056,32,182323,5,0,0,40,<=50K
8057,36,216256,9,3464,0,30,<=50K
8058,50,166419,7,3674,0,40,<=50K
8059,27,152246,9,0,0,40,<=50K
8060,47,155659,9,0,0,60,<=50K
8061,33,155198,5,0,0,35,<=50K
8062,48,100931,10,0,0,40,<=50K
8063,23,162945,4,0,0,35,<=50K
8065,26,181597,10,0,0,40,<=50K
8066,61,133969,9,0,0,63,<=50K
8067,50,210217,13,0,0,40,<=50K
8070,19,271521,9,0,0,24,<=50K
8071,18,51255,7,0,0,15,<=50K
8072,44,26669,12,0,0,99,<=50K
8073,54,194580,11,0,0,50,<=50K
8075,27,315640,14,0,0,20,<=50K
8076,50,136913,9,0,0,50,<=50K
8077,43,230961,9,0,0,40,<=50K
8078,28,167062,10,0,0,40,<=50K
8079,47,120131,9,0,0,40,<=50K
8080,21,243368,1,0,0,50,<=50K
8081,30,171876,15,0,0,45,<=50K
8082,19,136866,9,0,0,45,<=50K
8083,40,316820,10,0,1485,40,<=50K
8085,67,81761,9,0,0,20,<=50K
8086,31,43716,11,0,0,43,<=50K
8087,30,220939,11,0,0,40,<=50K
8088,54,148657,1,0,0,40,<=50K
8089,51,40808,13,0,0,43,<=50K
8090,34,183473,9,0,0,40,<=50K
8092,50,204838,9,0,0,38,<=50K
8093,29,132686,9,0,0,40,<=50K
8094,17,117906,6,0,0,40,<=50K
8095,24,304386,9,0,0,30,<=50K
8096,52,248113,1,0,0,40,<=50K
8098,18,215463,8,0,0,25,<=50K
8099,32,259719,10,0,0,40,<=50K
8100,25,35829,10,0,0,50,<=50K
8101,34,248795,9,0,0,45,<=50K
8103,37,128054,10,0,0,40,<=50K
8106,23,252153,10,0,0,28,<=50K
8107,45,45891,10,0,0,42,<=50K
8108,30,112263,7,0,0,40,<=50K
8109,20,47791,8,0,0,10,<=50K
8110,41,202980,9,0,0,4,<=50K
8111,21,34918,9,0,0,30,<=50K
8112,48,91251,4,0,0,30,<=50K
8114,34,306215,11,0,0,40,<=50K
8115,25,203570,9,0,0,40,<=50K
8116,41,355918,13,0,0,35,<=50K
8118,42,282964,13,0,0,40,<=50K
8120,44,98779,6,4386,0,60,<=50K
8122,25,182771,10,0,0,40,<=50K
8123,23,199908,7,0,0,50,<=50K
8126,27,216858,16,0,0,52,<=50K
8127,27,332187,13,0,0,65,<=50K
8128,57,255109,9,0,0,45,<=50K
8129,17,111332,7,0,0,20,<=50K
8130,59,238431,9,0,0,38,<=50K
8131,34,131552,9,0,0,40,<=50K
8132,30,110239,6,0,0,55,<=50K
8133,31,255830,12,0,0,45,<=50K
8134,18,175648,7,0,0,40,<=50K
8135,23,82998,10,0,0,30,<=50K
8136,19,164320,9,0,0,40,<=50K
8137,20,263498,11,0,0,40,<=50K
8138,52,162381,9,0,0,40,<=50K
8140,27,357348,9,0,0,50,<=50K
8141,19,269657,10,0,0,35,<=50K
8142,38,82880,13,0,0,15,<=50K
8143,19,389755,9,0,0,16,<=50K
8145,41,207685,9,0,0,45,<=50K
8146,23,222925,9,2105,0,40,<=50K
8147,24,196388,12,0,0,12,<=50K
8148,24,50341,13,0,0,40,<=50K
8149,22,214134,6,0,0,84,<=50K
8153,42,44402,13,0,0,60,<=50K
8154,35,191503,10,0,0,50,<=50K
8155,32,163530,9,0,0,40,<=50K
8156,51,136823,9,0,0,32,<=50K
8158,31,58624,9,0,0,40,<=50K
8159,27,74056,13,0,0,50,<=50K
8161,57,182028,12,0,0,35,<=50K
8162,40,209040,9,0,0,40,<=50K
8163,31,206046,9,0,0,40,<=50K
8164,23,182494,4,0,0,40,<=50K
8165,42,185057,9,0,0,35,<=50K
8166,60,147473,9,0,0,40,<=50K
8168,20,388811,10,0,0,40,<=50K
8169,27,221912,9,0,0,40,<=50K
8170,31,48189,9,0,0,45,<=50K
8171,29,382272,13,0,0,40,<=50K
8172,22,48347,13,0,0,40,<=50K
8175,28,249571,9,0,0,40,<=50K
8176,79,121318,10,0,0,20,<=50K
8178,29,185019,8,0,0,40,<=50K
8179,60,27886,4,0,0,40,<=50K
8180,58,94741,8,0,0,24,<=50K
8181,20,107801,12,0,2205,18,<=50K
8183,47,256866,9,0,0,48,<=50K
8185,37,312271,14,0,0,65,<=50K
8186,21,118657,9,0,0,40,<=50K
8187,68,224338,11,0,0,40,<=50K
8188,43,242488,10,5013,0,40,<=50K
8189,23,234970,10,0,0,40,<=50K
8190,23,227915,9,0,0,33,<=50K
8191,40,105717,14,0,1876,35,<=50K
8192,45,160962,10,0,0,35,<=50K
8194,22,188950,10,0,0,40,<=50K
8196,24,218678,10,0,0,49,<=50K
8197,23,184255,9,0,0,40,<=50K
8199,26,102264,10,0,0,40,<=50K
8200,24,300584,9,0,0,40,<=50K
8201,22,208946,10,0,0,25,<=50K
8202,36,105021,13,0,0,55,<=50K
8203,20,124751,10,0,0,20,<=50K
8204,18,274057,7,0,0,8,<=50K
8206,43,260960,13,0,0,35,<=50K
8207,56,208415,9,0,0,40,<=50K
8210,31,35378,10,0,0,45,<=50K
8211,73,301210,2,0,1735,20,<=50K
8212,32,73621,10,0,0,42,<=50K
8214,66,217198,9,0,0,10,<=50K
8215,22,157332,9,0,0,35,<=50K
8216,51,202956,11,0,0,40,<=50K
8217,31,173495,9,0,0,35,<=50K
8218,65,149811,9,0,2206,59,<=50K
8219,39,444219,9,0,0,45,<=50K
8220,48,125120,10,0,0,37,<=50K
8221,20,190429,10,0,0,40,<=50K
8222,28,190303,12,0,0,40,<=50K
8224,29,208534,15,0,0,80,<=50K
8228,48,122086,9,0,0,40,<=50K
8229,36,137314,11,0,0,45,<=50K
8230,40,33068,9,0,0,50,<=50K
8231,57,210688,9,0,0,15,<=50K
8232,26,117833,13,4865,0,35,<=50K
8233,37,103474,9,0,0,40,<=50K
8235,26,233933,6,0,0,32,<=50K
8236,42,52781,10,0,0,40,<=50K
8238,62,113080,4,0,0,40,<=50K
8239,27,251905,11,0,0,50,<=50K
8240,76,225964,10,0,0,8,<=50K
8241,20,194096,10,0,0,40,<=50K
8242,29,263831,13,0,0,40,<=50K
8244,32,121634,6,0,0,40,<=50K
8245,22,40767,10,0,0,40,<=50K
8246,30,355789,9,0,0,50,<=50K
8247,43,311914,10,0,0,40,<=50K
8248,23,91189,13,0,0,20,<=50K
8250,41,113823,13,0,0,40,<=50K
8253,23,117618,10,0,0,35,<=50K
8254,39,238008,9,0,0,40,<=50K
8257,19,351040,10,0,0,40,<=50K
8259,23,195767,9,0,0,40,<=50K
8260,25,187540,10,0,0,40,<=50K
8261,40,79372,9,0,0,40,<=50K
8264,49,211005,10,0,0,60,<=50K
8265,24,96178,13,0,0,40,<=50K
8269,62,159908,13,0,1258,38,<=50K
8271,45,180309,10,0,0,40,<=50K
8272,62,39630,9,0,0,40,<=50K
8273,48,273828,3,0,0,40,<=50K
8274,56,172071,9,0,0,40,<=50K
8275,28,218887,9,0,0,35,<=50K
8276,23,664670,9,0,0,40,<=50K
8277,43,209149,9,0,0,35,<=50K
8280,55,37869,16,0,0,60,<=50K
8281,48,99086,13,0,0,50,<=50K
8282,43,143582,3,0,2129,72,<=50K
8284,18,181755,9,0,0,30,<=50K
8285,56,249368,9,0,0,70,<=50K
8286,39,326400,14,0,0,40,<=50K
8287,46,504725,3,0,0,50,<=50K
8288,36,88967,7,0,0,65,<=50K
8289,42,170721,9,0,2002,40,<=50K
8291,17,342752,7,0,0,20,<=50K
8292,57,220871,4,0,0,40,<=50K
8293,73,29675,9,0,0,12,<=50K
8294,50,183611,10,0,0,40,<=50K
8295,35,115215,10,0,0,45,<=50K
8296,27,152231,10,0,0,45,<=50K
8297,24,41356,10,0,0,40,<=50K
8298,27,225142,10,0,0,40,<=50K
8299,23,121313,9,0,0,40,<=50K
8300,25,134821,9,0,0,40,<=50K
8302,26,102106,6,0,0,40,<=50K
8303,47,427055,10,0,0,45,<=50K
8304,40,117860,9,0,0,40,<=50K
8305,58,285885,5,0,0,40,<=50K
8306,25,212800,10,0,0,40,<=50K
8307,29,194864,9,0,0,18,<=50K
8308,36,31438,7,0,0,43,<=50K
8309,46,148254,9,0,0,60,<=50K
8310,69,113035,2,0,0,4,<=50K
8311,69,106595,9,1848,0,40,<=50K
8312,28,144521,9,0,0,40,<=50K
8313,20,172232,9,0,0,48,<=50K
8314,54,123592,9,3887,0,35,<=50K
8315,25,191921,10,0,0,40,<=50K
8316,64,237379,9,3471,0,40,<=50K
8317,17,208463,9,0,0,20,<=50K
8318,53,68985,9,0,0,40,<=50K
8319,50,22418,5,0,0,50,<=50K
8320,57,163047,9,0,0,38,<=50K
8321,51,153870,10,0,2603,40,<=50K
8322,20,124954,10,0,0,30,<=50K
8323,47,197702,10,0,0,40,<=50K
8324,25,166415,9,0,0,52,<=50K
8326,20,33644,9,0,0,30,<=50K
8328,46,73019,13,0,0,40,<=50K
8329,54,169182,9,0,0,38,<=50K
8330,53,20438,10,0,0,15,<=50K
8331,21,109869,9,0,0,30,<=50K
8332,58,316849,10,0,0,40,<=50K
8334,61,153790,9,0,0,40,<=50K
8335,56,153451,10,0,0,35,<=50K
8336,59,96840,9,0,0,40,<=50K
8337,72,192732,9,0,0,20,<=50K
8338,33,209101,9,0,0,40,<=50K
8341,48,217019,9,0,0,28,<=50K
8342,33,198211,9,0,0,40,<=50K
8343,21,222490,10,0,0,40,<=50K
8344,27,106758,9,0,0,45,<=50K
8345,31,561334,9,0,0,40,<=50K
8346,28,203710,13,0,0,40,<=50K
8347,45,203322,10,0,0,38,<=50K
8349,46,312015,9,0,0,40,<=50K
8350,25,209428,10,0,0,25,<=50K
8352,17,114420,7,0,0,30,<=50K
8353,26,120238,13,3325,0,40,<=50K
8354,35,100375,6,0,0,60,<=50K
8355,33,42485,7,0,0,70,<=50K
8356,37,130620,8,0,0,33,<=50K
8357,39,134367,9,0,0,35,<=50K
8358,42,147099,9,0,0,30,<=50K
8362,64,165020,7,0,0,48,<=50K
8364,43,142030,9,0,0,40,<=50K
8365,34,241360,9,0,0,40,<=50K
8368,31,162572,13,0,0,40,<=50K
8369,26,35917,9,0,0,40,<=50K
8371,43,194773,10,0,0,40,<=50K
8372,33,62155,10,0,0,35,<=50K
8374,46,174370,10,0,0,55,<=50K
8375,26,161007,11,0,0,80,<=50K
8376,24,270517,9,0,0,40,<=50K
8378,40,193882,11,0,0,40,<=50K
8379,61,160037,4,0,0,35,<=50K
8380,34,189944,10,0,0,72,<=50K
8381,85,115364,9,0,0,35,<=50K
8382,41,163174,9,0,0,40,<=50K
8383,31,188900,12,3325,0,35,<=50K
8384,22,214399,10,0,0,30,<=50K
8385,60,156616,9,0,0,40,<=50K
8386,29,204862,12,0,0,36,<=50K
8387,34,55921,9,0,0,40,<=50K
8388,35,172475,13,2977,0,45,<=50K
8389,24,153082,9,0,0,30,<=50K
8390,45,195418,14,0,0,40,<=50K
8391,21,276840,8,0,0,20,<=50K
8395,21,198992,9,0,0,33,<=50K
8396,45,337825,9,0,0,45,<=50K
8398,28,189346,9,0,0,40,<=50K
8399,19,231962,9,0,0,40,<=50K
8403,41,184846,10,0,0,40,<=50K
8404,43,233851,13,0,0,40,<=50K
8405,28,499001,9,0,0,40,<=50K
8406,65,125768,10,0,0,28,<=50K
8407,31,255004,13,0,1741,38,<=50K
8408,28,157624,13,0,0,40,<=50K
8410,45,118291,10,0,0,80,<=50K
8411,43,313181,9,0,0,38,<=50K
8412,31,87891,12,0,0,60,<=50K
8414,45,81132,10,0,0,40,<=50K
8415,20,216436,13,0,0,30,<=50K
8416,25,213412,13,0,0,40,<=50K
8417,36,179358,9,0,0,30,<=50K
8418,31,369825,13,4101,0,50,<=50K
8419,56,199763,10,0,0,45,<=50K
8420,26,239390,13,0,0,18,<=50K
8421,47,173613,10,0,0,65,<=50K
8422,40,37869,9,0,0,50,<=50K
8423,32,302845,9,0,0,48,<=50K
8424,34,85218,14,0,0,24,<=50K
8425,37,48268,9,0,0,55,<=50K
8426,38,173968,9,0,0,45,<=50K
8427,19,70982,11,0,0,16,<=50K
8428,49,166857,5,0,0,40,<=50K
8429,18,256191,9,0,0,25,<=50K
8430,26,162872,12,0,0,40,<=50K
8431,82,152148,4,0,0,2,<=50K
8432,40,139193,9,0,0,40,<=50K
8433,28,791084,10,0,0,50,<=50K
8434,23,137214,9,0,0,37,<=50K
8435,19,183258,10,0,0,40,<=50K
8436,67,154035,9,0,0,32,<=50K
8438,41,213055,12,0,0,50,<=50K
8439,37,155064,11,0,0,40,<=50K
8440,20,33551,9,0,0,40,<=50K
8441,40,169995,9,0,0,40,<=50K
8443,40,104196,9,0,0,40,<=50K
8444,39,114055,13,0,0,40,<=50K
8445,24,274398,10,0,0,20,<=50K
8446,78,27979,9,2228,0,32,<=50K
8447,67,244122,11,0,0,1,<=50K
8449,66,101607,9,0,0,10,<=50K
8450,52,122109,9,0,323,40,<=50K
8451,59,255822,9,0,0,60,<=50K
8452,72,195184,9,0,0,12,<=50K
8453,35,245372,9,0,0,40,<=50K
8455,36,224531,10,0,0,40,<=50K
8456,26,186151,9,0,0,40,<=50K
8457,23,118693,13,0,0,35,<=50K
8459,40,125206,15,0,0,40,<=50K
8460,29,393264,13,0,0,40,<=50K
8461,38,108140,13,0,0,20,<=50K
8462,63,264968,13,0,0,40,<=50K
8464,30,156025,9,0,0,40,<=50K
8465,38,149455,9,0,0,40,<=50K
8466,25,359985,3,0,0,33,<=50K
8469,21,149224,10,0,0,30,<=50K
8470,41,352056,12,0,0,40,<=50K
8472,75,173064,13,0,0,6,<=50K
8473,29,147755,10,0,1672,40,<=50K
8474,52,135716,9,0,0,70,<=50K
8475,47,44216,9,0,0,45,<=50K
8477,24,178255,10,0,0,40,<=50K
8478,30,70617,14,0,0,10,<=50K
8481,27,271714,10,0,0,30,<=50K
8482,26,247025,9,0,0,44,<=50K
8483,32,107417,9,0,0,37,<=50K
8484,36,116554,13,0,0,40,<=50K
8485,26,917220,8,0,0,40,<=50K
8486,25,430084,10,0,0,40,<=50K
8487,39,202937,10,0,0,40,<=50K
8488,27,62737,11,0,0,40,<=50K
8489,24,508548,9,0,0,50,<=50K
8491,35,381931,9,0,0,55,<=50K
8492,29,246974,11,0,0,40,<=50K
8493,49,105431,9,0,0,40,<=50K
8494,36,146311,5,0,0,40,<=50K
8495,47,159869,16,0,0,50,<=50K
8496,21,204641,10,0,0,40,<=50K
8498,38,227615,2,0,0,40,<=50K
8499,66,107744,10,0,0,40,<=50K
8501,19,263340,10,0,0,15,<=50K
8502,18,141918,9,0,0,22,<=50K
8503,37,294292,15,0,0,40,<=50K
8504,49,128736,13,0,0,40,<=50K
8507,34,101517,10,0,0,35,<=50K
8508,54,161334,14,0,0,40,<=50K
8509,24,189148,10,0,0,40,<=50K
8511,48,51620,13,0,0,50,<=50K
8512,23,31606,9,0,0,40,<=50K
8513,29,34292,9,0,0,38,<=50K
8514,21,107882,12,0,0,9,<=50K
8515,18,39529,8,0,0,32,<=50K
8516,18,135315,5,0,0,32,<=50K
8517,29,107812,9,0,0,40,<=50K
8518,29,229729,9,0,0,40,<=50K
8519,41,111891,9,0,0,40,<=50K
8520,32,340917,9,0,0,40,<=50K
8521,61,202952,6,0,0,24,<=50K
8522,79,333230,9,0,0,6,<=50K
8523,34,114955,12,0,0,40,<=50K
8526,29,207064,9,0,0,40,<=50K
8527,23,193090,10,3674,0,40,<=50K
8528,64,151364,10,0,0,40,<=50K
8530,28,304960,12,0,1980,40,<=50K
8531,51,102828,11,0,0,40,<=50K
8532,20,210029,10,0,0,40,<=50K
8533,34,154246,13,4865,0,55,<=50K
8534,29,142519,9,0,0,40,<=50K
8535,49,104455,13,0,0,40,<=50K
8536,77,192230,10,0,0,40,<=50K
8537,32,292592,9,0,0,35,<=50K
8539,22,51111,10,0,0,40,<=50K
8542,35,349066,9,0,0,40,<=50K
8543,62,191188,9,0,0,40,<=50K
8544,33,133503,9,2635,0,16,<=50K
8545,45,146497,10,0,0,55,<=50K
8546,19,240468,10,0,1602,40,<=50K
8547,38,175120,9,0,0,40,<=50K
8548,26,416577,9,0,0,45,<=50K
8549,29,253814,13,0,0,45,<=50K
8551,35,102471,9,0,0,80,<=50K
8552,42,213464,10,0,0,40,<=50K
8553,20,211968,11,0,0,20,<=50K
8555,69,512992,7,0,0,45,<=50K
8556,39,135020,9,0,0,40,<=50K
8557,37,109133,9,0,0,40,<=50K
8558,28,142712,10,0,0,40,<=50K
8559,26,76900,13,0,0,40,<=50K
8560,32,112176,10,0,0,30,<=50K
8562,49,122066,9,0,0,30,<=50K
8563,28,194690,4,0,0,60,<=50K
8564,35,306678,9,2885,0,40,<=50K
8565,19,217769,10,594,0,10,<=50K
8567,57,46699,9,0,0,40,<=50K
8568,45,377757,5,0,0,40,<=50K
8569,23,220993,9,0,1590,48,<=50K
8570,45,102147,9,0,0,40,<=50K
8571,42,113770,9,0,0,40,<=50K
8572,35,139012,13,0,0,40,<=50K
8574,28,329426,13,0,0,40,<=50K
8575,64,181408,11,0,0,10,<=50K
8576,44,101950,15,0,0,40,<=50K
8578,41,209547,9,0,0,40,<=50K
8579,21,202373,10,0,0,25,<=50K
8580,29,151476,11,2174,0,40,<=50K
8582,22,138768,9,0,0,40,<=50K
8583,49,143482,9,0,0,40,<=50K
8585,38,168407,10,5721,0,44,<=50K
8586,23,148315,10,0,0,40,<=50K
8587,20,270517,9,0,0,40,<=50K
8588,40,53506,13,0,0,40,<=50K
8589,25,105693,13,0,0,40,<=50K
8590,27,189589,10,0,0,40,<=50K
8591,20,164574,9,0,0,30,<=50K
8592,37,185744,9,0,0,20,<=50K
8593,40,33155,9,0,0,40,<=50K
8595,38,233571,9,0,0,40,<=50K
8596,42,211253,13,0,0,40,<=50K
8597,32,191385,12,2174,0,40,<=50K
8598,20,137895,9,0,0,45,<=50K
8599,62,159699,13,0,0,38,<=50K
8600,31,295922,10,0,0,40,<=50K
8601,31,175856,9,0,0,60,<=50K
8602,24,216129,9,0,0,40,<=50K
8603,62,407669,4,0,0,35,<=50K
8605,21,285457,10,0,0,50,<=50K
8606,30,124420,9,4650,0,40,<=50K
8607,22,246386,9,0,0,40,<=50K
8608,18,142751,6,0,0,40,<=50K
8609,59,283635,14,0,0,40,<=50K
8611,49,76482,9,0,0,40,<=50K
8612,19,431745,7,0,0,30,<=50K
8615,33,67006,6,0,0,45,<=50K
8616,23,240398,13,0,0,15,<=50K
8619,30,185177,13,0,0,43,<=50K
8620,32,102858,12,0,2002,42,<=50K
8621,39,84954,10,2829,0,65,<=50K
8622,21,115895,10,0,0,20,<=50K
8623,23,184589,13,0,0,21,<=50K
8624,32,282611,13,0,0,40,<=50K
8625,57,218649,9,0,0,40,<=50K
8626,22,157541,10,0,0,10,<=50K
8627,70,145419,9,0,0,5,<=50K
8629,53,204584,14,0,0,40,<=50K
8630,21,117210,10,0,0,45,<=50K
8631,37,69481,9,0,0,40,<=50K
8635,57,120302,9,0,0,40,<=50K
8636,65,111916,9,0,0,40,<=50K
8637,25,182227,10,0,0,30,<=50K
8638,30,219110,9,0,0,46,<=50K
8639,31,200192,9,0,0,40,<=50K
8640,19,427862,10,0,0,35,<=50K
8641,23,33551,13,0,0,38,<=50K
8642,44,164043,9,0,0,40,<=50K
8644,42,175133,10,0,0,40,<=50K
8645,34,289731,7,0,0,40,<=50K
8647,25,282612,11,0,0,40,<=50K
8648,21,73679,10,0,0,40,<=50K
8649,31,237824,9,0,0,60,<=50K
8650,36,357720,11,0,0,40,<=50K
8651,49,155489,10,0,0,65,<=50K
8652,44,138077,13,0,0,32,<=50K
8654,30,103596,9,0,0,99,<=50K
8655,33,172304,6,0,0,40,<=50K
8657,17,294485,6,0,0,30,<=50K
8658,20,637080,10,0,0,25,<=50K
8659,32,385959,9,0,0,50,<=50K
8660,33,116539,9,0,0,40,<=50K
8661,37,129263,10,0,0,60,<=50K
8662,60,141253,6,0,0,48,<=50K
8663,35,35626,10,0,0,15,<=50K
8664,43,94937,13,0,0,40,<=50K
8670,22,124940,10,0,0,44,<=50K
8671,33,313729,14,0,0,60,<=50K
8672,61,192237,6,0,0,40,<=50K
8673,28,168524,11,0,0,40,<=50K
8675,22,215477,10,0,0,40,<=50K
8676,27,199903,13,0,0,40,<=50K
8677,25,431861,9,0,0,40,<=50K
8678,32,105938,9,0,1602,20,<=50K
8679,28,274679,14,0,0,50,<=50K
8680,25,177499,13,0,1590,35,<=50K
8681,28,206125,10,0,0,40,<=50K
8683,58,202652,9,0,0,37,<=50K
8684,39,348960,9,0,0,40,<=50K
8685,33,171876,10,0,0,40,<=50K
8687,58,201344,13,0,0,20,<=50K
8689,34,40067,10,0,0,40,<=50K
8690,31,326862,10,0,0,40,<=50K
8692,65,149049,9,0,0,40,<=50K
8693,45,226246,9,0,0,50,<=50K
8695,23,38251,9,0,0,40,<=50K
8697,38,217054,10,0,0,40,<=50K
8700,40,34218,9,0,0,40,<=50K
8701,19,292962,9,0,0,40,<=50K
8702,45,235924,13,0,0,40,<=50K
8703,34,98656,10,0,0,40,<=50K
8704,70,102610,10,0,0,80,<=50K
8705,32,296466,14,0,0,60,<=50K
8706,33,323069,11,0,0,40,<=50K
8707,24,184756,13,0,0,40,<=50K
8708,30,233993,13,0,0,15,<=50K
8709,22,130724,10,0,0,25,<=50K
8711,67,127543,6,2414,0,80,<=50K
8712,40,187164,9,0,1672,45,<=50K
8713,55,113912,11,0,0,20,<=50K
8714,29,216479,9,0,0,40,<=50K
8715,62,135480,9,0,0,16,<=50K
8716,22,204160,9,0,0,40,<=50K
8717,64,114650,5,0,0,40,<=50K
8718,29,240172,13,0,0,50,<=50K
8719,28,184831,10,0,0,40,<=50K
8720,25,124590,9,0,0,40,<=50K
8723,18,156874,8,0,0,27,<=50K
8724,52,177727,6,4064,0,45,<=50K
8726,36,311255,9,0,0,40,<=50K
8727,23,214227,11,0,0,30,<=50K
8728,41,115849,9,0,0,40,<=50K
8730,53,31460,9,0,0,40,<=50K
8731,26,141824,10,0,0,40,<=50K
8732,22,310152,10,3325,0,40,<=50K
8733,25,179953,14,2597,0,31,<=50K
8734,31,137952,10,0,0,40,<=50K
8735,36,103323,12,2829,0,40,<=50K
8736,46,174426,10,0,0,40,<=50K
8738,32,169955,10,0,0,36,<=50K
8739,43,48087,9,0,0,60,<=50K
8743,37,210452,14,0,0,38,<=50K
8744,22,134181,9,0,0,50,<=50K
8745,51,45487,9,0,0,80,<=50K
8747,40,199303,9,0,0,40,<=50K
8748,46,83064,10,0,0,40,<=50K
8749,23,134997,10,0,0,20,<=50K
8750,30,44419,10,0,0,40,<=50K
8752,31,158092,10,0,0,35,<=50K
8753,31,374833,2,0,0,40,<=50K
8754,30,112650,9,0,0,40,<=50K
8756,27,207418,13,0,0,50,<=50K
8757,22,335453,10,0,0,16,<=50K
8759,28,54243,9,0,0,60,<=50K
8762,34,37380,9,0,0,40,<=50K
8763,26,247025,10,0,0,40,<=50K
8764,53,29231,4,0,0,35,<=50K
8765,23,101094,10,0,0,60,<=50K
8766,42,176716,14,0,0,40,<=50K
8767,36,118429,9,0,0,50,<=50K
8769,22,120572,10,0,0,40,<=50K
8770,27,124680,14,0,0,40,<=50K
8771,42,153160,9,0,0,40,<=50K
8772,39,114678,9,5455,0,40,<=50K
8775,20,277700,1,0,0,32,<=50K
8776,55,67433,9,0,0,60,<=50K
8777,47,121124,5,0,0,40,<=50K
8779,36,79649,10,0,0,40,<=50K
8780,39,203763,16,0,0,80,<=50K
8782,21,494638,12,0,0,15,<=50K
8783,48,162816,12,0,0,45,<=50K
8784,30,109117,11,0,0,45,<=50K
8785,24,32732,9,0,0,50,<=50K
8786,57,217692,9,0,0,38,<=50K
8787,20,34590,10,0,0,60,<=50K
8788,18,276864,10,0,1602,20,<=50K
8789,56,168625,9,4101,0,40,<=50K
8793,57,36990,9,0,0,52,<=50K
8794,33,198211,9,0,0,40,<=50K
8797,28,245790,9,0,0,40,<=50K
8798,31,273324,10,0,1721,16,<=50K
8799,60,182687,12,0,0,40,<=50K
8802,50,180522,10,0,0,38,<=50K
8803,23,203353,13,0,0,12,<=50K
8804,30,87469,9,0,0,40,<=50K
8805,20,216563,7,0,0,40,<=50K
8807,49,173584,13,0,0,50,<=50K
8808,47,80282,13,3137,0,40,<=50K
8810,37,408229,9,0,0,40,<=50K
8811,25,431307,6,0,0,50,<=50K
8812,37,134088,12,0,0,40,<=50K
8813,47,246396,9,0,0,40,<=50K
8815,34,106014,10,0,0,40,<=50K
8817,39,120130,10,0,0,40,<=50K
8818,32,203849,4,0,0,19,<=50K
8819,24,207940,9,0,0,30,<=50K
8820,28,302406,15,0,0,60,<=50K
8821,41,144594,4,0,2179,40,<=50K
8822,69,171050,9,0,0,9,<=50K
8823,32,459007,9,0,0,90,<=50K
8828,24,353696,10,0,0,20,<=50K
8831,22,103762,13,0,0,40,<=50K
8832,36,47570,14,0,0,40,<=50K
8834,23,144165,13,0,0,30,<=50K
8835,35,180647,10,0,0,40,<=50K
8837,35,150488,13,0,0,40,<=50K
8838,18,200876,7,0,0,16,<=50K
8839,43,188199,5,0,0,40,<=50K
8840,53,118793,9,0,0,40,<=50K
8841,54,204325,10,0,0,52,<=50K
8842,29,256671,9,0,0,40,<=50K
8843,46,231515,12,0,0,47,<=50K
8844,24,100669,10,0,0,30,<=50K
8845,30,88913,10,0,0,40,<=50K
8846,23,363219,10,0,0,6,<=50K
8847,27,291547,13,0,0,6,<=50K
8848,36,308945,9,0,0,40,<=50K
8849,38,100316,13,0,0,35,<=50K
8850,33,296453,14,0,0,15,<=50K
8851,66,298834,10,0,0,40,<=50K
8852,45,188694,9,0,0,40,<=50K
8853,68,29240,9,0,0,12,<=50K
8855,17,154908,6,0,0,10,<=50K
8858,40,186916,13,0,0,40,<=50K
8859,34,116677,10,0,0,40,<=50K
8860,56,95763,6,0,0,45,<=50K
8861,42,266710,10,0,0,41,<=50K
8863,30,242460,9,0,0,50,<=50K
8865,47,181652,9,0,0,40,<=50K
8866,57,174760,12,0,0,40,<=50K
8867,34,56121,7,0,0,40,<=50K
8868,40,390369,9,0,0,40,<=50K
8870,22,51262,9,0,0,40,<=50K
8871,29,190350,8,0,0,35,<=50K
8873,36,154835,9,0,0,40,<=50K
8875,36,194630,10,0,0,40,<=50K
8876,18,212207,9,0,0,11,<=50K
8877,27,204788,9,0,0,40,<=50K
8878,30,158688,9,0,0,40,<=50K
8881,36,257250,4,0,0,75,<=50K
8882,48,355978,14,0,0,40,<=50K
8884,21,376929,3,0,0,40,<=50K
8886,41,82778,2,0,0,40,<=50K
8887,61,115882,2,0,0,20,<=50K
8888,64,103021,4,0,0,40,<=50K
8889,35,297767,10,0,0,40,<=50K
8890,44,259479,9,0,0,50,<=50K
8891,20,167787,10,0,0,20,<=50K
8892,23,40021,10,0,0,70,<=50K
8893,52,245275,6,0,0,35,<=50K
8894,43,37402,14,0,0,25,<=50K
8895,32,103608,13,0,0,40,<=50K
8896,63,137192,13,0,0,40,<=50K
8898,42,96509,10,0,0,60,<=50K
8899,65,196174,6,0,0,28,<=50K
8900,24,172612,9,0,0,40,<=50K
8901,42,141186,10,0,0,40,<=50K
8902,35,228190,9,0,0,40,<=50K
8904,38,307404,10,0,0,40,<=50K
8905,26,152436,9,0,0,50,<=50K
8906,46,182541,9,0,1672,50,<=50K
8907,39,282153,10,0,0,20,<=50K
8908,29,41281,13,0,0,50,<=50K
8911,26,208122,10,0,0,45,<=50K
8913,55,129173,9,0,0,40,<=50K
8915,41,216116,9,0,0,40,<=50K
8916,24,146706,10,0,0,30,<=50K
8917,47,285200,9,0,0,40,<=50K
8920,18,274746,9,0,0,20,<=50K
8921,27,517000,13,0,0,35,<=50K
8922,36,66173,13,0,0,50,<=50K
8923,21,182823,13,0,0,30,<=50K
8924,29,159479,9,0,0,55,<=50K
8925,25,135568,9,0,0,40,<=50K
8926,73,333676,9,0,0,50,<=50K
8929,43,176138,13,0,0,50,<=50K
8930,47,47496,9,0,0,42,<=50K
8931,20,187158,10,0,0,15,<=50K
8932,22,249727,10,0,0,20,<=50K
8933,76,237624,4,0,0,10,<=50K
8934,24,175254,10,0,0,40,<=50K
8935,54,42924,10,0,0,50,<=50K
8937,33,111985,10,0,0,58,<=50K
8938,30,167476,10,0,0,50,<=50K
8940,27,188711,10,0,0,30,<=50K
8941,49,199448,11,0,0,40,<=50K
8942,30,313038,9,0,0,40,<=50K
8943,22,148431,9,0,0,40,<=50K
8944,19,112432,9,0,0,58,<=50K
8945,46,57914,9,0,0,40,<=50K
8946,51,145166,9,0,0,50,<=50K
8947,56,247119,4,0,0,40,<=50K
8948,53,196278,10,0,0,40,<=50K
8949,60,366531,11,0,0,40,<=50K
8950,27,216481,13,0,0,40,<=50K
8951,46,188027,10,0,0,45,<=50K
8953,41,74775,13,0,0,30,<=50K
8956,57,192869,9,0,0,72,<=50K
8957,44,121352,10,0,0,50,<=50K
8958,32,70985,9,4064,0,40,<=50K
8959,27,123116,9,0,0,40,<=50K
8960,57,339163,10,0,0,40,<=50K
8961,59,124771,13,0,0,30,<=50K
8963,90,77053,9,0,4356,40,<=50K
8964,22,199266,13,0,0,30,<=50K
8965,39,190728,9,0,0,40,<=50K
8968,61,215944,5,0,0,25,<=50K
8969,24,72310,10,0,0,43,<=50K
8970,25,57512,10,0,0,45,<=50K
8971,44,89413,11,0,0,40,<=50K
8974,30,226943,9,0,0,35,<=50K
8976,36,305352,6,0,0,40,<=50K
8978,60,296485,3,0,0,40,<=50K
8980,49,249585,7,0,0,65,<=50K
8983,53,194995,3,0,0,45,<=50K
8984,23,211049,10,4101,0,40,<=50K
8985,28,196630,11,0,0,40,<=50K
8986,20,50397,10,0,0,35,<=50K
8987,43,177905,9,3908,0,40,<=50K
8990,31,223046,9,0,0,60,<=50K
8991,29,44921,9,0,0,40,<=50K
8992,24,154571,10,0,0,20,<=50K
8993,39,67136,11,0,0,40,<=50K
8995,20,390817,3,0,0,25,<=50K
8996,23,145964,10,0,0,40,<=50K
8997,42,30424,7,0,0,38,<=50K
8998,53,548361,9,0,0,40,<=50K
8999,20,189148,9,0,0,48,<=50K
9000,58,266707,2,0,2179,18,<=50K
9001,51,311569,9,0,0,40,<=50K
9002,25,187653,9,0,0,48,<=50K
9003,38,235379,12,0,0,36,<=50K
9006,25,184698,6,0,0,40,<=50K
9007,50,144361,9,0,0,40,<=50K
9009,31,117963,16,0,0,40,<=50K
9010,22,123876,10,0,0,20,<=50K
9011,37,248445,9,0,0,40,<=50K
9012,32,207172,10,0,0,40,<=50K
9015,40,269168,9,0,0,40,<=50K
9018,41,648223,2,0,0,40,<=50K
9019,56,298695,4,0,0,48,<=50K
9020,20,219835,10,0,0,30,<=50K
9025,27,161683,7,0,0,42,<=50K
9027,39,258102,10,0,0,50,<=50K
9028,57,24127,13,0,0,8,<=50K
9030,77,185426,9,0,0,15,<=50K
9032,46,141058,9,0,0,65,<=50K
9034,20,406641,9,0,0,30,<=50K
9035,30,119422,6,0,0,40,<=50K
9036,30,255486,9,0,0,25,<=50K
9037,22,161532,10,0,0,35,<=50K
9039,18,163332,9,0,0,22,<=50K
9040,28,103802,13,0,1408,40,<=50K
9042,28,37933,9,0,0,48,<=50K
9043,21,165107,10,0,0,40,<=50K
9044,37,126011,11,0,0,40,<=50K
9045,28,56651,13,0,0,40,<=50K
9046,23,522881,3,0,0,35,<=50K
9047,32,191777,11,0,0,35,<=50K
9048,27,132686,8,0,0,50,<=50K
9049,55,201112,9,0,0,40,<=50K
9051,25,208591,13,0,0,40,<=50K
9052,29,126399,9,0,0,32,<=50K
9053,50,142073,9,0,0,55,<=50K
9054,18,395567,9,0,0,40,<=50K
9055,74,180455,13,0,0,8,<=50K
9056,22,235853,5,0,0,40,<=50K
9057,27,160731,13,0,0,40,<=50K
9058,27,31935,10,0,0,80,<=50K
9061,23,223019,9,0,0,40,<=50K
9064,32,200323,15,0,0,60,<=50K
9065,41,230020,9,0,0,40,<=50K
9067,48,162096,5,0,0,45,<=50K
9068,51,103824,9,0,0,40,<=50K
9069,34,61431,8,0,0,40,<=50K
9071,52,183618,9,0,0,40,<=50K
9073,53,263729,10,0,0,40,<=50K
9074,54,39493,11,0,0,20,<=50K
9075,36,185360,9,0,0,60,<=50K
9076,25,132661,11,0,0,60,<=50K
9077,20,266400,10,0,0,48,<=50K
9078,23,433669,12,0,0,40,<=50K
9080,20,217404,6,0,0,40,<=50K
9081,28,227778,11,0,0,40,<=50K
9082,73,96262,9,0,0,40,<=50K
9083,67,247566,9,0,0,24,<=50K
9085,32,73585,11,0,0,40,<=50K
9086,42,37869,10,0,1590,40,<=50K
9087,33,165814,9,0,0,40,<=50K
9088,37,108913,9,0,0,40,<=50K
9089,33,34975,10,0,0,45,<=50K
9090,31,157078,6,0,0,40,<=50K
9092,21,294295,9,0,0,40,<=50K
9094,24,461678,6,0,0,40,<=50K
9095,26,252284,10,0,0,40,<=50K
9096,26,256737,7,0,0,40,<=50K
9097,33,96480,14,0,0,40,<=50K
9098,25,234263,13,0,0,40,<=50K
9099,21,109952,6,0,0,50,<=50K
9100,24,262570,9,0,0,40,<=50K
9102,68,201732,10,0,0,40,<=50K
9103,66,174788,10,0,0,20,<=50K
9104,38,278924,13,0,0,40,<=50K
9106,71,193863,4,0,0,16,<=50K
9107,37,342768,9,0,0,40,<=50K
9109,27,176727,13,0,0,40,<=50K
9110,49,99179,13,0,0,40,<=50K
9111,19,354104,10,0,0,10,<=50K
9112,25,61956,10,0,0,50,<=50K
9114,40,224658,10,0,0,40,<=50K
9115,38,51100,13,3325,0,40,<=50K
9116,25,224361,9,0,0,40,<=50K
9117,25,362912,10,0,0,50,<=50K
9118,23,218782,6,0,0,40,<=50K
9119,28,103389,14,0,0,40,<=50K
9120,29,308944,9,0,0,40,<=50K
9121,32,140092,7,0,0,40,<=50K
9122,34,202210,9,0,0,40,<=50K
9124,33,281030,9,0,0,94,<=50K
9125,19,169758,10,0,0,35,<=50K
9127,41,139907,6,0,0,50,<=50K
9128,18,119422,9,0,0,30,<=50K
9132,49,134797,10,0,0,40,<=50K
9133,20,41103,10,0,0,20,<=50K
9135,57,303986,3,0,0,40,<=50K
9136,35,126569,10,4064,0,40,<=50K
9137,66,166461,7,0,0,26,<=50K
9138,27,61387,13,0,0,15,<=50K
9139,25,254746,11,0,0,40,<=50K
9141,19,180976,6,0,0,35,<=50K
9143,59,136413,4,0,0,48,<=50K
9144,25,131463,13,0,0,40,<=50K
9147,75,260543,6,0,0,1,<=50K
9148,21,80680,9,0,0,40,<=50K
9149,21,20728,9,4101,0,40,<=50K
9151,20,91939,9,0,1721,30,<=50K
9152,32,175931,9,0,0,40,<=50K
9153,28,309566,9,0,0,20,<=50K
9154,53,123703,9,0,0,40,<=50K
9155,19,369678,9,0,0,30,<=50K
9156,58,29928,10,0,0,36,<=50K
9157,22,167868,9,0,0,30,<=50K
9158,23,235894,7,0,0,55,<=50K
9159,21,189888,9,3325,0,60,<=50K
9160,36,111545,9,0,0,70,<=50K
9161,39,175972,10,0,0,15,<=50K
9162,34,254270,13,0,0,40,<=50K
9163,41,185057,14,0,0,40,<=50K
9164,72,157593,13,1455,0,6,<=50K
9167,32,97723,11,0,0,40,<=50K
9169,37,227597,10,0,0,40,<=50K
9170,21,143995,10,0,0,20,<=50K
9171,21,250051,10,0,0,10,<=50K
9172,26,284078,10,0,0,40,<=50K
9174,18,163787,10,0,0,15,<=50K
9175,27,119170,7,0,0,45,<=50K
9176,20,188612,10,0,0,38,<=50K
9178,31,317761,13,0,0,40,<=50K
9181,34,207383,14,0,0,40,<=50K
9183,33,259931,7,0,0,30,<=50K
9185,42,106900,11,0,0,40,<=50K
9186,30,87054,9,0,0,50,<=50K
9188,28,181659,9,0,0,40,<=50K
9189,25,321205,13,4101,0,35,<=50K
9191,40,276096,9,0,0,40,<=50K
9192,36,290560,10,0,0,45,<=50K
9193,21,307315,10,0,0,40,<=50K
9195,24,237928,13,0,0,39,<=50K
9196,46,153501,9,0,0,40,<=50K
9201,35,150217,13,0,0,24,<=50K
9202,33,295649,9,0,0,40,<=50K
9203,21,197182,12,0,0,40,<=50K
9206,58,473836,4,0,0,45,<=50K
9207,21,198431,9,0,0,40,<=50K
9208,22,113936,9,0,0,40,<=50K
9209,22,318915,9,0,0,40,<=50K
9212,23,320294,9,0,0,40,<=50K
9214,24,283731,13,0,0,40,<=50K
9215,38,227154,13,0,0,40,<=50K
9216,49,298659,9,0,0,15,<=50K
9219,21,175800,9,0,0,55,<=50K
9220,55,170169,9,0,0,40,<=50K
9221,47,344157,7,0,0,40,<=50K
9222,19,199441,9,0,0,40,<=50K
9223,47,225456,9,0,0,50,<=50K
9224,36,61178,7,0,0,40,<=50K
9225,28,175262,12,0,2002,40,<=50K
9226,42,152568,9,0,0,40,<=50K
9229,32,208291,9,0,0,50,<=50K
9230,34,224358,6,0,0,40,<=50K
9231,33,55176,4,0,0,40,<=50K
9233,53,68684,9,0,0,40,<=50K
9234,24,185452,13,0,0,50,<=50K
9236,23,173851,10,0,0,40,<=50K
9238,36,51424,9,0,0,40,<=50K
9239,19,123416,8,1055,0,40,<=50K
9240,26,262656,9,0,0,40,<=50K
9243,22,151105,10,0,0,18,<=50K
9246,39,317434,9,0,0,40,<=50K
9248,38,745768,10,0,0,45,<=50K
9249,19,69927,9,0,0,16,<=50K
9250,26,302603,9,0,0,45,<=50K
9251,52,46788,13,0,0,25,<=50K
9252,41,289886,3,0,1579,40,<=50K
9253,45,179135,9,0,0,40,<=50K
9255,34,57426,13,0,0,45,<=50K
9256,36,312206,9,0,0,40,<=50K
9257,19,344858,9,0,0,20,<=50K
9258,26,177035,7,0,0,40,<=50K
9259,60,88055,6,0,0,40,<=50K
9260,35,111095,9,0,0,50,<=50K
9261,39,192251,6,0,0,60,<=50K
9262,27,29807,9,0,0,40,<=50K
9263,26,211596,14,0,0,40,<=50K
9264,17,268276,8,0,0,12,<=50K
9266,53,20676,9,0,0,48,<=50K
9267,35,115803,7,0,0,40,<=50K
9270,36,257942,9,0,0,40,<=50K
9271,21,72593,9,0,0,40,<=50K
9272,29,147340,10,0,0,40,<=50K
9275,22,215395,10,0,1602,10,<=50K
9276,50,30682,14,0,0,50,<=50K
9277,24,29591,13,0,0,40,<=50K
9278,36,215392,13,0,0,40,<=50K
9280,42,133584,10,0,0,40,<=50K
9281,38,210438,4,0,0,40,<=50K
9282,52,256916,9,0,0,40,<=50K
9283,46,73541,6,0,0,40,<=50K
9284,23,109952,10,0,0,60,<=50K
9285,54,197975,3,0,0,51,<=50K
9286,27,401723,9,0,0,40,<=50K
9287,42,179524,13,0,0,50,<=50K
9288,33,296282,9,0,0,40,<=50K
9289,19,145844,12,0,0,50,<=50K
9290,59,191965,7,3908,0,28,<=50K
9291,54,96792,9,0,0,32,<=50K
9292,48,185041,4,0,1672,55,<=50K
9293,19,233779,10,0,0,60,<=50K
9294,45,347834,9,0,0,40,<=50K
9295,36,215373,13,0,0,70,<=50K
9296,35,169426,12,0,0,40,<=50K
9297,47,202856,10,0,0,36,<=50K
9298,33,50276,13,0,0,40,<=50K
9299,48,187454,13,0,0,40,<=50K
9300,42,126098,9,0,0,40,<=50K
9301,19,250639,10,0,0,24,<=50K
9302,64,195366,13,0,0,40,<=50K
9303,51,186845,13,0,0,8,<=50K
9304,20,119156,9,0,0,20,<=50K
9305,28,162343,9,0,0,40,<=50K
9307,29,394927,10,0,0,45,<=50K
9308,51,172281,13,0,0,40,<=50K
9309,36,370767,9,0,2377,60,<=50K
9311,52,165681,10,0,0,40,<=50K
9313,25,130793,10,0,0,30,<=50K
9314,36,118909,12,0,0,40,<=50K
9315,44,202466,10,0,0,60,<=50K
9316,47,161558,6,0,0,45,<=50K
9317,32,188246,9,0,0,40,<=50K
9318,37,160120,14,0,0,40,<=50K
9319,40,144594,9,2829,0,40,<=50K
9320,34,123429,9,0,0,60,<=50K
9322,26,523067,10,0,0,3,<=50K
9323,49,113513,13,0,0,50,<=50K
9325,46,320421,13,0,0,25,<=50K
9326,31,295589,10,0,0,40,<=50K
9327,22,370548,11,0,0,30,<=50K
9328,20,120572,10,0,0,12,<=50K
9330,26,55860,10,0,0,40,<=50K
9332,31,131568,5,0,0,40,<=50K
9333,46,173613,9,0,0,30,<=50K
9334,22,216867,4,0,0,40,<=50K
9335,38,104089,11,0,0,40,<=50K
9336,35,208106,9,0,0,40,<=50K
9337,27,340269,10,0,0,40,<=50K
9338,27,236246,12,0,0,40,<=50K
9339,46,213408,10,0,0,40,<=50K
9340,40,84232,9,0,0,4,<=50K
9341,19,302945,10,0,0,10,<=50K
9343,20,262749,10,0,0,35,<=50K
9344,34,198265,13,0,0,60,<=50K
9346,27,177761,10,0,0,50,<=50K
9349,21,77759,10,0,0,15,<=50K
9350,51,77905,11,0,0,40,<=50K
9351,64,193575,7,0,0,40,<=50K
9353,18,85154,8,0,0,24,<=50K
9354,49,180532,14,0,0,40,<=50K
9355,51,508891,9,0,0,40,<=50K
9356,20,211345,10,0,0,20,<=50K
9357,69,170877,9,0,0,48,<=50K
9358,18,97318,9,0,0,35,<=50K
9359,43,184105,9,0,0,50,<=50K
9360,50,150941,9,0,0,44,<=50K
9361,32,303942,9,0,0,40,<=50K
9362,27,273929,9,0,0,40,<=50K
9363,38,197077,9,0,0,40,<=50K
9365,46,159869,9,0,0,44,<=50K
9366,19,158343,10,0,0,40,<=50K
9367,17,406920,6,0,0,40,<=50K
9368,21,227986,9,0,0,40,<=50K
9369,36,137527,13,0,0,50,<=50K
9370,36,180150,8,0,0,40,<=50K
9371,23,239539,9,0,0,40,<=50K
9373,40,224799,13,0,0,45,<=50K
9374,64,292639,10,10566,0,35,<=50K
9375,66,22313,7,0,0,20,<=50K
9376,42,194636,9,0,0,40,<=50K
9377,55,156089,10,0,0,40,<=50K
9379,25,218667,9,0,0,40,<=50K
9380,39,358837,10,0,0,40,<=50K
9381,20,174685,9,0,0,40,<=50K
9382,32,168854,9,0,0,54,<=50K
9383,28,133696,13,0,0,65,<=50K
9384,23,350680,12,0,0,40,<=50K
9385,18,115215,9,0,0,25,<=50K
9387,29,217200,9,0,0,40,<=50K
9388,32,235124,10,0,0,46,<=50K
9389,31,144949,9,0,0,40,<=50K
9390,60,135470,3,0,0,40,<=50K
9391,42,281209,10,0,0,50,<=50K
9394,18,182042,7,0,0,19,<=50K
9395,31,210008,9,0,0,40,<=50K
9396,54,234938,9,4064,0,55,<=50K
9397,46,315423,10,0,2042,50,<=50K
9398,27,30244,9,0,0,80,<=50K
9400,38,201328,4,0,0,56,<=50K
9401,36,96468,14,0,0,40,<=50K
9402,25,486332,9,0,0,40,<=50K
9403,19,46162,9,0,0,25,<=50K
9404,60,98350,10,0,0,60,<=50K
9405,45,175958,5,0,0,40,<=50K
9406,21,119309,10,0,1602,16,<=50K
9407,42,175935,9,0,1980,46,<=50K
9408,38,204527,9,0,0,50,<=50K
9409,22,57827,10,0,0,40,<=50K
9410,19,418176,9,0,0,32,<=50K
9411,23,262744,10,0,0,40,<=50K
9412,24,177287,10,0,0,30,<=50K
9413,30,255004,12,0,0,52,<=50K
9414,62,183735,10,0,0,40,<=50K
9415,26,318644,15,0,0,20,<=50K
9417,33,206051,9,0,0,40,<=50K
9419,35,225750,13,0,0,32,<=50K
9420,33,245777,9,0,0,40,<=50K
9421,45,169092,9,0,0,55,<=50K
9423,24,285432,9,0,0,40,<=50K
9424,50,154779,10,0,0,40,<=50K
9426,58,417419,4,0,0,40,<=50K
9427,39,33975,9,0,0,50,<=50K
9428,32,42485,9,0,0,40,<=50K
9429,27,170017,13,0,0,40,<=50K
9430,27,152683,9,3908,0,35,<=50K
9431,20,41721,10,0,0,60,<=50K
9432,64,66634,4,0,0,40,<=50K
9433,55,257216,14,0,0,40,<=50K
9434,46,167882,9,0,0,43,<=50K
9435,45,179428,10,0,0,55,<=50K
9436,26,57512,9,0,0,40,<=50K
9437,36,301614,9,0,0,40,<=50K
9438,25,193820,13,0,1876,40,<=50K
9440,39,189092,13,0,0,45,<=50K
9441,47,217509,9,0,0,45,<=50K
9442,35,308691,14,0,0,48,<=50K
9443,38,169672,9,0,0,40,<=50K
9444,50,120914,7,0,0,40,<=50K
9445,36,370156,9,0,0,38,<=50K
9446,28,398220,3,0,0,40,<=50K
9447,44,208277,9,0,0,45,<=50K
9448,40,337456,9,0,0,40,<=50K
9450,29,32280,9,0,0,45,<=50K
9451,33,194901,9,0,0,45,<=50K
9452,19,57329,10,0,0,30,<=50K
9455,23,274797,9,0,0,25,<=50K
9456,31,359249,11,0,0,40,<=50K
9457,22,152744,10,0,0,40,<=50K
9458,59,188041,9,0,0,40,<=50K
9459,32,97723,10,0,0,38,<=50K
9460,49,354529,10,0,0,40,<=50K
9461,22,249727,10,0,0,30,<=50K
9462,26,189590,10,0,0,30,<=50K
9463,23,298871,10,0,0,40,<=50K
9464,55,205296,10,0,0,50,<=50K
9466,44,242861,9,0,0,40,<=50K
9467,27,37599,10,0,0,24,<=50K
9470,20,256211,10,0,0,40,<=50K
9471,84,163685,9,0,0,33,<=50K
9472,40,266084,10,0,0,50,<=50K
9473,37,161111,13,0,0,40,<=50K
9474,44,199031,10,0,1380,40,<=50K
9475,47,166634,10,0,0,40,<=50K
9476,62,204085,10,0,0,25,<=50K
9477,19,369527,10,0,0,40,<=50K
9478,47,464945,9,0,0,45,<=50K
9479,44,174684,9,0,0,40,<=50K
9480,26,166295,13,0,0,41,<=50K
9481,36,220511,10,0,0,40,<=50K
9482,52,246936,7,0,0,40,<=50K
9483,33,104509,10,0,0,40,<=50K
9484,48,266337,9,0,0,40,<=50K
9485,33,252168,9,0,0,40,<=50K
9486,25,92093,13,0,0,20,<=50K
9487,62,88055,13,0,0,40,<=50K
9488,38,129591,10,0,0,40,<=50K
9489,46,142719,9,0,0,65,<=50K
9490,18,264924,10,0,0,40,<=50K
9492,38,115336,9,0,0,70,<=50K
9494,63,179444,4,0,0,15,<=50K
9495,49,218676,10,0,0,43,<=50K
9496,17,148194,7,0,0,12,<=50K
9497,33,184833,9,0,0,35,<=50K
9498,70,280639,9,2329,0,20,<=50K
9499,19,217769,10,0,0,15,<=50K
9501,61,56009,10,0,0,40,<=50K
9504,29,349154,6,0,0,40,<=50K
9505,40,24763,10,6849,0,40,<=50K
9507,24,113466,9,0,0,40,<=50K
9508,29,130856,10,0,0,60,<=50K
9509,61,268797,9,0,0,17,<=50K
9510,48,202117,7,0,0,34,<=50K
9511,19,280146,10,0,0,20,<=50K
9512,30,70377,10,0,0,40,<=50K
9513,24,236696,10,0,0,30,<=50K
9514,39,222572,14,0,0,43,<=50K
9515,46,110702,10,2036,0,60,<=50K
9517,27,200492,13,0,0,40,<=50K
9518,25,193820,14,0,0,40,<=50K
9519,31,454508,7,0,2001,40,<=50K
9520,58,220789,13,0,0,45,<=50K
9522,40,140559,9,0,0,25,<=50K
9524,31,402361,9,0,0,40,<=50K
9525,33,143582,9,0,0,48,<=50K
9526,49,185385,12,0,0,45,<=50K
9527,24,112706,11,0,0,40,<=50K
9528,46,130364,9,0,0,40,<=50K
9530,20,205895,10,0,0,20,<=50K
9531,65,273569,9,0,0,40,<=50K
9532,43,153160,10,0,0,40,<=50K
9533,48,167918,14,0,0,50,<=50K
9534,41,195661,10,0,0,54,<=50K
9535,27,146243,10,0,0,30,<=50K
9536,52,105428,10,0,0,12,<=50K
9537,26,149943,9,0,0,60,<=50K
9538,52,246197,9,0,0,40,<=50K
9539,52,192563,10,0,0,38,<=50K
9540,19,244115,9,0,0,30,<=50K
9541,39,98587,10,0,0,45,<=50K
9542,47,145886,10,0,0,40,<=50K
9543,27,244315,9,0,0,40,<=50K
9544,48,192779,10,0,0,40,<=50K
9545,50,209464,9,0,0,35,<=50K
9546,60,25141,10,0,0,60,<=50K
9548,47,53498,9,0,0,40,<=50K
9549,69,476653,13,0,0,20,<=50K
9550,40,162312,9,0,0,66,<=50K
9551,37,277022,9,3887,0,40,<=50K
9552,41,109762,14,0,0,40,<=50K
9553,38,123031,9,0,0,48,<=50K
9554,46,119890,11,0,0,30,<=50K
9555,21,409230,10,0,0,30,<=50K
9556,44,223308,14,0,0,48,<=50K
9557,38,129150,6,0,0,35,<=50K
9560,42,351161,10,0,0,40,<=50K
9562,32,324386,13,0,0,40,<=50K
9563,24,126568,13,0,0,33,<=50K
9564,26,275703,10,0,0,40,<=50K
9565,36,219611,13,2174,0,50,<=50K
9566,49,200471,7,0,0,60,<=50K
9568,73,74040,4,0,0,40,<=50K
9569,34,226296,7,0,0,40,<=50K
9570,22,211968,13,0,0,40,<=50K
9571,49,126446,10,0,0,30,<=50K
9572,25,262885,7,0,0,32,<=50K
9573,39,188069,5,0,0,25,<=50K
9574,19,113546,7,0,0,56,<=50K
9575,24,227070,6,0,0,40,<=50K
9576,34,136997,9,0,0,35,<=50K
9577,35,119006,9,0,0,38,<=50K
9578,21,212407,9,0,0,40,<=50K
9579,43,197810,14,0,0,40,<=50K
9580,35,35309,13,0,0,28,<=50K
9581,39,141802,10,0,0,40,<=50K
9583,33,124187,12,0,0,32,<=50K
9584,19,201743,10,0,0,26,<=50K
9585,17,156736,6,0,0,12,<=50K
9586,43,47261,10,0,0,50,<=50K
9587,62,150693,9,0,0,42,<=50K
9590,47,159550,9,0,0,40,<=50K
9591,30,190823,10,0,0,40,<=50K
9592,53,213378,9,0,0,33,<=50K
9593,24,257500,9,0,0,40,<=50K
9594,41,488706,10,0,0,40,<=50K
9595,58,239405,3,0,0,40,<=50K
9596,27,105189,9,4865,0,50,<=50K
9597,63,109735,9,0,0,38,<=50K
9598,50,172942,10,0,0,28,<=50K
9600,29,87745,10,0,0,60,<=50K
9601,41,187881,10,3942,0,40,<=50K
9602,55,234125,9,0,0,40,<=50K
9603,36,272944,9,0,0,45,<=50K
9604,23,129232,9,0,0,40,<=50K
9606,58,195835,10,0,0,45,<=50K
9607,25,251854,7,0,0,40,<=50K
9608,40,103474,9,0,0,30,<=50K
9609,38,22042,11,0,0,39,<=50K
9611,19,232368,10,0,0,35,<=50K
9612,55,174478,6,0,0,29,<=50K
9614,28,274690,13,0,0,45,<=50K
9615,53,251675,9,0,0,40,<=50K
9616,32,647882,9,0,0,40,<=50K
9617,60,128367,10,3325,0,42,<=50K
9618,32,37380,10,0,0,38,<=50K
9619,34,173730,9,0,0,50,<=50K
9621,21,225890,10,0,0,30,<=50K
9622,24,147147,13,0,0,20,<=50K
9623,53,233780,11,2202,0,40,<=50K
9624,29,394927,11,0,0,40,<=50K
9625,34,188682,13,0,0,40,<=50K
9626,52,115209,15,0,0,40,<=50K
9627,41,277192,3,0,0,40,<=50K
9628,21,314182,9,0,0,40,<=50K
9630,31,189269,9,0,0,40,<=50K
9631,38,35429,9,0,2042,40,<=50K
9633,62,161460,13,0,0,30,<=50K
9634,51,251487,4,0,0,40,<=50K
9635,30,177531,9,0,0,25,<=50K
9636,24,53942,13,0,0,40,<=50K
9637,36,113481,9,0,0,40,<=50K
9638,57,361324,6,0,0,40,<=50K
9640,33,276221,16,0,0,40,<=50K
9641,42,121055,10,0,0,45,<=50K
9642,62,118696,9,0,0,40,<=50K
9643,64,289741,10,0,0,20,<=50K
9644,18,238401,10,0,0,25,<=50K
9645,43,262038,3,0,0,35,<=50K
9646,62,26911,4,0,0,66,<=50K
9647,29,161155,12,0,0,50,<=50K
9650,69,167826,13,0,0,40,<=50K
9651,34,188900,13,0,0,40,<=50K
9653,25,134113,13,0,0,30,<=50K
9654,47,165822,10,0,0,40,<=50K
9655,17,99161,6,0,0,8,<=50K
9656,41,74581,13,0,0,65,<=50K
9657,19,304643,10,0,0,20,<=50K
9658,57,121821,2,0,0,40,<=50K
9659,25,154863,9,0,0,35,<=50K
9661,29,183111,11,0,0,40,<=50K
9662,32,50178,10,0,0,35,<=50K
9664,52,159908,8,0,0,40,<=50K
9665,41,162189,9,1831,0,40,<=50K
9666,29,128509,9,0,0,38,<=50K
9667,23,143032,14,0,0,36,<=50K
9668,31,382368,7,0,0,40,<=50K
9669,40,210013,9,0,0,50,<=50K
9670,19,293928,9,0,0,20,<=50K
9671,21,208503,10,0,0,10,<=50K
9674,64,202738,9,0,0,35,<=50K
9675,37,144322,11,0,0,43,<=50K
9677,22,160120,6,0,0,30,<=50K
9678,29,190450,9,0,0,40,<=50K
9679,37,212900,9,0,0,40,<=50K
9680,29,115677,13,0,0,40,<=50K
9681,38,252250,7,0,0,65,<=50K
9682,27,212041,9,0,0,50,<=50K
9684,60,113658,10,0,0,35,<=50K
9685,20,32426,10,0,0,25,<=50K
9687,37,203828,5,0,0,65,<=50K
9689,56,125147,6,0,0,60,<=50K
9691,19,97215,10,0,0,25,<=50K
9692,37,330826,11,0,0,30,<=50K
9693,27,200802,10,0,0,40,<=50K
9694,27,156266,9,0,0,20,<=50K
9695,52,72257,10,0,0,50,<=50K
9696,45,363087,9,0,0,40,<=50K
9697,28,25955,10,0,0,40,<=50K
9698,20,334633,9,0,0,40,<=50K
9699,28,109162,14,0,0,50,<=50K
9700,44,569761,11,0,0,40,<=50K
9701,30,209900,13,0,0,40,<=50K
9702,26,272986,12,0,0,8,<=50K
9703,55,52267,14,0,0,18,<=50K
9704,46,82946,9,0,0,40,<=50K
9705,51,104651,13,0,0,50,<=50K
9706,25,58441,13,0,0,40,<=50K
9707,43,269733,9,0,0,40,<=50K
9708,19,128453,9,0,0,28,<=50K
9709,36,179468,9,0,0,40,<=50K
9710,36,183081,10,0,0,40,<=50K
9711,48,102938,13,0,0,40,<=50K
9712,30,157289,7,0,0,40,<=50K
9714,30,155659,9,0,0,36,<=50K
9716,62,173601,13,0,0,40,<=50K
9717,41,214541,9,0,1590,40,<=50K
9719,36,153976,9,0,0,50,<=50K
9720,47,247676,14,5455,0,45,<=50K
9721,49,155372,14,0,0,40,<=50K
9722,52,329733,10,0,0,40,<=50K
9724,26,176520,9,0,0,53,<=50K
9725,51,226885,9,0,0,40,<=50K
9726,18,120781,6,0,0,20,<=50K
9727,30,375827,9,0,0,40,<=50K
9728,46,205504,9,0,0,20,<=50K
9729,28,198813,9,0,0,40,<=50K
9732,49,40000,13,4064,0,44,<=50K
9733,69,102874,9,0,0,24,<=50K
9735,78,180239,14,0,0,40,<=50K
9737,24,261561,13,0,0,40,<=50K
9738,29,81057,10,0,0,40,<=50K
9739,36,160120,13,0,0,45,<=50K
9740,17,41979,6,0,0,40,<=50K
9742,64,265661,9,0,0,40,<=50K
9743,33,193246,9,0,0,55,<=50K
9744,32,236543,8,0,0,40,<=50K
9745,19,29510,10,0,0,20,<=50K
9746,42,105804,7,0,0,40,<=50K
9747,24,194604,13,0,0,15,<=50K
9748,23,1038553,9,0,0,45,<=50K
9749,51,209320,15,3325,0,40,<=50K
9750,31,193231,13,3325,0,60,<=50K
9754,44,567788,3,0,0,40,<=50K
9755,38,91857,9,0,0,44,<=50K
9756,36,732569,5,0,0,40,<=50K
9757,29,86613,2,0,0,20,<=50K
9758,46,35961,12,0,0,25,<=50K
9759,47,114754,9,0,0,40,<=50K
9762,27,329426,13,0,0,45,<=50K
9763,43,181015,9,0,0,50,<=50K
9765,31,381153,10,0,0,60,<=50K
9767,39,230467,13,0,1092,40,<=50K
9768,36,218542,10,0,0,40,<=50K
9770,78,111189,4,0,0,35,<=50K
9771,24,168997,10,0,0,40,<=50K
9772,39,168894,10,0,0,40,<=50K
9773,21,149809,12,0,0,40,<=50K
9775,22,416165,10,0,0,32,<=50K
9776,36,41490,10,0,0,40,<=50K
9778,67,243256,5,0,0,15,<=50K
9779,42,250536,10,0,0,21,<=50K
9781,58,51499,11,0,0,40,<=50K
9782,37,189878,10,0,0,60,<=50K
9783,39,179481,9,4650,0,44,<=50K
9784,25,299765,10,0,0,40,<=50K
9786,30,54608,13,0,0,40,<=50K
9787,49,174702,10,0,0,35,<=50K
9788,36,285020,9,2885,0,40,<=50K
9789,23,201145,9,0,0,65,<=50K
9790,51,125796,10,0,0,35,<=50K
9791,55,249072,9,0,0,60,<=50K
9792,35,99156,13,0,0,50,<=50K
9793,45,94754,14,0,0,40,<=50K
9795,32,157887,9,0,0,40,<=50K
9796,39,74194,9,0,0,55,<=50K
9797,47,168191,10,0,0,40,<=50K
9800,44,721161,10,0,0,40,<=50K
9802,40,145178,10,0,0,30,<=50K
9803,17,52967,6,0,0,6,<=50K
9804,18,177578,9,0,0,38,<=50K
9805,30,185384,10,0,0,25,<=50K
9806,66,66008,9,0,0,50,<=50K
9807,59,329059,13,0,0,50,<=50K
9808,30,348802,9,0,0,40,<=50K
9809,50,34233,9,0,0,50,<=50K
9810,24,509629,9,0,0,25,<=50K
9811,28,27956,15,0,0,99,<=50K
9813,25,309098,11,0,0,40,<=50K
9815,20,224217,9,0,0,40,<=50K
9816,67,222899,11,0,0,40,<=50K
9818,52,279337,9,0,0,40,<=50K
9821,17,143034,6,0,0,4,<=50K
9823,35,162651,13,0,0,40,<=50K
9825,38,84570,10,0,0,40,<=50K
9829,50,204447,10,0,0,40,<=50K
9830,18,374969,6,0,0,56,<=50K
9831,67,35015,14,0,0,99,<=50K
9832,46,179869,9,0,0,40,<=50K
9833,60,137733,13,0,0,50,<=50K
9834,29,193125,9,0,0,40,<=50K
9835,30,103649,10,0,0,40,<=50K
9836,56,54260,16,2885,0,40,<=50K
9838,37,249720,13,0,0,27,<=50K
9839,55,223613,2,0,0,30,<=50K
9840,24,259865,9,0,0,30,<=50K
9841,21,301694,9,0,0,35,<=50K
9843,25,395512,8,0,0,40,<=50K
9844,40,168071,9,0,0,28,<=50K
9845,23,45317,10,0,0,40,<=50K
9846,43,311177,10,0,0,30,<=50K
9848,59,221336,6,0,0,40,<=50K
9849,18,120691,10,0,0,35,<=50K
9850,28,107389,9,0,0,32,<=50K
9851,17,293440,7,0,0,15,<=50K
9853,22,213902,3,0,0,40,<=50K
9854,63,100099,9,0,0,40,<=50K
9856,40,233891,9,0,0,35,<=50K
9858,35,474136,9,0,1408,40,<=50K
9859,43,355856,13,0,0,50,<=50K
9860,20,144685,10,0,1602,40,<=50K
9861,48,139212,10,0,0,40,<=50K
9862,56,143931,13,0,0,40,<=50K
9863,51,160703,9,0,0,40,<=50K
9864,34,191291,10,0,0,40,<=50K
9869,34,228881,10,0,0,40,<=50K
9870,23,84648,10,0,0,25,<=50K
9872,63,68954,9,0,0,11,<=50K
9875,31,331126,13,0,0,48,<=50K
9876,27,279872,10,0,0,40,<=50K
9878,28,185647,10,0,0,48,<=50K
9879,52,128871,4,0,0,64,<=50K
9880,31,386331,9,0,0,50,<=50K
9881,53,117814,10,0,0,38,<=50K
9882,43,220609,10,0,0,50,<=50K
9883,43,117022,9,0,0,40,<=50K
9885,68,76371,9,0,0,35,<=50K
9886,37,80410,7,0,0,40,<=50K
9887,26,127202,9,0,0,40,<=50K
9888,22,121471,7,0,0,40,<=50K
9889,22,219086,10,0,0,55,<=50K
9891,30,241583,10,0,0,40,<=50K
9892,24,374253,9,0,0,55,<=50K
9893,30,214993,9,0,0,40,<=50K
9895,38,450924,8,3942,0,40,<=50K
9896,29,120359,9,0,0,40,<=50K
9897,76,93125,9,1424,0,24,<=50K
9898,21,187513,11,0,0,40,<=50K
9899,65,243569,10,0,0,24,<=50K
9901,29,29732,13,0,0,24,<=50K
9902,32,211743,13,0,0,45,<=50K
9904,64,477697,9,0,0,16,<=50K
9907,68,117542,9,1409,0,15,<=50K
9909,35,411395,10,0,0,36,<=50K
9910,53,191025,10,0,0,43,<=50K
9911,24,154571,11,0,0,50,<=50K
9912,31,208657,10,0,0,40,<=50K
9913,25,29599,10,0,0,38,<=50K
9914,36,423711,9,0,0,45,<=50K
9915,29,122000,10,0,0,60,<=50K
9917,42,222978,16,0,0,45,<=50K
9918,30,149118,9,0,0,40,<=50K
9919,32,218407,10,0,0,70,<=50K
9922,19,111232,9,0,0,40,<=50K
9923,22,99199,9,0,0,48,<=50K
9925,69,122850,9,0,0,16,<=50K
9926,73,90557,7,0,0,8,<=50K
9927,18,271935,7,0,0,20,<=50K
9928,33,361497,9,0,0,40,<=50K
9929,22,399020,10,0,0,55,<=50K
9931,20,55233,10,0,0,40,<=50K
9932,28,200515,10,0,0,40,<=50K
9933,25,188119,9,0,0,40,<=50K
9934,27,176683,9,0,0,48,<=50K
9935,22,309178,9,0,0,40,<=50K
9936,67,40021,9,0,0,35,<=50K
9937,31,49923,9,0,0,40,<=50K
9938,36,36635,10,0,0,25,<=50K
9940,33,124407,13,0,0,40,<=50K
9942,27,339956,9,0,0,60,<=50K
9943,36,176335,10,0,0,40,<=50K
9944,33,198452,12,0,0,45,<=50K
9947,25,362826,9,0,0,45,<=50K
9948,41,344329,9,0,0,10,<=50K
9949,26,137678,9,0,0,40,<=50K
9950,23,175424,10,0,0,40,<=50K
9951,33,73296,9,1831,0,40,<=50K
9952,30,137613,14,0,0,17,<=50K
9953,67,354405,9,0,0,20,<=50K
9956,51,49017,9,0,0,24,<=50K
9957,39,149943,14,0,0,40,<=50K
9958,40,99185,13,0,0,60,<=50K
9960,19,228238,9,0,0,40,<=50K
9961,28,156819,9,0,0,36,<=50K
9963,20,289944,10,0,0,20,<=50K
9964,41,116103,9,914,0,40,<=50K
9965,29,24153,10,0,0,40,<=50K
9967,61,231183,9,0,0,40,<=50K
9968,25,313930,7,0,0,40,<=50K
9969,26,114483,9,0,0,40,<=50K
9970,43,162108,13,0,0,40,<=50K
9971,17,168807,4,0,0,45,<=50K
9973,73,242769,9,3471,0,40,<=50K
9974,46,111558,10,0,0,40,<=50K
9975,19,69770,10,0,0,20,<=50K
9976,37,291981,9,0,0,40,<=50K
9977,26,102460,10,0,0,40,<=50K
9978,47,151584,9,0,1876,40,<=50K
9979,47,287320,14,0,0,40,<=50K
9980,29,115677,13,0,0,40,<=50K
9981,29,239632,9,0,0,40,<=50K
9982,33,409172,13,0,0,55,<=50K
9983,20,186849,9,0,0,40,<=50K
9984,28,118861,6,0,0,48,<=50K
9985,26,142689,13,0,0,45,<=50K
9986,41,170924,14,0,0,40,<=50K
9987,67,274451,4,0,0,40,<=50K
9988,43,153489,13,0,0,50,<=50K
9989,35,186489,5,0,0,46,<=50K
9990,18,192409,8,0,0,25,<=50K
9991,55,337599,10,0,0,40,<=50K
9992,44,195545,9,0,0,40,<=50K
9993,64,61892,9,0,0,15,<=50K
9994,34,175697,11,0,0,75,<=50K
9996,25,419658,9,0,0,8,<=50K
9997,21,319163,10,0,0,40,<=50K
9998,37,126743,2,0,0,53,<=50K
9999,39,301568,10,0,0,40,<=50K
10000,34,120461,10,0,0,50,<=50K
10001,23,268145,13,0,0,45,<=50K
10004,25,303431,9,0,0,40,<=50K
10005,51,124963,12,0,0,50,<=50K
10006,29,158218,9,0,0,35,<=50K
10007,27,553473,13,0,0,48,<=50K
10008,53,46155,9,0,0,40,<=50K
10011,30,496414,16,0,0,40,<=50K
10012,24,19410,9,0,0,48,<=50K
10013,70,28471,5,0,0,25,<=50K
10014,24,185821,10,0,0,40,<=50K
10015,74,272667,12,0,0,20,<=50K
10016,23,194031,10,0,0,25,<=50K
10017,41,144995,14,0,0,55,<=50K
10018,45,162494,9,0,0,19,<=50K
10019,35,171968,9,0,0,40,<=50K
10020,21,232569,9,0,0,40,<=50K
10021,45,161819,7,0,0,25,<=50K
10022,18,123343,7,0,0,30,<=50K
10023,49,105449,13,0,0,25,<=50K
10024,49,181717,11,0,0,36,<=50K
10025,45,102359,13,0,0,37,<=50K
10026,27,72887,9,0,0,40,<=50K
10027,28,154571,10,0,0,40,<=50K
10029,33,174789,10,0,0,40,<=50K
10030,35,110402,7,0,0,35,<=50K
10031,19,208513,9,0,0,40,<=50K
10032,33,121904,10,0,0,28,<=50K
10034,49,59380,10,0,0,40,<=50K
10035,61,135285,9,0,2603,32,<=50K
10036,39,126675,10,0,0,25,<=50K
10037,22,217363,9,0,0,40,<=50K
10038,42,91836,6,0,0,40,<=50K
10039,22,184813,10,0,0,40,<=50K
10040,18,178142,9,0,0,40,<=50K
10043,28,96226,9,0,0,45,<=50K
10044,42,195124,4,0,0,35,<=50K
10045,20,56322,10,2176,0,25,<=50K
10046,50,97449,10,0,0,48,<=50K
10048,31,210926,9,0,0,40,<=50K
10049,29,199499,11,0,0,40,<=50K
10050,46,190729,10,0,0,40,<=50K
10051,32,191385,16,0,0,77,<=50K
10052,61,193479,9,0,0,24,<=50K
10053,43,225165,7,0,0,55,<=50K
10054,35,346766,9,0,0,40,<=50K
10055,39,152307,13,0,0,40,<=50K
10056,18,79990,7,0,0,35,<=50K
10057,42,170649,10,0,0,60,<=50K
10058,23,197207,13,0,0,40,<=50K
10059,32,229732,13,0,0,45,<=50K
10064,23,164574,12,0,0,40,<=50K
10066,27,191782,9,0,0,30,<=50K
10067,56,146660,9,0,0,60,<=50K
10068,28,115945,10,0,0,40,<=50K
10069,45,210875,9,0,0,40,<=50K
10070,28,137898,9,0,0,40,<=50K
10071,28,216965,10,0,0,40,<=50K
10072,18,201554,10,0,0,15,<=50K
10073,62,57970,4,0,0,40,<=50K
10074,35,208378,8,0,0,40,<=50K
10075,39,61343,6,0,0,60,<=50K
10076,24,283872,10,0,0,20,<=50K
10077,58,225603,5,0,0,40,<=50K
10078,48,401333,9,0,0,40,<=50K
10080,31,145377,13,0,0,60,<=50K
10081,25,120238,9,0,0,40,<=50K
10083,29,144063,4,0,0,72,<=50K
10084,38,238721,12,0,0,40,<=50K
10085,21,164920,10,0,0,40,<=50K
10086,34,152493,9,0,0,70,<=50K
10087,50,92968,13,0,0,32,<=50K
10088,50,136836,9,0,0,40,<=50K
10089,49,216453,11,0,0,45,<=50K
10090,30,349148,13,0,0,70,<=50K
10091,29,309620,14,0,0,20,<=50K
10092,22,347803,10,0,0,20,<=50K
10093,42,85995,9,0,0,50,<=50K
10094,19,167428,10,0,0,40,<=50K
10095,31,164569,10,0,0,48,<=50K
10096,42,308279,13,0,0,21,<=50K
10097,20,56322,10,0,0,20,<=50K
10098,51,203015,9,0,0,40,<=50K
10100,27,120126,5,0,0,40,<=50K
10101,26,239043,7,0,0,40,<=50K
10103,20,312017,10,0,0,40,<=50K
10105,52,49243,9,0,0,40,<=50K
10106,33,229716,9,0,0,38,<=50K
10107,31,341672,13,0,0,60,<=50K
10108,24,32311,10,0,0,40,<=50K
10109,56,275236,13,0,0,40,<=50K
10110,19,400356,10,0,0,40,<=50K
10111,29,184596,7,3942,0,50,<=50K
10112,18,186909,9,1055,0,30,<=50K
10113,43,152420,10,0,0,50,<=50K
10115,21,235442,9,0,0,40,<=50K
10116,51,161691,9,0,0,40,<=50K
10117,20,173945,7,0,0,39,<=50K
10120,20,122649,9,0,0,30,<=50K
10123,47,74305,13,0,0,40,<=50K
10124,80,34340,4,0,0,35,<=50K
10125,47,182752,9,0,0,35,<=50K
10126,19,48393,10,0,0,84,<=50K
10127,45,34248,9,0,0,50,<=50K
10128,17,186677,7,0,0,12,<=50K
10129,37,167851,9,0,0,50,<=50K
10130,27,146460,10,0,0,40,<=50K
10131,17,209650,8,0,0,16,<=50K
10132,18,132986,9,0,0,40,<=50K
10133,57,94429,9,0,0,40,<=50K
10134,26,252406,9,0,0,40,<=50K
10135,26,174592,14,0,0,40,<=50K
10138,38,101192,10,0,0,40,<=50K
10139,77,152900,3,0,0,20,<=50K
10141,24,329408,7,0,0,40,<=50K
10142,35,106028,9,0,0,65,<=50K
10143,35,164866,6,0,0,99,<=50K
10146,37,173968,9,0,0,40,<=50K
10147,43,228320,9,0,0,40,<=50K
10148,23,96585,9,0,0,30,<=50K
10149,42,156580,13,0,0,40,<=50K
10151,52,137753,9,0,0,20,<=50K
10152,29,29865,9,0,0,50,<=50K
10153,27,196044,10,0,0,60,<=50K
10154,28,308995,10,0,0,40,<=50K
10156,28,362491,9,0,0,40,<=50K
10157,24,94395,10,0,0,40,<=50K
10158,20,320047,6,0,0,40,<=50K
10160,65,183170,9,0,0,25,<=50K
10161,18,331511,10,0,0,30,<=50K
10163,29,178244,9,0,0,40,<=50K
10164,27,127833,9,0,0,40,<=50K
10165,36,269722,14,0,0,40,<=50K
10166,55,136819,9,0,0,40,<=50K
10167,22,205604,3,0,0,30,<=50K
10168,28,132078,13,0,0,40,<=50K
10169,20,234880,10,0,0,30,<=50K
10170,24,196816,13,3908,0,40,<=50K
10172,68,140852,9,0,0,40,<=50K
10174,18,83492,4,0,0,40,<=50K
10176,37,242713,8,0,0,40,<=50K
10178,43,173316,10,0,0,40,<=50K
10180,17,297246,7,0,0,9,<=50K
10181,43,108945,10,0,0,50,<=50K
10182,39,112158,10,0,0,26,<=50K
10183,21,57298,10,0,0,15,<=50K
10184,42,115323,16,0,0,7,<=50K
10187,21,177265,12,0,0,30,<=50K
10190,40,316820,4,4064,0,40,<=50K
10191,38,200153,12,0,0,40,<=50K
10193,51,27166,9,0,0,40,<=50K
10194,19,299598,9,0,0,16,<=50K
10195,23,122048,9,0,0,40,<=50K
10196,31,345277,13,0,0,40,<=50K
10197,42,113147,12,0,0,40,<=50K
10200,34,152667,10,0,0,35,<=50K
10201,21,231053,9,0,0,30,<=50K
10204,30,198183,11,0,0,40,<=50K
10205,29,183627,9,3137,0,48,<=50K
10206,19,466458,10,0,0,20,<=50K
10207,45,114396,13,0,0,35,<=50K
10209,32,290964,13,0,1590,40,<=50K
10210,90,282095,10,0,0,40,<=50K
10213,35,107160,8,0,0,30,<=50K
10214,39,142573,10,0,0,25,<=50K
10215,29,203833,13,0,0,40,<=50K
10216,24,47791,9,0,0,32,<=50K
10217,49,133729,10,0,0,17,<=50K
10220,31,128591,5,0,0,40,<=50K
10221,44,133853,10,0,0,50,<=50K
10222,18,137363,10,0,0,30,<=50K
10223,27,243569,9,0,0,40,<=50K
10224,24,119156,9,0,0,40,<=50K
10225,30,391114,9,0,0,60,<=50K
10226,27,252506,10,0,0,40,<=50K
10227,34,117503,13,0,0,20,<=50K
10228,25,117833,10,0,0,19,<=50K
10229,39,294183,9,0,0,40,<=50K
10231,51,259323,9,0,0,70,<=50K
10232,21,207988,9,0,0,35,<=50K
10233,33,96635,10,0,0,26,<=50K
10234,27,192283,11,0,0,38,<=50K
10235,29,214881,9,0,0,40,<=50K
10236,33,167474,6,0,0,40,<=50K
10238,20,201204,9,0,0,40,<=50K
10239,24,197666,13,0,0,40,<=50K
10240,29,162002,9,0,0,35,<=50K
10242,41,224799,10,0,0,40,<=50K
10243,42,89942,10,0,0,40,<=50K
10244,20,238685,10,0,0,30,<=50K
10245,54,38795,5,0,0,40,<=50K
10246,55,90414,13,0,0,55,<=50K
10247,21,190805,9,0,0,32,<=50K
10249,19,285263,9,0,0,40,<=50K
10250,33,177331,11,0,0,40,<=50K
10251,22,347530,9,0,0,35,<=50K
10252,59,230039,9,0,625,38,<=50K
10253,17,210547,6,0,0,40,<=50K
10254,31,204752,8,0,0,32,<=50K
10256,45,253116,6,0,0,40,<=50K
10257,36,169037,9,0,0,40,<=50K
10258,35,202027,10,0,0,60,<=50K
10259,45,170099,10,0,0,40,<=50K
10260,42,212847,9,0,0,85,<=50K
10261,50,307392,14,0,0,40,<=50K
10262,39,233428,9,0,0,40,<=50K
10263,44,355728,10,0,1980,45,<=50K
10265,24,283613,13,0,0,43,<=50K
10266,56,184598,5,0,0,99,<=50K
10270,38,179579,9,0,0,40,<=50K
10271,27,131679,11,0,0,40,<=50K
10272,52,132973,9,0,0,38,<=50K
10273,22,154713,9,0,0,40,<=50K
10274,41,121718,10,0,0,40,<=50K
10275,30,255279,9,0,0,20,<=50K
10276,55,202559,13,0,0,35,<=50K
10277,25,123095,10,0,1590,40,<=50K
10278,32,153326,13,0,0,40,<=50K
10279,28,75695,10,0,0,60,<=50K
10280,33,206609,9,0,0,50,<=50K
10281,17,234780,9,0,0,40,<=50K
10282,27,178778,9,0,0,40,<=50K
10283,55,171355,11,0,0,20,<=50K
10285,39,196673,9,5013,0,40,<=50K
10287,67,139960,4,0,0,40,<=50K
10288,41,397280,13,0,0,72,<=50K
10289,27,60374,9,0,1594,26,<=50K
10292,18,27620,9,0,0,25,<=50K
10293,19,187570,9,0,0,20,<=50K
10294,31,102884,9,0,0,50,<=50K
10295,17,228399,7,0,0,7,<=50K
10297,37,176293,10,0,0,30,<=50K
10298,51,108435,9,0,0,40,<=50K
10299,48,161187,9,2463,0,40,<=50K
10300,23,278391,9,0,0,40,<=50K
10301,27,157941,11,0,0,45,<=50K
10302,25,182866,9,0,0,40,<=50K
10303,69,370888,12,2964,0,6,<=50K
10304,30,206512,13,0,0,44,<=50K
10305,33,357954,9,0,0,35,<=50K
10306,28,189346,9,0,0,48,<=50K
10307,45,234652,3,0,0,40,<=50K
10308,25,113436,10,0,0,15,<=50K
10310,59,157305,1,0,0,40,<=50K
10311,26,104045,9,0,0,30,<=50K
10312,48,280422,10,0,0,25,<=50K
10313,64,173754,9,0,0,40,<=50K
10314,39,211154,13,0,0,50,<=50K
10315,24,321435,13,0,0,40,<=50K
10316,40,177083,14,0,0,35,<=50K
10320,31,334744,9,0,0,40,<=50K
10321,22,306967,10,0,0,25,<=50K
10322,35,52187,10,0,0,30,<=50K
10323,35,101978,9,0,0,50,<=50K
10324,35,483530,10,0,0,40,<=50K
10326,50,149770,14,0,0,40,<=50K
10328,70,172652,14,0,0,8,<=50K
10329,46,188293,9,0,0,40,<=50K
10330,36,116608,9,0,0,38,<=50K
10332,24,329530,5,0,0,45,<=50K
10333,47,93476,13,0,0,70,<=50K
10334,35,195744,9,0,0,50,<=50K
10335,43,125833,13,0,0,40,<=50K
10336,18,191117,7,0,0,20,<=50K
10337,54,311020,9,0,0,50,<=50K
10338,62,210464,9,0,0,38,<=50K
10340,27,156266,5,0,0,40,<=50K
10341,23,154210,10,0,0,14,<=50K
10343,39,331481,13,0,1669,60,<=50K
10345,28,261725,2,0,0,40,<=50K
10346,22,239612,9,0,0,20,<=50K
10348,26,190330,13,0,0,30,<=50K
10350,73,192740,13,0,0,30,<=50K
10351,44,201924,13,0,0,35,<=50K
10352,35,77146,11,0,0,45,<=50K
10353,33,126414,13,0,0,40,<=50K
10354,27,43652,13,0,0,40,<=50K
10357,33,287878,10,0,0,26,<=50K
10358,50,166758,10,0,0,15,<=50K
10359,32,183811,9,2829,0,40,<=50K
10360,41,254818,14,0,0,40,<=50K
10361,19,220517,10,0,0,35,<=50K
10363,65,190568,9,0,810,36,<=50K
10364,42,211915,10,0,0,40,<=50K
10369,38,133586,9,0,0,45,<=50K
10370,38,165930,10,0,0,50,<=50K
10371,37,164898,10,0,0,52,<=50K
10372,24,278155,10,0,0,30,<=50K
10373,27,115705,10,0,0,50,<=50K
10374,25,150553,5,0,0,40,<=50K
10375,29,185127,9,0,0,50,<=50K
10376,46,201595,9,0,0,70,<=50K
10377,44,165815,9,0,0,96,<=50K
10378,26,102420,13,0,0,40,<=50K
10380,38,222450,10,0,0,40,<=50K
10381,38,212245,10,0,0,40,<=50K
10382,22,190625,13,0,0,20,<=50K
10383,33,203488,10,0,0,40,<=50K
10384,50,304260,12,0,0,40,<=50K
10386,26,189238,10,0,0,4,<=50K
10387,42,77373,10,0,0,38,<=50K
10388,27,410351,9,0,0,40,<=50K
10390,64,110150,9,0,0,40,<=50K
10391,43,198316,10,0,0,40,<=50K
10392,39,127772,9,0,0,40,<=50K
10394,56,285730,14,0,0,66,<=50K
10395,25,334133,14,0,0,20,<=50K
10396,60,97030,13,0,0,35,<=50K
10397,52,67090,9,0,0,44,<=50K
10398,43,397963,9,594,0,16,<=50K
10399,46,182533,13,0,0,40,<=50K
10400,19,560804,10,0,0,30,<=50K
10401,56,365050,4,0,0,20,<=50K
10402,22,110200,13,0,0,40,<=50K
10403,28,150025,7,0,0,40,<=50K
10404,39,299828,3,0,0,30,<=50K
10405,28,109282,10,0,0,40,<=50K
10407,22,34747,9,0,0,35,<=50K
10410,28,211032,7,0,0,40,<=50K
10411,67,192916,9,3818,0,11,<=50K
10412,31,219318,9,0,0,35,<=50K
10413,50,112873,13,0,0,40,<=50K
10414,34,36069,9,3908,0,46,<=50K
10416,51,200576,13,0,0,40,<=50K
10417,54,172962,9,0,0,40,<=50K
10418,44,44006,11,0,0,40,<=50K
10419,20,234474,10,0,0,20,<=50K
10420,37,212826,9,0,0,40,<=50K
10421,38,234901,10,0,0,40,<=50K
10422,59,200700,12,0,0,40,<=50K
10423,59,41258,13,0,0,50,<=50K
10425,60,230165,13,0,0,40,<=50K
10426,29,351731,10,0,0,40,<=50K
10427,37,114765,10,0,0,40,<=50K
10428,42,349884,6,0,0,35,<=50K
10430,34,143392,9,0,0,40,<=50K
10432,22,150683,9,0,0,24,<=50K
10433,27,207611,9,0,0,52,<=50K
10434,45,319666,15,0,0,43,<=50K
10435,39,155961,9,0,0,38,<=50K
10436,25,117833,13,0,0,35,<=50K
10437,63,447079,9,0,0,15,<=50K
10439,18,155752,9,0,0,30,<=50K
10440,19,252292,9,0,0,40,<=50K
10441,23,111450,8,0,0,38,<=50K
10442,20,528616,3,0,0,40,<=50K
10443,17,228786,6,0,0,24,<=50K
10447,29,157612,13,3325,0,45,<=50K
10448,64,379062,10,0,0,12,<=50K
10449,17,191910,6,0,0,25,<=50K
10450,45,326064,10,6497,0,35,<=50K
10451,18,312353,8,0,0,20,<=50K
10452,31,213307,9,0,0,40,<=50K
10454,41,340148,10,0,0,45,<=50K
10456,27,94064,11,0,0,40,<=50K
10457,39,119098,11,0,0,40,<=50K
10460,58,210031,9,0,0,40,<=50K
10462,25,485496,9,0,0,40,<=50K
10463,41,210259,10,0,0,37,<=50K
10464,31,118551,5,0,0,40,<=50K
10466,50,242517,13,0,0,40,<=50K
10467,63,298113,10,0,0,40,<=50K
10468,44,277783,14,0,0,99,<=50K
10469,48,155862,9,0,0,65,<=50K
10470,51,171924,10,0,0,50,<=50K
10471,18,243900,9,0,0,15,<=50K
10472,23,231160,10,0,0,25,<=50K
10473,31,356882,9,5013,0,40,<=50K
10474,38,49020,9,0,0,40,<=50K
10475,19,105460,10,0,0,20,<=50K
10477,31,131568,4,0,0,20,<=50K
10478,46,332355,10,0,0,40,<=50K
10480,56,305767,9,0,0,40,<=50K
10481,31,129761,9,0,0,40,<=50K
10484,18,160984,7,0,0,15,<=50K
10485,18,255282,7,0,1602,48,<=50K
10486,20,346341,10,0,0,35,<=50K
10488,31,356689,13,0,0,40,<=50K
10489,52,192386,14,5013,0,40,<=50K
10490,46,394860,9,0,0,40,<=50K
10491,30,113129,10,0,0,24,<=50K
10492,26,55929,13,0,0,40,<=50K
10495,29,309463,5,0,0,40,<=50K
10497,24,49218,9,0,0,40,<=50K
10498,74,119129,9,0,2149,20,<=50K
10500,39,129573,13,0,1741,40,<=50K
10501,21,306850,9,0,0,40,<=50K
10503,43,187322,9,0,0,45,<=50K
10504,23,55674,13,2907,0,40,<=50K
10505,26,148298,9,0,0,50,<=50K
10506,47,34845,9,0,0,60,<=50K
10507,27,200733,9,0,0,55,<=50K
10509,30,425528,9,0,0,70,<=50K
10511,33,125856,9,0,0,40,<=50K
10513,21,148294,9,0,0,20,<=50K
10514,42,39324,9,0,0,40,<=50K
10515,48,147397,9,0,0,36,<=50K
10516,46,24728,9,0,0,48,<=50K
10517,36,177616,3,0,0,40,<=50K
10518,54,163826,9,0,0,40,<=50K
10519,25,199947,9,0,0,40,<=50K
10520,26,386949,9,0,0,25,<=50K
10521,36,116133,9,0,0,57,<=50K
10522,56,196307,13,0,0,20,<=50K
10523,37,177181,9,0,0,40,<=50K
10525,23,188505,13,0,0,25,<=50K
10526,23,502316,13,0,0,40,<=50K
10527,41,26892,13,0,0,40,<=50K
10530,67,233681,12,0,0,35,<=50K
10531,60,26756,9,0,0,50,<=50K
10532,54,101890,9,0,0,40,<=50K
10536,19,84747,9,0,0,24,<=50K
10537,20,197752,10,0,0,40,<=50K
10538,66,185336,9,0,0,35,<=50K
10539,22,289984,10,0,0,25,<=50K
10541,19,278480,10,0,0,40,<=50K
10542,36,146412,10,0,0,40,<=50K
10544,41,53956,13,0,1980,56,<=50K
10546,78,33186,4,0,0,60,<=50K
10547,36,144154,9,0,0,40,<=50K
10548,30,194901,15,0,0,55,<=50K
10549,35,335777,10,0,0,40,<=50K
10551,38,33887,9,0,0,40,<=50K
10552,24,283613,13,0,0,40,<=50K
10553,40,141245,13,0,0,40,<=50K
10554,49,298130,4,0,0,40,<=50K
10555,19,186096,9,0,0,30,<=50K
10556,77,187656,10,0,0,20,<=50K
10558,41,124639,10,0,0,40,<=50K
10559,28,388112,2,0,0,77,<=50K
10560,21,109952,9,0,0,40,<=50K
10561,24,164529,8,0,0,40,<=50K
10562,36,247750,9,0,0,45,<=50K
10563,23,103588,10,0,0,25,<=50K
10564,38,248919,9,0,2051,40,<=50K
10565,29,178551,9,0,0,40,<=50K
10568,39,177728,14,0,0,40,<=50K
10569,40,243580,13,0,0,48,<=50K
10570,21,188535,10,0,0,40,<=50K
10571,32,63910,9,0,0,40,<=50K
10572,23,219535,9,0,0,40,<=50K
10573,44,180609,9,0,0,40,<=50K
10574,37,59313,10,0,0,40,<=50K
10575,70,170428,13,0,0,20,<=50K
10577,66,193132,5,0,0,30,<=50K
10578,57,124137,10,0,0,40,<=50K
10581,24,203076,9,0,0,40,<=50K
10584,27,266973,9,0,0,60,<=50K
10585,32,188048,13,0,0,40,<=50K
10586,20,366929,10,0,0,35,<=50K
10587,33,214129,10,0,0,40,<=50K
10588,19,250818,10,0,0,40,<=50K
10591,26,104746,9,5013,0,60,<=50K
10592,39,103710,9,0,0,60,<=50K
10593,24,159580,13,0,0,75,<=50K
10595,20,140001,10,0,0,40,<=50K
10596,49,31650,13,0,0,45,<=50K
10597,35,80771,14,0,0,40,<=50K
10598,30,66278,9,0,0,40,<=50K
10599,23,107801,10,0,1617,25,<=50K
10600,33,206609,13,0,0,45,<=50K
10601,35,282461,9,0,0,50,<=50K
10602,31,188246,14,0,0,50,<=50K
10603,20,279763,7,0,0,25,<=50K
10604,44,467799,9,0,0,40,<=50K
10605,33,137674,9,0,0,40,<=50K
10606,50,158284,10,0,0,40,<=50K
10607,25,204219,9,0,0,40,<=50K
10608,28,210498,9,0,0,40,<=50K
10610,38,216924,11,0,0,40,<=50K
10611,38,372559,10,0,0,40,<=50K
10612,57,199114,13,0,2258,40,<=50K
10614,39,189911,7,0,0,40,<=50K
10615,69,61958,9,1424,0,6,<=50K
10617,42,204450,9,0,0,40,<=50K
10619,37,113750,13,0,0,40,<=50K
10620,37,359591,6,0,0,40,<=50K
10622,20,301199,10,0,0,24,<=50K
10623,38,267540,10,0,0,38,<=50K
10628,47,216999,9,0,0,45,<=50K
10629,33,120508,13,0,0,60,<=50K
10630,33,122612,9,0,0,35,<=50K
10631,20,94057,10,0,0,15,<=50K
10632,41,197558,13,0,0,40,<=50K
10634,54,121761,9,0,0,50,<=50K
10635,36,184556,13,0,0,40,<=50K
10636,46,268281,13,0,0,40,<=50K
10638,18,186909,10,0,0,16,<=50K
10639,62,35783,10,0,0,60,<=50K
10640,33,188861,9,0,0,40,<=50K
10641,42,363591,9,0,0,40,<=50K
10642,18,469921,10,0,0,40,<=50K
10643,32,51150,11,0,0,40,<=50K
10644,43,174325,4,0,0,40,<=50K
10645,20,347530,9,0,0,25,<=50K
10646,50,72351,13,0,0,45,<=50K
10648,36,188571,9,0,0,40,<=50K
10649,22,255252,9,0,0,40,<=50K
10650,30,291951,9,0,0,40,<=50K
10651,33,223046,9,0,0,40,<=50K
10652,43,37937,12,0,0,43,<=50K
10653,38,295127,10,0,0,40,<=50K
10654,34,183801,13,0,0,14,<=50K
10655,40,116218,10,0,0,45,<=50K
10656,40,143069,9,0,0,40,<=50K
10659,65,146454,14,0,1648,4,<=50K
10660,52,43705,10,0,0,50,<=50K
10662,18,376647,9,2176,0,25,<=50K
10663,48,101299,12,0,0,45,<=50K
10664,45,96798,3,0,0,40,<=50K
10665,24,194654,9,0,0,40,<=50K
10666,27,206889,12,0,0,40,<=50K
10668,44,150755,13,5013,0,40,<=50K
10669,24,200679,9,0,0,50,<=50K
10670,71,183678,15,0,0,16,<=50K
10671,17,33138,8,0,0,40,<=50K
10672,57,57071,10,3137,0,40,<=50K
10674,37,188576,16,0,0,40,<=50K
10675,33,169496,9,0,0,40,<=50K
10676,41,58124,9,0,0,40,<=50K
10677,25,356344,13,0,0,40,<=50K
10678,42,444134,9,0,0,15,<=50K
10679,18,340117,7,0,0,50,<=50K
10680,34,219619,9,0,0,40,<=50K
10681,57,334585,6,0,0,40,<=50K
10682,27,331046,13,0,0,45,<=50K
10683,46,443179,13,0,0,8,<=50K
10684,64,239529,7,3674,0,35,<=50K
10685,24,100345,13,0,0,20,<=50K
10686,23,205653,13,0,0,30,<=50K
10687,33,112383,10,0,0,40,<=50K
10688,58,21626,11,2202,0,56,<=50K
10689,25,135568,5,0,0,40,<=50K
10690,44,190532,14,0,0,55,<=50K
10694,25,157617,9,0,0,40,<=50K
10695,54,21698,13,0,0,40,<=50K
10696,31,77143,8,0,0,40,<=50K
10697,18,342852,9,0,0,40,<=50K
10698,40,176602,9,0,0,40,<=50K
10699,26,146343,10,0,0,40,<=50K
10701,33,221966,13,2202,0,50,<=50K
10702,22,215546,12,0,0,55,<=50K
10703,50,173020,10,0,0,40,<=50K
10704,24,247734,13,0,0,30,<=50K
10705,44,252202,9,0,0,40,<=50K
10706,37,497300,9,0,0,40,<=50K
10707,34,426431,13,0,0,40,<=50K
10710,25,190350,6,0,0,35,<=50K
10711,20,194504,10,0,0,40,<=50K
10712,46,110884,9,0,0,40,<=50K
10713,26,187652,12,0,0,40,<=50K
10714,45,81400,2,0,0,25,<=50K
10715,70,97831,9,0,0,4,<=50K
10717,28,189186,11,0,0,40,<=50K
10718,35,144172,12,0,0,16,<=50K
10720,32,207301,9,0,0,40,<=50K
10722,36,210452,13,0,0,45,<=50K
10723,19,41400,9,0,0,30,<=50K
10724,27,164170,13,0,0,20,<=50K
10726,49,126268,13,0,0,50,<=50K
10728,61,28291,9,0,0,82,<=50K
10730,42,31621,12,0,0,40,<=50K
10731,30,108386,11,0,0,40,<=50K
10732,32,134727,9,0,0,40,<=50K
10734,35,112271,10,0,0,45,<=50K
10735,30,173350,11,0,0,40,<=50K
10738,36,290409,10,0,0,40,<=50K
10739,33,80058,9,0,0,48,<=50K
10741,26,36936,11,0,2002,40,<=50K
10742,37,231180,9,0,0,40,<=50K
10743,28,119793,9,0,0,60,<=50K
10744,38,102178,9,0,0,50,<=50K
10745,76,135039,9,0,0,20,<=50K
10746,35,317780,10,0,0,40,<=50K
10747,48,232840,10,0,0,43,<=50K
10748,35,33975,12,0,0,40,<=50K
10749,39,256997,13,0,0,40,<=50K
10750,64,298301,9,0,0,40,<=50K
10751,22,310380,9,0,0,40,<=50K
10753,27,501172,3,0,0,40,<=50K
10755,23,85088,10,0,0,37,<=50K
10756,25,282313,6,0,1602,40,<=50K
10758,63,236338,9,0,0,35,<=50K
10760,26,218782,9,0,0,40,<=50K
10761,33,191385,13,0,0,40,<=50K
10762,45,185497,13,0,0,70,<=50K
10763,28,126129,10,0,0,40,<=50K
10764,20,199268,10,0,0,20,<=50K
10765,34,255693,9,0,0,20,<=50K
10766,34,203488,10,0,0,40,<=50K
10770,38,116358,10,0,0,40,<=50K
10772,43,89636,13,0,0,60,<=50K
10773,49,120629,10,0,0,30,<=50K
10774,26,150226,13,0,0,35,<=50K
10775,28,137898,9,0,0,35,<=50K
10777,53,88725,9,0,0,40,<=50K
10778,24,142022,10,0,0,50,<=50K
10779,23,284898,10,0,0,30,<=50K
10780,55,212448,9,0,0,40,<=50K
10781,58,203039,5,0,0,40,<=50K
10782,26,227489,9,0,0,40,<=50K
10783,19,105289,6,0,0,20,<=50K
10784,28,223745,10,0,0,40,<=50K
10785,45,242994,10,0,0,52,<=50K
10787,76,116202,9,0,0,33,<=50K
10788,47,140045,9,0,0,40,<=50K
10789,34,133503,10,2174,0,40,<=50K
10791,24,85041,9,0,0,25,<=50K
10794,24,216563,9,0,0,40,<=50K
10795,43,231964,10,0,0,40,<=50K
10796,29,263855,8,0,0,40,<=50K
10797,40,124915,9,0,0,40,<=50K
10798,61,178312,10,0,0,40,<=50K
10800,21,39236,10,0,0,50,<=50K
10802,52,75839,10,0,0,40,<=50K
10803,34,176711,9,0,0,40,<=50K
10804,20,266525,10,594,0,20,<=50K
10805,25,34307,10,0,0,40,<=50K
10806,46,331776,9,0,0,40,<=50K
10807,54,111469,10,0,0,40,<=50K
10809,25,288185,5,0,0,40,<=50K
10810,21,198050,12,0,0,25,<=50K
10812,37,173128,9,0,0,40,<=50K
10816,38,323269,10,0,0,40,<=50K
10817,35,158046,10,5013,0,70,<=50K
10818,32,133503,9,0,0,40,<=50K
10819,44,172296,10,0,0,60,<=50K
10820,39,201105,13,0,0,30,<=50K
10821,23,176486,10,0,0,25,<=50K
10823,23,82497,10,0,0,28,<=50K
10824,47,208872,10,0,0,40,<=50K
10825,47,145269,7,0,0,45,<=50K
10826,25,19214,9,0,0,40,<=50K
10827,35,149347,10,0,0,45,<=50K
10828,68,53850,4,0,0,40,<=50K
10830,47,152073,9,0,0,40,<=50K
10832,24,341368,9,0,0,40,<=50K
10833,21,201603,9,2176,0,40,<=50K
10835,30,285295,13,0,0,40,<=50K
10836,17,126779,7,0,0,20,<=50K
10837,49,202874,9,0,0,40,<=50K
10838,27,373499,3,0,0,60,<=50K
10839,22,244773,9,0,0,15,<=50K
10840,22,96862,10,0,0,40,<=50K
10841,50,162632,9,0,0,2,<=50K
10843,27,37088,13,0,0,30,<=50K
10844,27,335421,13,0,0,20,<=50K
10845,23,188535,4,0,0,35,<=50K
10846,20,349365,9,0,0,40,<=50K
10847,42,33002,9,0,0,48,<=50K
10850,35,275522,4,0,0,80,<=50K
10851,22,43646,9,0,0,40,<=50K
10852,34,154548,10,0,0,38,<=50K
10853,28,47907,13,0,0,40,<=50K
10854,38,238397,13,0,0,24,<=50K
10856,22,354351,10,0,0,40,<=50K
10857,34,349169,14,0,0,40,<=50K
10859,23,23438,9,0,0,40,<=50K
10861,43,174196,9,0,0,40,<=50K
10863,23,124971,10,0,0,40,<=50K
10864,57,214061,9,0,0,40,<=50K
10865,24,441700,13,0,0,40,<=50K
10867,34,234386,12,0,0,50,<=50K
10868,29,188278,10,0,0,40,<=50K
10869,29,244395,7,0,0,40,<=50K
10871,48,219565,9,0,0,40,<=50K
10872,38,377486,9,0,0,36,<=50K
10873,42,137232,9,0,0,50,<=50K
10874,53,233369,10,0,0,40,<=50K
10875,29,71067,15,0,0,55,<=50K
10876,59,195176,13,0,0,72,<=50K
10877,31,98639,9,0,0,40,<=50K
10878,34,183778,9,0,0,40,<=50K
10880,25,164938,9,4416,0,40,<=50K
10881,28,147471,9,0,0,10,<=50K
10883,46,81497,9,0,0,48,<=50K
10884,45,189225,9,0,0,40,<=50K
10885,23,141264,10,0,0,40,<=50K
10886,33,97939,12,0,0,42,<=50K
10888,25,483822,9,0,0,40,<=50K
10889,48,148738,10,0,0,40,<=50K
10890,23,289982,9,0,0,40,<=50K
10892,20,146706,10,0,0,30,<=50K
10893,23,420973,13,0,0,40,<=50K
10894,71,124959,9,0,0,40,<=50K
10895,22,121471,13,0,0,40,<=50K
10897,27,280758,7,0,0,60,<=50K
10898,40,191544,9,0,0,35,<=50K
10899,30,261023,10,0,0,50,<=50K
10900,30,231043,11,0,0,40,<=50K
10901,30,340917,10,0,0,40,<=50K
10902,35,167140,13,5013,0,40,<=50K
10903,39,370795,9,0,0,40,<=50K
10904,39,209609,9,0,0,50,<=50K
10905,74,209454,3,0,0,40,<=50K
10907,25,88922,9,0,0,40,<=50K
10908,64,86972,10,0,0,40,<=50K
10914,22,514033,9,0,0,80,<=50K
10915,56,172364,9,0,0,40,<=50K
10916,37,190105,9,0,0,55,<=50K
10917,30,119422,10,0,0,70,<=50K
10918,20,236592,8,0,0,35,<=50K
10921,23,235853,9,0,0,40,<=50K
10922,43,150528,9,0,0,30,<=50K
10923,30,213722,9,0,0,40,<=50K
10924,20,41432,10,0,0,46,<=50K
10925,22,285775,11,0,0,40,<=50K
10926,38,470663,13,0,0,50,<=50K
10927,54,114520,10,0,0,40,<=50K
10928,23,113466,9,0,0,40,<=50K
10929,46,224559,9,0,0,40,<=50K
10930,59,186385,6,0,0,40,<=50K
10931,28,167094,6,0,0,50,<=50K
10932,18,216508,8,0,0,25,<=50K
10933,41,384236,11,0,0,40,<=50K
10934,42,181265,11,0,0,48,<=50K
10936,24,98287,9,0,0,50,<=50K
10938,28,184723,13,0,1980,35,<=50K
10939,25,165622,14,0,0,55,<=50K
10940,29,101597,10,0,0,54,<=50K
10941,53,146378,3,0,0,40,<=50K
10942,63,152163,9,0,0,40,<=50K
10943,26,106812,11,0,0,38,<=50K
10944,21,148211,9,3674,0,50,<=50K
10946,29,135296,11,0,0,40,<=50K
10947,72,144515,16,0,1258,40,<=50K
10948,51,210736,6,0,0,40,<=50K
10949,21,210165,5,0,0,40,<=50K
10950,38,224584,10,0,0,40,<=50K
10952,46,164733,14,0,0,41,<=50K
10954,68,177596,6,0,0,90,<=50K
10955,43,396116,9,0,0,40,<=50K
10956,21,185251,9,0,0,40,<=50K
10957,44,173590,13,0,0,3,<=50K
10959,20,293091,9,0,0,12,<=50K
10961,21,51047,9,0,0,25,<=50K
10963,52,152795,10,0,0,40,<=50K
10966,51,121548,13,0,0,25,<=50K
10967,29,244566,9,0,0,40,<=50K
10968,36,75073,10,0,0,55,<=50K
10969,29,179008,9,0,0,55,<=50K
10970,21,170800,9,0,0,30,<=50K
10971,58,373344,2,0,0,40,<=50K
10972,37,127961,9,0,0,40,<=50K
10973,50,99392,10,0,0,45,<=50K
10974,30,392812,9,0,0,50,<=50K
10975,29,262478,9,0,0,30,<=50K
10976,48,32825,9,0,0,40,<=50K
10977,50,167380,4,0,0,40,<=50K
10979,35,105138,15,0,0,55,<=50K
10981,24,182276,9,0,0,25,<=50K
10982,20,275385,9,0,0,45,<=50K
10984,19,73514,9,0,0,30,<=50K
10985,26,199600,9,0,0,40,<=50K
10987,25,202560,10,0,0,40,<=50K
10988,33,99309,10,0,0,50,<=50K
10990,30,287986,10,0,0,40,<=50K
10991,30,119411,13,0,0,40,<=50K
10992,19,198668,4,0,0,40,<=50K
10993,23,117583,9,0,0,40,<=50K
10995,20,114357,10,0,0,40,<=50K
10996,39,176949,12,0,0,52,<=50K
10997,33,189710,4,0,0,45,<=50K
10998,65,205309,9,0,0,24,<=50K
11000,20,216825,9,0,0,25,<=50K
11001,23,329174,10,0,0,40,<=50K
11002,25,197036,6,0,0,40,<=50K
11004,31,206512,7,0,0,25,<=50K
11005,28,38309,13,6849,0,40,<=50K
11006,37,312766,9,0,0,40,<=50K
11008,66,38621,11,3273,0,40,<=50K
11009,31,124827,9,0,0,40,<=50K
11011,45,56904,13,5013,0,45,<=50K
11012,45,190115,12,0,0,40,<=50K
11013,44,106682,9,0,0,60,<=50K
11014,32,42596,13,0,0,40,<=50K
11016,53,102615,7,0,0,40,<=50K
11018,43,240124,11,0,0,40,<=50K
11019,30,132565,10,0,0,40,<=50K
11020,49,323798,10,3325,0,50,<=50K
11022,20,165201,10,0,0,4,<=50K
11024,45,264526,12,0,0,40,<=50K
11028,48,115497,10,0,0,40,<=50K
11029,32,157747,10,0,0,45,<=50K
11030,27,41099,9,0,0,30,<=50K
11031,38,472604,13,0,0,35,<=50K
11032,33,348618,3,0,0,20,<=50K
11034,36,248445,9,0,0,60,<=50K
11035,38,112093,7,0,0,40,<=50K
11036,24,197552,9,0,0,40,<=50K
11037,22,303822,6,0,0,40,<=50K
11038,30,288566,13,0,0,40,<=50K
11041,39,239409,9,0,0,50,<=50K
11042,50,337606,9,0,1485,40,<=50K
11043,34,32528,11,0,974,40,<=50K
11045,46,234690,9,0,0,40,<=50K
11046,23,141003,9,0,0,60,<=50K
11047,43,216042,10,0,1617,72,<=50K
11048,45,190482,9,0,0,40,<=50K
11049,55,381965,13,0,0,40,<=50K
11050,68,186943,9,0,0,8,<=50K
11051,39,142707,11,0,0,40,<=50K
11052,39,53447,9,0,0,40,<=50K
11053,37,127772,13,0,0,40,<=50K
11054,19,344414,10,0,0,40,<=50K
11055,20,194138,7,0,0,20,<=50K
11056,49,558183,11,0,0,40,<=50K
11057,33,150154,10,0,0,40,<=50K
11058,21,306114,9,0,0,35,<=50K
11059,72,177121,13,0,0,3,<=50K
11061,43,175715,9,0,0,55,<=50K
11062,62,416829,7,0,0,21,<=50K
11063,21,350001,10,0,0,20,<=50K
11064,26,339952,10,0,0,60,<=50K
11065,27,114967,5,0,0,40,<=50K
11067,49,166039,9,0,0,40,<=50K
11068,28,250135,9,0,0,40,<=50K
11072,45,106517,9,0,0,40,<=50K
11073,47,162236,13,0,0,40,<=50K
11075,52,40641,6,5013,0,40,<=50K
11076,47,169388,7,0,0,15,<=50K
11081,43,75742,10,0,0,45,<=50K
11083,49,193249,12,0,0,40,<=50K
11084,17,266072,6,0,0,20,<=50K
11085,28,80165,10,0,0,30,<=50K
11086,25,339324,13,0,0,40,<=50K
11087,69,111238,5,0,0,20,<=50K
11088,41,284086,11,0,0,60,<=50K
11094,47,193061,10,0,0,60,<=50K
11095,50,121411,8,0,0,40,<=50K
11096,36,89202,13,0,0,50,<=50K
11097,17,232900,7,0,0,25,<=50K
11099,79,165209,9,0,0,40,<=50K
11101,67,195066,9,0,0,50,<=50K
11104,27,174419,13,0,0,40,<=50K
11105,21,57916,4,0,0,40,<=50K
11106,46,383384,9,0,0,40,<=50K
11108,20,109813,7,0,0,40,<=50K
11109,17,174298,7,0,0,20,<=50K
11112,33,96128,7,0,0,40,<=50K
11113,55,220262,9,0,0,40,<=50K
11114,55,35340,10,0,0,50,<=50K
11115,47,280483,9,0,0,40,<=50K
11117,29,351324,10,0,0,40,<=50K
11118,36,58602,3,0,0,35,<=50K
11119,37,64922,13,0,0,70,<=50K
11120,41,185616,9,0,1980,40,<=50K
11122,24,254767,4,2105,0,50,<=50K
11123,39,32312,13,0,0,60,<=50K
11124,47,109421,13,0,0,50,<=50K
11125,42,183205,9,0,0,45,<=50K
11127,48,145886,13,0,0,60,<=50K
11129,27,244566,6,0,0,40,<=50K
11130,29,253801,9,0,0,40,<=50K
11131,22,181313,11,0,0,30,<=50K
11132,37,150566,9,0,0,44,<=50K
11133,38,237713,13,0,0,60,<=50K
11134,32,112137,1,4508,0,40,<=50K
11135,48,187969,14,0,0,80,<=50K
11136,46,224108,9,0,0,50,<=50K
11137,51,174754,9,0,0,38,<=50K
11138,28,219705,13,5013,0,55,<=50K
11139,35,167062,9,0,0,40,<=50K
11140,18,190325,7,0,0,30,<=50K
11141,45,108859,9,0,0,40,<=50K
11142,36,344351,9,0,0,40,<=50K
11143,73,153127,10,0,0,10,<=50K
11144,52,180881,13,0,0,40,<=50K
11145,17,183066,6,0,0,40,<=50K
11148,20,172047,10,0,0,10,<=50K
11150,37,302604,10,0,0,40,<=50K
11151,40,248094,9,0,0,40,<=50K
11154,20,181032,10,0,0,40,<=50K
11156,25,40512,13,3674,0,30,<=50K
11158,18,173125,8,0,0,24,<=50K
11159,33,316663,10,0,0,50,<=50K
11160,26,154966,10,0,0,40,<=50K
11161,24,198259,9,0,0,30,<=50K
11162,33,167939,9,0,0,25,<=50K
11163,23,131275,9,0,0,40,<=50K
11164,20,236523,6,0,0,40,<=50K
11165,36,272950,10,0,0,50,<=50K
11166,37,174503,13,0,0,50,<=50K
11167,24,116800,11,0,0,35,<=50K
11169,50,202044,13,0,0,45,<=50K
11172,57,133126,10,0,0,40,<=50K
11173,37,74593,9,0,0,70,<=50K
11174,44,302424,9,0,0,55,<=50K
11175,21,344492,10,0,0,30,<=50K
11179,20,243178,9,0,0,40,<=50K
11180,52,189728,9,0,0,50,<=50K
11181,47,318593,9,0,0,25,<=50K
11182,41,108681,10,0,0,40,<=50K
11186,49,266150,9,0,0,40,<=50K
11187,65,271092,10,0,0,40,<=50K
11188,50,135643,9,0,0,40,<=50K
11190,18,130652,10,0,0,25,<=50K
11194,17,244589,7,0,0,40,<=50K
11196,73,139978,7,0,0,40,<=50K
11197,48,180446,6,0,0,40,<=50K
11198,64,178724,9,0,0,20,<=50K
11199,38,341643,12,0,0,60,<=50K
11202,26,187891,9,0,0,40,<=50K
11206,54,439608,10,0,0,40,<=50K
11207,65,330144,10,0,0,40,<=50K
11208,29,251905,12,0,0,45,<=50K
11209,37,218955,9,0,0,40,<=50K
11210,36,188972,16,0,0,10,<=50K
11212,33,202046,13,0,2001,40,<=50K
11213,62,116104,9,0,0,20,<=50K
11214,20,194891,9,0,0,40,<=50K
11216,66,116468,14,2936,0,20,<=50K
11217,32,285131,12,0,0,20,<=50K
11218,29,409201,10,0,0,40,<=50K
11219,70,379819,10,10566,0,40,<=50K
11220,74,97167,9,0,0,15,<=50K
11221,37,244803,9,0,0,40,<=50K
11222,51,115851,9,0,0,40,<=50K
11223,50,118058,10,0,0,50,<=50K
11225,26,158810,13,0,0,70,<=50K
11227,58,165695,9,0,0,70,<=50K
11228,30,97281,10,0,0,60,<=50K
11229,32,244147,13,0,1876,50,<=50K
11231,23,170482,10,0,0,45,<=50K
11232,35,241001,9,0,0,44,<=50K
11233,50,165001,13,0,0,50,<=50K
11234,17,297117,7,0,0,40,<=50K
11235,35,340260,9,0,0,48,<=50K
11236,31,96480,9,0,0,50,<=50K
11237,30,185177,7,0,0,49,<=50K
11239,35,308874,9,0,0,40,<=50K
11241,46,288608,9,0,0,40,<=50K
11242,50,254148,10,0,0,40,<=50K
11243,37,111128,7,0,0,40,<=50K
11244,32,171116,9,0,0,40,<=50K
11247,22,152878,9,0,0,40,<=50K
11248,29,149211,13,0,0,40,<=50K
11249,35,58343,9,0,0,44,<=50K
11250,38,127601,10,0,0,35,<=50K
11251,29,357781,4,0,0,40,<=50K
11252,26,137367,10,0,0,44,<=50K
11253,34,110978,15,0,0,40,<=50K
11255,30,84119,10,0,2051,40,<=50K
11256,20,223515,10,0,0,40,<=50K
11257,37,372525,14,0,0,48,<=50K
11258,32,116365,9,0,0,20,<=50K
11259,36,111268,12,0,0,40,<=50K
11261,78,83511,4,0,0,40,<=50K
11262,46,199596,10,0,0,50,<=50K
11263,18,301867,9,0,0,20,<=50K
11264,57,191983,10,0,0,50,<=50K
11265,37,105803,9,0,0,40,<=50K
11267,45,116255,9,0,0,40,<=50K
11268,32,235109,10,0,0,40,<=50K
11269,38,91716,9,0,0,40,<=50K
11270,25,121102,12,0,2001,30,<=50K
11271,70,235781,10,0,0,40,<=50K
11273,40,33658,9,0,0,40,<=50K
11274,20,53878,9,0,0,40,<=50K
11276,24,173736,11,0,0,55,<=50K
11277,28,214385,11,0,0,40,<=50K
11278,58,102509,6,0,0,50,<=50K
11279,38,173047,13,0,213,40,<=50K
11280,59,241297,10,6849,0,40,<=50K
11281,18,329054,7,0,0,15,<=50K
11282,40,274158,9,0,0,40,<=50K
11283,39,241153,14,0,0,50,<=50K
11285,45,229516,9,0,0,72,<=50K
11286,62,250091,13,0,0,5,<=50K
11287,24,247075,9,0,0,20,<=50K
11288,22,315524,10,0,0,30,<=50K
11289,23,126945,13,0,0,40,<=50K
11291,28,115579,11,0,0,38,<=50K
11293,44,56483,13,0,0,37,<=50K
11294,73,89852,2,0,0,40,<=50K
11295,24,420779,9,0,0,35,<=50K
11296,24,255474,7,0,0,40,<=50K
11297,52,241444,2,0,0,50,<=50K
11298,43,85995,9,0,0,40,<=50K
11299,67,116986,8,0,0,20,<=50K
11300,31,217962,8,0,0,40,<=50K
11302,43,184099,12,0,0,40,<=50K
11303,31,117816,4,0,0,70,<=50K
11304,23,263899,10,0,0,20,<=50K
11305,26,45869,13,0,0,40,<=50K
11306,48,186539,10,0,0,40,<=50K
11307,40,326310,10,0,0,44,<=50K
11308,55,84564,15,0,0,39,<=50K
11310,34,72793,13,0,0,15,<=50K
11311,29,261375,9,0,0,60,<=50K
11312,50,77905,13,0,0,8,<=50K
11313,19,66838,10,0,0,9,<=50K
11315,66,180211,13,0,0,30,<=50K
11316,65,79272,10,0,0,6,<=50K
11317,60,101198,11,0,0,20,<=50K
11318,60,80574,9,0,0,38,<=50K
11319,19,198663,9,0,0,40,<=50K
11320,26,160340,9,0,0,60,<=50K
11321,75,205860,10,0,1735,40,<=50K
11322,58,69579,10,0,0,20,<=50K
11323,18,379242,10,0,0,50,<=50K
11324,65,113323,12,3818,0,40,<=50K
11326,26,259505,10,0,0,40,<=50K
11328,19,541282,10,0,0,40,<=50K
11331,23,117789,13,0,0,40,<=50K
11332,21,296158,9,0,0,40,<=50K
11333,48,78859,9,0,0,40,<=50K
11336,41,518030,13,0,1590,40,<=50K
11337,32,360593,9,0,0,30,<=50K
11338,40,145504,9,0,0,40,<=50K
11339,19,459248,9,0,0,30,<=50K
11340,30,288419,3,0,0,40,<=50K
11341,42,126094,9,0,0,39,<=50K
11342,23,209483,13,0,0,50,<=50K
11344,21,210355,7,0,0,24,<=50K
11346,50,260579,9,0,0,40,<=50K
11347,20,105585,10,0,0,25,<=50K
11348,21,132320,7,0,0,35,<=50K
11349,21,129172,10,0,0,16,<=50K
11350,45,222374,13,0,0,40,<=50K
11351,49,201498,9,0,0,40,<=50K
11353,41,114157,9,0,0,40,<=50K
11354,48,148121,13,0,0,40,<=50K
11355,73,84053,9,0,0,15,<=50K
11356,34,96480,10,0,0,40,<=50K
11357,24,179423,9,0,0,40,<=50K
11358,58,123329,9,0,0,16,<=50K
11360,53,188644,1,0,0,40,<=50K
11361,40,226388,9,0,0,40,<=50K
11363,32,209808,10,0,1740,47,<=50K
11364,44,56236,10,2202,0,45,<=50K
11365,18,28648,7,0,0,40,<=50K
11366,37,34996,9,0,0,40,<=50K
11367,43,281422,12,0,0,45,<=50K
11368,22,214716,9,0,0,40,<=50K
11369,28,314177,6,0,0,40,<=50K
11370,51,112310,10,0,0,40,<=50K
11371,63,203783,9,0,0,72,<=50K
11372,29,205499,10,0,0,45,<=50K
11374,44,155701,4,0,0,38,<=50K
11375,37,186934,10,0,0,40,<=50K
11376,62,209433,9,0,0,40,<=50K
11377,31,80933,9,0,0,52,<=50K
11378,20,102607,9,0,0,30,<=50K
11379,48,254809,6,0,1594,32,<=50K
11380,24,102942,10,0,0,50,<=50K
11381,56,175057,13,0,0,40,<=50K
11382,36,68781,10,0,0,35,<=50K
11383,29,108594,9,0,0,40,<=50K
11385,39,56269,10,0,0,40,<=50K
11386,29,152503,10,0,0,45,<=50K
11387,38,206951,9,0,0,65,<=50K
11388,23,82393,5,0,0,20,<=50K
11389,37,167396,9,0,0,40,<=50K
11390,30,123397,10,0,0,30,<=50K
11391,58,147653,10,0,0,36,<=50K
11392,42,118652,12,0,0,40,<=50K
11393,59,114401,9,0,1504,19,<=50K
11395,46,182689,10,0,0,40,<=50K
11396,25,231016,14,4650,0,37,<=50K
11397,41,60949,9,0,0,55,<=50K
11399,37,84306,10,0,0,40,<=50K
11400,31,117507,9,0,0,45,<=50K
11401,22,88050,12,0,0,6,<=50K
11402,22,305498,9,0,0,33,<=50K
11403,17,295308,7,0,0,20,<=50K
11405,17,176017,6,0,0,15,<=50K
11406,39,248445,3,0,0,40,<=50K
11407,23,214542,10,0,0,20,<=50K
11411,21,254904,9,0,0,30,<=50K
11412,33,98995,6,0,0,36,<=50K
11413,17,237078,7,0,0,35,<=50K
11414,41,193995,9,0,0,44,<=50K
11415,19,205829,9,0,0,35,<=50K
11417,24,37072,10,0,0,40,<=50K
11418,38,275338,13,1151,0,40,<=50K
11420,19,100009,10,0,0,15,<=50K
11421,31,37030,12,0,0,25,<=50K
11422,42,135056,10,0,0,40,<=50K
11423,36,135162,9,0,0,45,<=50K
11424,29,280618,10,0,0,40,<=50K
11425,17,226717,8,0,0,20,<=50K
11427,24,291355,10,0,0,60,<=50K
11429,40,29762,10,0,0,60,<=50K
11430,31,82473,5,0,0,25,<=50K
11431,59,172071,9,0,0,38,<=50K
11432,29,166210,10,0,0,55,<=50K
11433,26,330263,9,0,0,40,<=50K
11436,25,130557,13,0,0,40,<=50K
11437,17,56986,8,0,0,18,<=50K
11438,29,220692,11,0,0,40,<=50K
11439,23,121650,3,0,0,30,<=50K
11440,67,174603,9,0,0,35,<=50K
11441,29,341846,14,0,0,50,<=50K
11442,33,99339,12,0,880,40,<=50K
11443,32,34437,9,0,0,40,<=50K
11444,34,141058,10,0,0,62,<=50K
11445,49,192323,9,0,0,40,<=50K
11446,54,117674,10,0,0,40,<=50K
11447,39,28572,9,0,0,40,<=50K
11448,41,120277,13,0,0,40,<=50K
11449,31,164309,10,0,0,38,<=50K
11451,27,147951,9,0,0,1,<=50K
11452,23,188409,7,4508,0,25,<=50K
11454,25,247006,12,0,0,45,<=50K
11455,23,82889,10,0,0,16,<=50K
11457,62,159165,9,0,0,36,<=50K
11458,31,112062,13,0,0,40,<=50K
11459,19,299050,7,0,0,60,<=50K
11460,22,186452,10,0,0,36,<=50K
11461,53,548580,10,0,0,40,<=50K
11462,25,234057,9,0,0,40,<=50K
11463,45,241350,9,0,0,40,<=50K
11464,69,108196,5,2993,0,40,<=50K
11471,22,110946,10,0,0,40,<=50K
11473,36,206521,9,0,0,40,<=50K
11474,54,156877,9,0,0,20,<=50K
11475,28,283227,10,0,0,65,<=50K
11476,28,141957,13,0,0,50,<=50K
11477,36,58337,6,0,0,35,<=50K
11478,73,161027,3,0,0,20,<=50K
11479,37,31670,9,0,0,60,<=50K
11480,24,205844,13,0,0,65,<=50K
11481,30,46144,9,0,0,38,<=50K
11482,38,168055,11,0,0,40,<=50K
11486,42,334522,9,0,0,40,<=50K
11487,54,187686,10,0,0,38,<=50K
11488,27,365916,12,0,0,58,<=50K
11489,39,190719,10,0,0,45,<=50K
11490,27,218184,10,0,0,40,<=50K
11491,30,222162,9,0,0,66,<=50K
11492,30,148524,9,0,2057,40,<=50K
11493,37,267085,10,0,0,40,<=50K
11495,36,229180,10,0,0,40,<=50K
11496,22,279041,10,0,0,10,<=50K
11497,21,312017,10,0,0,40,<=50K
11498,33,54782,13,0,1579,42,<=50K
11499,76,70697,4,0,0,25,<=50K
11500,22,263970,10,0,0,28,<=50K
11501,37,188774,13,0,0,40,<=50K
11502,34,302770,10,0,0,60,<=50K
11503,29,183639,9,0,0,97,<=50K
11504,29,178551,9,0,0,40,<=50K
11505,28,175343,13,0,0,40,<=50K
11506,73,190078,10,0,0,35,<=50K
11507,43,117627,10,0,0,40,<=50K
11508,39,108419,10,0,0,40,<=50K
11509,74,183701,6,0,0,6,<=50K
11510,27,208406,13,0,0,30,<=50K
11511,47,148884,9,0,0,60,<=50K
11512,90,87285,9,0,0,24,<=50K
11515,69,370837,13,0,0,40,<=50K
11516,18,179484,8,0,0,40,<=50K
11517,23,342769,13,0,0,20,<=50K
11518,44,65145,9,0,0,30,<=50K
11519,41,150533,9,2829,0,40,<=50K
11520,47,272182,10,0,0,40,<=50K
11522,33,252168,10,0,0,40,<=50K
11523,48,80430,7,0,0,30,<=50K
11524,39,189623,13,0,0,60,<=50K
11526,18,28357,10,0,0,20,<=50K
11527,52,226084,9,0,0,40,<=50K
11528,18,150817,9,0,0,20,<=50K
11529,27,190911,9,0,0,45,<=50K
11531,45,255559,9,0,0,40,<=50K
11532,79,142370,15,0,0,10,<=50K
11533,24,173679,11,0,0,20,<=50K
11534,25,35854,10,0,0,40,<=50K
11535,42,82161,6,0,0,35,<=50K
11536,63,129845,4,0,0,40,<=50K
11540,42,66460,10,0,0,45,<=50K
11542,37,102936,13,0,0,55,<=50K
11543,65,205309,9,0,0,20,<=50K
11544,30,156890,6,0,0,40,<=50K
11546,46,137547,9,0,0,40,<=50K
11547,23,220168,9,0,0,25,<=50K
11548,47,37672,13,0,0,45,<=50K
11549,20,196643,10,0,0,20,<=50K
11550,21,355686,9,0,0,10,<=50K
11551,28,197484,9,0,0,40,<=50K
11552,61,115023,9,0,0,40,<=50K
11553,30,234824,9,0,0,72,<=50K
11556,39,324231,9,0,0,40,<=50K
11557,23,123490,7,0,0,35,<=50K
11558,32,188245,7,0,0,40,<=50K
11559,63,50349,9,0,0,34,<=50K
11560,19,47176,10,0,0,15,<=50K
11563,23,188950,11,0,0,40,<=50K
11564,30,356882,16,0,0,20,<=50K
11565,43,150533,12,0,0,50,<=50K
11566,64,167149,4,0,0,25,<=50K
11567,56,301835,3,0,0,40,<=50K
11568,32,313729,9,0,0,40,<=50K
11569,55,130957,9,0,0,45,<=50K
11570,17,197732,7,0,0,12,<=50K
11571,17,250541,6,0,0,20,<=50K
11572,29,218785,10,0,0,65,<=50K
11573,23,232512,9,0,0,40,<=50K
11574,37,194630,9,0,0,50,<=50K
11575,39,38721,9,0,0,22,<=50K
11579,31,87560,10,0,0,50,<=50K
11580,71,100820,9,0,2489,15,<=50K
11581,56,208431,10,0,0,32,<=50K
11583,20,163205,10,0,0,30,<=50K
11585,33,137616,14,0,0,35,<=50K
11586,27,156516,10,0,2377,20,<=50K
11588,45,117556,10,0,0,32,<=50K
11589,54,147863,11,5013,0,40,<=50K
11590,33,24504,9,0,0,50,<=50K
11591,27,157624,9,0,0,40,<=50K
11592,36,181721,6,0,0,60,<=50K
11594,33,92865,10,0,0,40,<=50K
11595,19,258633,10,0,0,25,<=50K
11598,30,381153,10,0,0,40,<=50K
11599,22,300871,10,0,0,40,<=50K
11601,26,158333,3,0,0,40,<=50K
11602,36,288103,7,0,0,40,<=50K
11603,35,108907,9,0,0,40,<=50K
11605,24,126613,13,0,0,8,<=50K
11607,38,199816,9,0,0,40,<=50K
11608,50,98228,9,0,0,45,<=50K
11609,41,129060,10,0,0,40,<=50K
11611,36,226918,13,0,0,48,<=50K
11614,35,103710,13,0,0,16,<=50K
11618,52,82285,13,0,0,40,<=50K
11620,67,345236,13,0,0,55,<=50K
11621,58,347692,7,0,0,15,<=50K
11622,68,156000,6,0,0,20,<=50K
11623,71,228806,5,0,0,6,<=50K
11624,49,184428,14,0,0,40,<=50K
11625,35,102938,9,0,0,40,<=50K
11626,18,161063,9,0,0,40,<=50K
11627,29,253752,6,0,0,40,<=50K
11628,47,274800,13,0,0,60,<=50K
11629,31,129804,5,0,0,40,<=50K
11630,22,65547,10,0,0,40,<=50K
11631,20,107658,10,0,0,10,<=50K
11632,57,161097,9,0,0,26,<=50K
11633,18,118376,10,0,0,15,<=50K
11634,32,131224,9,0,0,40,<=50K
11635,39,120985,9,0,0,40,<=50K
11636,37,215392,13,0,0,40,<=50K
11637,51,63685,9,0,0,50,<=50K
11640,35,31023,13,0,0,45,<=50K
11641,40,145439,3,4064,0,40,<=50K
11642,19,255161,9,0,0,25,<=50K
11643,28,411950,9,0,0,40,<=50K
11644,23,275818,10,0,1974,40,<=50K
11645,18,318082,10,0,0,35,<=50K
11646,23,287988,13,0,0,40,<=50K
11647,47,138342,7,3411,0,40,<=50K
11648,42,115932,13,0,0,40,<=50K
11649,25,60358,10,0,0,40,<=50K
11650,17,140117,6,0,0,12,<=50K
11651,34,158040,13,0,0,45,<=50K
11653,29,232784,12,0,0,40,<=50K
11654,22,349368,10,0,0,40,<=50K
11655,46,325573,9,0,0,40,<=50K
11656,69,140176,9,0,0,24,<=50K
11658,19,318264,10,0,0,30,<=50K
11659,59,147989,9,0,0,40,<=50K
11661,41,288433,14,0,0,40,<=50K
11662,47,329205,13,0,0,40,<=50K
11663,64,171373,7,0,0,40,<=50K
11664,29,228860,10,0,0,35,<=50K
11665,29,196116,15,2174,0,72,<=50K
11666,17,47771,7,0,0,20,<=50K
11667,24,201680,9,0,0,60,<=50K
11668,28,337378,9,0,0,40,<=50K
11669,35,246449,9,3325,0,50,<=50K
11670,48,227714,13,0,0,60,<=50K
11671,36,177285,11,0,0,38,<=50K
11672,38,71701,11,0,0,40,<=50K
11673,49,30219,9,0,1669,40,<=50K
11675,36,27408,11,0,0,60,<=50K
11676,25,167031,6,0,0,40,<=50K
11677,41,173682,14,0,0,40,<=50K
11678,35,278557,9,0,0,30,<=50K
11679,32,113688,11,0,0,50,<=50K
11681,48,33669,10,0,0,60,<=50K
11682,56,100776,9,0,0,50,<=50K
11683,47,177457,10,0,0,40,<=50K
11684,30,312767,9,0,0,40,<=50K
11686,22,375422,13,0,0,40,<=50K
11688,67,74335,9,0,0,10,<=50K
11689,26,302097,9,3464,0,48,<=50K
11690,35,248010,13,0,0,40,<=50K
11691,37,87369,5,0,0,40,<=50K
11692,34,405577,10,0,0,40,<=50K
11693,51,167065,9,0,0,40,<=50K
11694,26,102476,13,0,0,40,<=50K
11695,28,526528,10,3887,0,40,<=50K
11696,32,175878,4,0,0,35,<=50K
11697,55,213894,7,0,0,40,<=50K
11698,17,150262,7,0,0,20,<=50K
11699,40,75363,10,0,0,40,<=50K
11700,38,272671,13,0,0,50,<=50K
11702,44,222434,9,0,0,40,<=50K
11704,25,171236,9,0,0,40,<=50K
11705,45,367037,9,0,0,40,<=50K
11707,62,97017,10,0,0,45,<=50K
11708,20,146879,9,0,2001,40,<=50K
11709,45,320818,10,0,0,40,<=50K
11711,49,184428,13,0,0,40,<=50K
11713,24,169624,9,0,0,37,<=50K
11714,29,212102,9,0,0,30,<=50K
11715,23,175837,7,0,0,40,<=50K
11716,50,177487,9,0,0,40,<=50K
11719,32,194981,9,0,0,36,<=50K
11720,73,199362,9,0,0,30,<=50K
11721,24,204226,14,0,0,40,<=50K
11722,46,72506,9,0,0,40,<=50K
11724,37,194630,14,0,0,40,<=50K
11727,17,289405,7,0,0,12,<=50K
11728,30,170130,9,0,0,40,<=50K
11729,19,158118,9,0,1719,40,<=50K
11730,30,447739,16,0,0,60,<=50K
11731,90,39824,9,401,0,4,<=50K
11732,76,312500,3,0,0,40,<=50K
11733,47,223342,9,0,1504,35,<=50K
11734,65,293385,1,0,0,30,<=50K
11735,25,106377,10,0,0,40,<=50K
11736,41,66118,13,0,0,40,<=50K
11737,47,274883,9,0,0,40,<=50K
11738,27,123773,12,0,0,40,<=50K
11739,42,70655,9,0,0,44,<=50K
11740,49,177426,9,0,0,20,<=50K
11742,19,159269,10,0,0,15,<=50K
11743,24,235894,9,0,0,38,<=50K
11745,33,167309,13,0,0,40,<=50K
11746,44,98106,10,0,0,40,<=50K
11748,45,108993,9,0,0,40,<=50K
11749,35,265954,13,0,0,40,<=50K
11750,58,100960,9,0,0,50,<=50K
11751,45,170092,10,0,0,50,<=50K
11755,24,214014,9,0,0,40,<=50K
11756,36,99872,9,0,0,40,<=50K
11757,61,151459,6,0,0,38,<=50K
11759,56,367200,9,0,0,40,<=50K
11762,50,140741,7,0,0,40,<=50K
11763,25,197651,10,0,0,43,<=50K
11765,23,330571,13,0,0,25,<=50K
11766,44,204235,9,0,0,40,<=50K
11767,38,346766,9,0,0,40,<=50K
11768,35,257250,9,0,0,40,<=50K
11769,25,163396,10,0,0,40,<=50K
11770,78,135839,9,1086,0,20,<=50K
11771,18,36251,6,0,0,15,<=50K
11772,40,149102,9,2174,0,60,<=50K
11773,61,222395,9,0,0,40,<=50K
11774,31,29152,8,0,0,40,<=50K
11775,33,79303,9,0,0,45,<=50K
11776,35,272338,11,0,0,40,<=50K
11778,19,148392,9,0,0,30,<=50K
11779,31,164243,10,0,1579,40,<=50K
11783,27,77774,9,0,0,34,<=50K
11786,29,153805,9,0,0,40,<=50K
11787,27,168827,13,0,0,2,<=50K
11788,31,373432,5,0,0,43,<=50K
11789,26,57600,13,0,0,40,<=50K
11790,53,302847,9,0,0,35,<=50K
11791,23,227594,9,0,0,30,<=50K
11792,32,44777,9,0,0,46,<=50K
11793,54,133963,9,0,0,40,<=50K
11794,36,279615,13,0,0,40,<=50K
11795,22,276133,9,0,0,50,<=50K
11796,62,136314,10,0,0,40,<=50K
11801,27,158647,10,0,0,40,<=50K
11802,35,22055,10,0,0,60,<=50K
11803,41,176716,9,0,0,60,<=50K
11804,42,270721,13,0,0,32,<=50K
11805,24,100321,10,0,0,48,<=50K
11806,35,79050,9,0,0,72,<=50K
11808,46,116952,4,0,0,45,<=50K
11810,33,207937,9,0,1092,40,<=50K
11811,68,223486,9,0,0,7,<=50K
11812,33,340332,13,0,0,45,<=50K
11813,23,184813,10,0,0,20,<=50K
11816,35,248374,10,0,0,40,<=50K
11817,40,382499,9,0,0,50,<=50K
11818,36,108320,14,5455,0,30,<=50K
11819,46,161386,5,0,0,50,<=50K
11820,49,110172,9,0,0,40,<=50K
11821,41,144032,9,0,0,60,<=50K
11822,26,224426,14,0,0,38,<=50K
11823,37,230408,9,0,0,20,<=50K
11825,20,174714,10,0,0,20,<=50K
11827,30,149531,10,0,0,40,<=50K
11828,23,34113,9,0,0,45,<=50K
11830,28,331381,13,0,0,40,<=50K
11832,34,339142,9,0,0,40,<=50K
11833,58,164857,13,0,0,99,<=50K
11834,33,267859,10,0,0,40,<=50K
11835,38,167725,13,0,0,84,<=50K
11837,67,105907,2,0,0,20,<=50K
11838,23,200677,6,0,0,40,<=50K
11840,54,138026,9,0,0,40,<=50K
11843,26,283715,9,0,0,40,<=50K
11844,31,286406,9,3325,0,40,<=50K
11845,36,166416,9,0,0,40,<=50K
11846,25,156334,6,0,0,40,<=50K
11848,40,112362,14,0,0,40,<=50K
11849,52,200419,12,0,0,50,<=50K
11851,25,34161,8,0,0,30,<=50K
11854,51,35211,14,0,0,40,<=50K
11855,19,214935,10,0,0,40,<=50K
11858,35,165799,9,0,0,60,<=50K
11859,30,257874,13,0,0,30,<=50K
11860,38,357173,9,0,0,40,<=50K
11861,45,305739,10,0,0,40,<=50K
11862,23,172047,9,0,0,40,<=50K
11863,22,110677,10,0,0,40,<=50K
11864,21,405684,9,0,0,35,<=50K
11865,60,82388,10,0,0,38,<=50K
11867,26,101812,9,5721,0,40,<=50K
11868,49,336509,6,0,0,40,<=50K
11869,29,383402,10,0,0,35,<=50K
11871,40,280362,9,0,0,35,<=50K
11872,34,212064,9,7443,0,35,<=50K
11873,42,173704,14,0,0,40,<=50K
11874,33,433375,2,0,0,35,<=50K
11875,63,106551,9,0,0,40,<=50K
11876,53,22418,9,0,0,40,<=50K
11879,43,190044,6,0,0,40,<=50K
11880,26,97698,14,0,0,32,<=50K
11881,56,53366,9,0,0,40,<=50K
11882,39,236136,11,0,0,40,<=50K
11883,44,326232,4,0,0,48,<=50K
11885,40,220589,12,0,0,40,<=50K
11886,38,161463,10,0,0,40,<=50K
11887,44,95255,10,0,0,40,<=50K
11888,34,223267,10,0,0,72,<=50K
11889,22,236769,13,0,0,20,<=50K
11891,43,177083,10,0,0,30,<=50K
11892,23,287681,9,0,0,40,<=50K
11893,41,49797,10,0,0,40,<=50K
11894,44,174051,10,0,0,35,<=50K
11895,32,194901,9,0,0,40,<=50K
11898,24,174907,9,0,0,30,<=50K
11899,39,167140,14,0,0,40,<=50K
11900,32,236543,8,0,0,54,<=50K
11901,40,214242,9,0,0,50,<=50K
11902,34,216864,9,0,3770,45,<=50K
11903,34,245211,9,2036,0,30,<=50K
11905,71,200418,3,0,0,40,<=50K
11907,54,146834,9,0,0,45,<=50K
11908,26,78424,11,0,0,54,<=50K
11910,28,38079,10,0,0,55,<=50K
11911,42,115178,13,0,0,15,<=50K
11912,45,195949,9,0,0,40,<=50K
11913,37,167415,9,0,0,50,<=50K
11914,57,223214,9,0,0,50,<=50K
11915,39,22245,13,0,0,60,<=50K
11917,30,147921,11,0,0,46,<=50K
11922,19,71650,9,0,0,40,<=50K
11923,39,150217,10,0,0,38,<=50K
11924,55,258648,6,0,0,40,<=50K
11925,17,114798,6,0,0,20,<=50K
11926,43,186188,10,0,0,40,<=50K
11927,36,175255,9,0,0,35,<=50K
11928,45,249935,13,0,0,60,<=50K
11932,21,221418,9,0,0,40,<=50K
11933,43,56063,13,0,0,60,<=50K
11934,34,153927,9,0,0,40,<=50K
11935,33,163110,13,0,0,20,<=50K
11936,40,175696,9,0,0,51,<=50K
11937,46,143189,3,0,0,40,<=50K
11938,20,114969,9,0,0,40,<=50K
11939,54,32778,9,0,0,40,<=50K
11940,23,150683,10,0,0,40,<=50K
11941,58,78104,9,0,0,45,<=50K
11942,25,335005,10,3137,0,40,<=50K
11944,42,201520,9,0,0,45,<=50K
11945,25,124111,9,0,0,38,<=50K
11946,60,166386,7,0,0,30,<=50K
11947,43,117471,9,0,0,40,<=50K
11948,25,361307,13,0,0,40,<=50K
11949,31,142038,9,0,0,45,<=50K
11950,35,276552,9,0,0,40,<=50K
11951,48,50402,10,0,0,40,<=50K
11953,27,277760,9,0,0,40,<=50K
11954,24,24243,9,0,1590,40,<=50K
11956,52,165278,9,0,0,22,<=50K
11958,31,173002,9,0,0,40,<=50K
11959,59,261232,7,0,0,40,<=50K
11960,27,164607,13,0,0,40,<=50K
11963,24,325744,9,0,0,40,<=50K
11965,46,133616,10,0,0,40,<=50K
11966,55,83401,3,0,0,40,<=50K
11967,76,239880,9,0,0,8,<=50K
11968,25,201737,10,0,0,40,<=50K
11970,33,143540,9,0,0,40,<=50K
11971,46,28334,9,0,0,40,<=50K
11972,51,245873,10,0,0,40,<=50K
11973,42,199095,11,0,0,40,<=50K
11977,41,575442,10,0,0,40,<=50K
11978,42,184682,12,0,0,40,<=50K
11980,31,225507,11,0,0,40,<=50K
11982,35,407068,2,0,0,40,<=50K
11983,40,170019,9,0,0,40,<=50K
11986,35,67083,9,0,0,40,<=50K
11987,23,107801,13,0,0,20,<=50K
11988,50,95577,9,0,0,12,<=50K
11989,43,118536,9,0,0,40,<=50K
11991,29,78261,15,0,0,50,<=50K
11992,21,234108,9,0,0,40,<=50K
11993,36,241998,13,0,1672,50,<=50K
11994,40,92717,9,0,0,40,<=50K
11995,23,257683,13,0,0,40,<=50K
11996,90,40388,13,0,0,55,<=50K
11997,24,55424,13,0,0,40,<=50K
11998,20,169600,10,2176,0,12,<=50K
12000,37,75050,11,0,0,55,<=50K
12001,31,182896,9,0,0,40,<=50K
12002,22,188274,9,0,0,40,<=50K
12003,25,211497,10,0,0,40,<=50K
12006,48,219962,11,0,0,40,<=50K
12007,36,186815,14,0,0,50,<=50K
12008,26,132749,13,0,0,80,<=50K
12009,28,209801,5,0,0,40,<=50K
12010,20,178517,10,0,0,40,<=50K
12011,51,169364,10,0,0,40,<=50K
12013,55,144084,6,0,0,40,<=50K
12014,41,133692,13,0,0,40,<=50K
12017,65,24824,9,0,0,40,<=50K
12019,22,235829,10,0,0,40,<=50K
12020,22,196280,10,0,0,20,<=50K
12023,24,59146,13,0,0,40,<=50K
12024,67,64148,10,0,0,41,<=50K
12025,28,196621,9,0,0,37,<=50K
12027,31,263000,11,0,0,38,<=50K
12028,33,554986,10,0,0,40,<=50K
12029,52,108211,4,0,0,40,<=50K
12032,47,102771,4,0,0,40,<=50K
12033,40,213019,9,0,0,30,<=50K
12034,35,228493,10,0,0,48,<=50K
12035,65,22907,4,0,0,40,<=50K
12036,42,24364,10,0,0,30,<=50K
12037,23,41432,13,0,0,15,<=50K
12038,39,235259,10,0,0,40,<=50K
12039,39,343476,9,0,0,30,<=50K
12040,37,326886,9,0,0,40,<=50K
12041,25,248313,11,0,0,40,<=50K
12042,31,30290,9,0,0,40,<=50K
12043,39,188540,9,0,0,45,<=50K
12045,25,198870,13,0,0,35,<=50K
12046,30,233980,7,0,0,40,<=50K
12047,37,171090,5,0,0,48,<=50K
12048,22,353039,9,0,0,36,<=50K
12050,54,188136,13,0,1408,38,<=50K
12051,33,130057,12,0,0,45,<=50K
12052,70,345339,13,0,0,40,<=50K
12053,36,182074,10,0,0,45,<=50K
12054,53,176557,14,0,0,50,<=50K
12055,55,71630,9,0,1617,40,<=50K
12056,17,159849,7,0,0,30,<=50K
12057,36,183425,10,0,0,40,<=50K
12059,40,180123,9,0,0,40,<=50K
12061,28,183802,9,0,0,55,<=50K
12063,49,80914,3,0,0,45,<=50K
12064,63,165667,9,0,0,40,<=50K
12065,61,123991,10,0,0,20,<=50K
12067,55,124137,9,0,0,40,<=50K
12068,18,137363,10,0,0,4,<=50K
12069,20,291979,9,0,0,20,<=50K
12070,49,91251,9,0,0,40,<=50K
12071,27,148153,9,0,0,40,<=50K
12072,37,131463,6,0,0,33,<=50K
12073,32,127651,9,0,0,40,<=50K
12074,33,239018,16,0,0,60,<=50K
12075,47,276087,11,0,0,26,<=50K
12076,34,386877,9,0,0,40,<=50K
12077,61,210464,9,0,0,35,<=50K
12078,25,632834,9,0,0,40,<=50K
12079,26,245465,12,0,0,30,<=50K
12080,18,198087,9,0,0,30,<=50K
12081,35,27408,9,0,0,50,<=50K
12082,36,242713,9,0,0,40,<=50K
12084,40,269733,11,0,0,40,<=50K
12085,24,177287,8,0,0,38,<=50K
12087,42,112181,9,0,0,40,<=50K
12088,28,339002,9,0,0,20,<=50K
12089,39,24721,10,0,0,35,<=50K
12090,65,37092,11,0,0,25,<=50K
12091,20,216563,10,0,0,20,<=50K
12094,39,187089,10,0,0,40,<=50K
12095,18,423052,9,0,0,30,<=50K
12096,49,169180,4,0,0,40,<=50K
12097,21,104981,10,0,0,48,<=50K
12098,35,120074,9,0,0,30,<=50K
12100,55,141549,9,0,0,40,<=50K
12101,27,214858,6,0,0,55,<=50K
12102,34,173524,9,0,0,40,<=50K
12103,54,365049,10,0,0,40,<=50K
12104,38,60355,9,0,0,40,<=50K
12105,32,86808,9,0,0,40,<=50K
12106,33,174171,10,0,0,12,<=50K
12107,32,504951,12,0,0,50,<=50K
12108,34,294064,14,0,0,50,<=50K
12111,23,152328,10,0,0,40,<=50K
12112,48,88564,4,0,0,40,<=50K
12115,25,178421,13,0,0,20,<=50K
12116,43,484861,10,4064,0,38,<=50K
12117,27,225291,12,0,0,40,<=50K
12118,56,205735,2,0,0,40,<=50K
12119,54,58898,10,0,1579,48,<=50K
12121,60,184362,9,0,0,25,<=50K
12122,27,347513,10,0,0,40,<=50K
12123,21,138768,10,0,0,40,<=50K
12124,24,29810,10,0,0,40,<=50K
12125,31,126501,10,0,0,40,<=50K
12126,22,60783,6,0,0,15,<=50K
12127,26,179772,13,0,0,45,<=50K
12128,45,281911,9,0,0,48,<=50K
12129,33,70447,9,0,0,40,<=50K
12130,55,449576,3,0,0,48,<=50K
12131,29,327964,5,0,0,40,<=50K
12132,72,496538,9,6360,0,40,<=50K
12134,53,77651,9,0,0,40,<=50K
12135,40,119493,10,0,0,40,<=50K
12136,20,256240,9,0,0,30,<=50K
12137,69,177374,9,1848,0,12,<=50K
12138,41,37848,9,0,0,25,<=50K
12140,27,183511,9,0,0,40,<=50K
12142,55,190508,10,0,0,35,<=50K
12144,45,240356,10,0,0,55,<=50K
12145,64,133166,9,0,0,5,<=50K
12146,38,32916,10,0,0,45,<=50K
12147,17,117477,6,0,0,40,<=50K
12149,22,459463,8,0,0,50,<=50K
12150,23,95989,10,0,0,30,<=50K
12151,25,118088,9,0,0,40,<=50K
12153,31,505438,9,0,0,30,<=50K
12154,37,179731,9,0,0,35,<=50K
12155,53,122109,9,0,1876,38,<=50K
12156,28,163942,10,0,0,40,<=50K
12158,41,123403,9,0,0,40,<=50K
12159,61,119986,13,0,0,50,<=50K
12160,25,66622,10,0,0,25,<=50K
12161,20,40060,10,0,0,56,<=50K
12164,28,70604,9,0,0,38,<=50K
12166,53,49715,9,0,0,40,<=50K
12167,28,116531,9,0,0,40,<=50K
12168,38,214542,10,0,0,40,<=50K
12169,25,335005,13,0,0,35,<=50K
12170,19,258633,10,0,0,30,<=50K
12171,20,203240,12,0,0,30,<=50K
12172,27,104457,13,0,0,40,<=50K
12175,21,479482,10,0,0,40,<=50K
12176,30,167790,9,0,0,40,<=50K
12177,47,133758,9,0,1974,40,<=50K
12178,22,106843,6,0,0,30,<=50K
12180,26,174921,13,0,0,40,<=50K
12181,27,134152,9,0,0,45,<=50K
12182,57,99364,5,0,0,40,<=50K
12183,18,155905,14,0,0,60,<=50K
12184,30,467108,13,0,0,45,<=50K
12185,34,304622,13,0,0,50,<=50K
12187,60,178050,9,0,0,38,<=50K
12189,39,113151,13,0,0,55,<=50K
12191,27,141795,10,0,0,30,<=50K
12193,65,178771,9,0,0,40,<=50K
12195,27,110648,13,0,0,40,<=50K
12196,32,151053,10,0,0,40,<=50K
12197,45,142871,10,0,0,50,<=50K
12198,18,343161,7,0,0,16,<=50K
12199,27,183523,13,0,0,45,<=50K
12200,57,222216,10,0,0,60,<=50K
12203,26,34393,10,0,0,40,<=50K
12206,49,199590,9,0,0,50,<=50K
12209,53,162576,4,0,0,99,<=50K
12211,22,269474,10,0,0,10,<=50K
12213,26,39640,10,0,0,60,<=50K
12214,50,346014,4,0,0,20,<=50K
12217,57,217886,9,0,0,36,<=50K
12218,21,199915,10,0,0,35,<=50K
12219,58,106546,9,2174,0,40,<=50K
12221,33,88913,10,0,0,40,<=50K
12222,34,288486,7,0,0,40,<=50K
12223,20,227411,10,0,0,20,<=50K
12225,57,201112,12,0,0,40,<=50K
12226,57,123778,9,0,0,48,<=50K
12227,21,204596,12,0,0,8,<=50K
12228,40,190290,10,0,0,40,<=50K
12229,23,196674,10,0,0,40,<=50K
12230,54,108435,9,0,0,20,<=50K
12233,22,262819,10,0,0,40,<=50K
12234,27,171655,9,0,0,42,<=50K
12235,42,183319,3,0,0,40,<=50K
12236,36,127306,9,0,0,47,<=50K
12237,22,68678,9,0,0,40,<=50K
12238,40,140108,5,0,0,40,<=50K
12239,26,263444,9,0,0,45,<=50K
12240,46,265554,9,0,0,40,<=50K
12242,46,20534,13,0,0,45,<=50K
12243,55,188917,9,0,0,40,<=50K
12244,76,98695,10,0,0,20,<=50K
12245,27,411950,13,0,0,60,<=50K
12247,75,187424,9,0,0,20,<=50K
12249,36,139703,14,0,0,40,<=50K
12250,51,152596,9,0,0,40,<=50K
12252,44,82601,13,0,0,40,<=50K
12253,20,229843,10,0,0,20,<=50K
12254,60,122276,3,0,0,45,<=50K
12256,73,92298,7,0,0,15,<=50K
12257,27,390657,9,0,0,40,<=50K
12259,35,314897,4,0,0,40,<=50K
12260,31,166343,9,0,0,50,<=50K
12263,34,849857,9,0,0,40,<=50K
12264,19,307496,10,0,0,16,<=50K
12265,25,324372,9,0,0,40,<=50K
12268,48,148306,14,0,0,40,<=50K
12269,38,259019,9,0,0,44,<=50K
12270,53,224894,3,0,0,10,<=50K
12271,19,258470,9,0,0,40,<=50K
12272,41,197919,9,0,0,60,<=50K
12273,23,213719,12,0,0,36,<=50K
12274,32,226535,9,0,0,40,<=50K
12275,35,146042,10,0,0,40,<=50K
12276,21,180339,11,0,1602,30,<=50K
12277,24,99970,13,0,0,40,<=50K
12278,34,300687,9,0,0,40,<=50K
12280,24,122234,10,0,0,20,<=50K
12281,55,158641,9,0,0,40,<=50K
12282,28,239539,9,0,0,40,<=50K
12283,46,102308,9,0,0,40,<=50K
12284,38,186934,9,0,0,40,<=50K
12285,29,234447,10,0,0,40,<=50K
12287,29,142760,9,0,0,40,<=50K
12289,40,48859,9,0,0,32,<=50K
12290,30,110594,9,0,0,40,<=50K
12291,72,426562,7,0,0,35,<=50K
12292,17,169037,7,0,0,40,<=50K
12293,46,123075,9,0,0,70,<=50K
12294,38,195744,13,0,0,48,<=50K
12295,36,81896,13,0,0,45,<=50K
12296,24,172047,12,0,0,40,<=50K
12297,28,253814,9,0,0,35,<=50K
12298,28,66473,9,0,0,40,<=50K
12302,37,174308,9,0,0,40,<=50K
12305,30,149787,10,0,0,40,<=50K
12306,68,124686,4,0,0,10,<=50K
12307,45,50163,9,0,0,30,<=50K
12308,26,175789,9,0,0,40,<=50K
12309,22,218215,10,0,0,40,<=50K
12310,22,166371,10,0,0,40,<=50K
12312,52,145081,4,0,0,40,<=50K
12313,68,214521,15,0,0,16,<=50K
12315,52,201310,13,0,0,40,<=50K
12316,46,197836,9,0,1672,50,<=50K
12318,17,127366,7,0,0,8,<=50K
12319,29,203697,13,0,0,75,<=50K
12321,45,165232,10,0,0,40,<=50K
12323,30,356689,13,0,0,30,<=50K
12325,45,187226,12,0,0,40,<=50K
12327,40,202565,12,0,0,52,<=50K
12328,38,103925,9,2036,0,20,<=50K
12329,22,112164,10,0,0,40,<=50K
12330,59,70623,4,0,0,85,<=50K
12331,36,102729,10,0,0,40,<=50K
12332,40,558944,4,0,0,40,<=50K
12333,18,256967,6,0,0,40,<=50K
12334,62,144583,9,0,0,40,<=50K
12335,63,102412,9,0,0,40,<=50K
12336,29,159788,14,0,0,80,<=50K
12339,20,271354,9,0,0,40,<=50K
12340,48,98524,12,0,0,45,<=50K
12341,29,272913,9,0,0,30,<=50K
12342,22,324445,9,0,0,40,<=50K
12343,42,155469,12,0,0,24,<=50K
12344,36,102945,11,0,0,40,<=50K
12345,60,291904,6,0,0,40,<=50K
12346,41,186601,9,0,0,40,<=50K
12349,34,176244,4,0,0,40,<=50K
12350,32,117779,9,0,0,35,<=50K
12351,22,34616,10,0,0,20,<=50K
12352,52,169182,5,0,0,25,<=50K
12353,27,180758,12,0,0,40,<=50K
12356,34,101266,13,0,0,62,<=50K
12358,35,142282,10,0,0,25,<=50K
12359,39,103984,13,0,0,40,<=50K
12360,64,187601,10,0,0,40,<=50K
12361,17,36218,7,0,0,20,<=50K
12362,29,106334,14,0,0,40,<=50K
12364,43,110355,9,0,0,45,<=50K
12365,30,117944,9,0,0,25,<=50K
12366,17,163836,6,0,0,12,<=50K
12367,29,145592,9,0,0,40,<=50K
12368,24,108495,10,0,0,40,<=50K
12369,27,212041,13,0,0,50,<=50K
12370,69,182451,13,0,0,40,<=50K
12371,30,124020,9,0,0,40,<=50K
12372,29,199116,9,0,0,40,<=50K
12373,17,144114,6,0,0,40,<=50K
12374,61,107438,4,0,1651,40,<=50K
12375,70,405362,4,0,0,38,<=50K
12377,21,262241,9,0,0,40,<=50K
12379,27,86681,13,0,0,40,<=50K
12380,19,187161,10,0,0,25,<=50K
12382,36,219483,10,0,0,40,<=50K
12384,29,192010,13,0,0,60,<=50K
12386,28,356089,13,0,0,50,<=50K
12387,34,684015,3,0,0,40,<=50K
12388,18,36882,9,0,0,20,<=50K
12389,39,203180,10,0,0,45,<=50K
12390,34,183811,10,0,0,40,<=50K
12391,35,103966,14,0,0,41,<=50K
12392,24,304602,9,0,0,40,<=50K
12393,41,57233,13,0,0,70,<=50K
12395,68,224019,10,0,0,30,<=50K
12396,35,267966,7,0,0,50,<=50K
12397,47,214800,11,0,0,40,<=50K
12398,43,241528,14,0,0,40,<=50K
12399,35,197365,9,0,0,40,<=50K
12400,34,296724,10,0,0,17,<=50K
12401,26,136226,9,0,0,40,<=50K
12402,50,40623,10,0,0,40,<=50K
12403,22,264874,9,0,0,40,<=50K
12404,20,112847,9,0,0,40,<=50K
12405,18,236090,9,0,0,40,<=50K
12406,52,89028,9,0,0,40,<=50K
12407,71,210673,9,0,0,28,<=50K
12408,55,60193,9,0,0,40,<=50K
12409,17,216137,7,0,0,8,<=50K
12410,36,139743,10,0,0,40,<=50K
12411,25,32276,13,0,0,40,<=50K
12413,27,298871,13,0,0,40,<=50K
12414,42,318255,9,0,0,40,<=50K
12415,22,347867,9,0,1719,40,<=50K
12417,34,405386,10,0,0,28,<=50K
12418,31,297188,14,0,0,60,<=50K
12419,24,182342,13,0,0,40,<=50K
12420,41,229148,9,0,0,60,<=50K
12421,30,189620,10,6849,0,40,<=50K
12422,17,413557,7,0,0,32,<=50K
12423,26,246025,9,0,0,20,<=50K
12424,32,390997,2,0,0,50,<=50K
12425,55,102058,6,0,0,45,<=50K
12426,19,247298,8,0,0,20,<=50K
12427,28,140108,14,0,0,50,<=50K
12428,55,216941,9,2885,0,40,<=50K
12430,23,177526,13,0,0,40,<=50K
12431,43,64631,9,0,0,40,<=50K
12432,40,110028,10,0,0,40,<=50K
12434,23,163870,10,0,0,40,<=50K
12436,20,50648,9,0,0,35,<=50K
12437,21,166517,9,0,0,40,<=50K
12438,28,173800,13,0,0,10,<=50K
12439,44,181762,10,0,0,50,<=50K
12440,31,340880,13,0,0,48,<=50K
12441,50,114758,13,4416,0,45,<=50K
12443,28,215014,9,0,0,50,<=50K
12444,34,183778,9,0,0,40,<=50K
12447,23,213955,9,0,2001,40,<=50K
12449,35,205338,9,0,0,40,<=50K
12451,90,225063,10,0,0,10,<=50K
12453,20,281356,9,0,0,40,<=50K
12454,42,30824,14,2354,0,16,<=50K
12455,56,98809,4,5013,0,45,<=50K
12456,31,38223,13,0,0,45,<=50K
12457,23,172232,9,0,0,50,<=50K
12458,60,140544,9,0,0,40,<=50K
12459,28,221366,10,0,0,40,<=50K
12462,44,155930,13,0,0,60,<=50K
12464,27,101709,9,0,0,40,<=50K
12465,49,140121,9,0,0,50,<=50K
12466,48,172709,9,0,0,40,<=50K
12469,27,256764,12,0,0,40,<=50K
12470,31,176185,13,4064,0,40,<=50K
12471,24,223811,10,0,0,40,<=50K
12472,24,201603,9,0,0,30,<=50K
12473,25,138765,10,0,0,40,<=50K
12474,36,133974,11,0,0,40,<=50K
12475,38,137953,9,0,0,45,<=50K
12476,57,103403,3,0,0,40,<=50K
12478,41,70884,9,0,0,40,<=50K
12480,19,148644,9,0,0,40,<=50K
12481,44,190739,9,0,0,32,<=50K
12482,34,299507,11,0,0,40,<=50K
12483,25,211424,13,0,0,40,<=50K
12484,27,106721,9,0,0,40,<=50K
12485,22,192017,9,0,0,40,<=50K
12487,34,119153,7,0,0,50,<=50K
12489,21,50341,10,0,0,38,<=50K
12490,24,140001,10,0,0,40,<=50K
12491,19,220517,10,0,0,15,<=50K
12492,82,52921,10,0,0,3,<=50K
12494,32,148207,11,0,0,40,<=50K
12495,45,151627,10,0,0,45,<=50K
12496,30,402539,9,0,0,40,<=50K
12497,28,188278,13,0,0,55,<=50K
12498,28,96219,13,0,0,5,<=50K
12499,29,340534,9,0,0,44,<=50K
12500,60,160339,10,0,0,40,<=50K
12501,28,120135,11,0,0,40,<=50K
12502,38,303817,10,0,0,40,<=50K
12505,42,160893,10,0,0,23,<=50K
12507,24,241367,10,0,0,40,<=50K
12509,36,193855,9,0,0,40,<=50K
12510,39,80410,13,0,0,40,<=50K
12511,22,554317,5,0,0,35,<=50K
12512,46,85109,10,0,1628,40,<=50K
12513,28,108569,13,0,0,43,<=50K
12514,34,120959,10,0,0,40,<=50K
12515,42,222011,10,0,0,43,<=50K
12516,43,238530,9,0,0,40,<=50K
12517,35,48404,9,0,0,40,<=50K
12518,60,88055,15,3781,0,16,<=50K
12520,22,243923,9,0,0,80,<=50K
12521,39,305597,11,0,0,40,<=50K
12523,39,129764,9,0,0,40,<=50K
12524,37,150993,7,0,0,45,<=50K
12527,48,167967,9,0,0,40,<=50K
12528,33,133278,9,0,0,40,<=50K
12529,65,172510,10,1848,0,20,<=50K
12532,28,263015,6,0,0,40,<=50K
12534,24,232918,13,0,0,20,<=50K
12535,48,143542,9,0,0,40,<=50K
12536,35,45607,10,0,0,40,<=50K
12537,62,29828,9,0,0,40,<=50K
12538,42,104118,10,0,0,40,<=50K
12541,40,205987,15,0,0,40,<=50K
12542,39,143385,9,0,0,40,<=50K
12543,43,200508,13,0,0,40,<=50K
12544,43,186995,9,0,0,40,<=50K
12545,35,54159,9,0,0,38,<=50K
12548,32,349365,10,0,0,65,<=50K
12549,18,283637,10,0,0,40,<=50K
12550,37,70282,12,0,0,40,<=50K
12551,26,166051,13,0,0,40,<=50K
12552,51,193720,9,0,0,42,<=50K
12553,35,124836,10,0,0,36,<=50K
12554,33,236379,13,0,0,45,<=50K
12557,34,191834,11,0,0,48,<=50K
12558,29,420054,9,0,0,40,<=50K
12559,47,160045,10,0,0,35,<=50K
12561,45,190088,9,0,0,30,<=50K
12562,53,126977,9,0,0,35,<=50K
12563,52,63004,14,0,0,40,<=50K
12569,25,66935,9,0,0,35,<=50K
12570,20,344278,7,0,0,40,<=50K
12571,29,108574,11,0,0,40,<=50K
12572,56,244605,9,0,0,40,<=50K
12574,56,219762,9,0,0,35,<=50K
12576,62,77884,9,0,0,40,<=50K
12577,28,70100,13,0,0,60,<=50K
12578,31,213643,9,3908,0,40,<=50K
12579,24,69640,13,0,0,40,<=50K
12580,65,170012,13,0,0,34,<=50K
12581,40,329924,9,0,0,30,<=50K
12582,31,193285,13,0,0,40,<=50K
12583,35,261241,9,0,1741,60,<=50K
12585,20,296618,9,0,0,30,<=50K
12586,30,257796,10,0,0,40,<=50K
12587,25,155320,13,0,0,45,<=50K
12588,22,151888,9,0,0,40,<=50K
12589,65,143118,9,0,2206,10,<=50K
12590,31,66278,10,3908,0,40,<=50K
12592,51,229272,9,0,0,32,<=50K
12593,36,207202,6,0,0,60,<=50K
12594,44,154176,10,0,1590,40,<=50K
12596,28,205337,9,0,0,40,<=50K
12598,33,343021,10,0,0,65,<=50K
12601,48,248059,13,5013,0,45,<=50K
12603,39,185053,9,0,0,40,<=50K
12607,17,285169,7,0,0,40,<=50K
12608,28,175431,5,0,0,40,<=50K
12609,18,152641,6,0,0,40,<=50K
12610,42,339346,14,0,0,25,<=50K
12611,39,287306,10,0,0,40,<=50K
12612,29,70604,9,3464,0,40,<=50K
12613,21,88926,10,0,0,10,<=50K
12614,36,91275,10,0,0,40,<=50K
12615,56,244554,6,0,0,40,<=50K
12616,49,232586,3,0,0,40,<=50K
12617,47,127678,10,0,0,80,<=50K
12618,44,162184,10,0,0,40,<=50K
12619,40,408229,2,0,0,45,<=50K
12621,62,197286,8,0,0,48,<=50K
12623,25,252803,9,0,0,40,<=50K
12625,51,160724,16,0,0,99,<=50K
12626,25,89625,9,0,0,40,<=50K
12627,62,266037,10,0,0,40,<=50K
12628,27,126730,9,0,0,40,<=50K
12629,48,96854,10,0,0,30,<=50K
12630,32,186788,9,0,0,40,<=50K
12631,36,28996,10,0,0,45,<=50K
12632,30,347166,9,0,0,40,<=50K
12633,45,110311,14,0,0,40,<=50K
12634,27,310850,9,0,0,50,<=50K
12635,41,220694,13,0,0,37,<=50K
12636,61,149405,9,0,0,40,<=50K
12637,70,131699,13,0,0,55,<=50K
12638,55,49996,7,0,0,40,<=50K
12639,35,187112,13,0,0,45,<=50K
12640,36,180859,11,0,0,38,<=50K
12641,29,185647,10,0,0,60,<=50K
12642,30,316606,13,0,0,40,<=50K
12643,45,274657,7,0,0,40,<=50K
12644,39,193583,13,5455,0,60,<=50K
12645,18,338836,9,0,0,20,<=50K
12646,28,216814,9,0,0,40,<=50K
12647,27,106935,13,0,0,45,<=50K
12648,38,223433,9,0,0,40,<=50K
12649,33,174789,9,0,0,40,<=50K
12651,25,344719,9,0,0,4,<=50K
12652,38,372484,7,0,0,40,<=50K
12653,23,181820,10,0,0,45,<=50K
12654,40,235371,11,0,0,40,<=50K
12656,20,299399,10,0,0,20,<=50K
12657,41,202508,9,0,0,48,<=50K
12658,44,172025,10,0,0,38,<=50K
12660,22,450920,12,0,0,40,<=50K
12661,26,53598,10,0,0,40,<=50K
12662,47,103757,12,0,0,40,<=50K
12663,48,76017,9,0,0,25,<=50K
12664,28,80158,9,0,0,40,<=50K
12666,44,427952,13,0,0,40,<=50K
12667,20,230955,8,0,0,35,<=50K
12669,36,342642,14,0,0,15,<=50K
12670,77,253642,4,0,0,30,<=50K
12671,21,219086,9,0,0,35,<=50K
12672,24,162593,13,0,0,40,<=50K
12673,30,87561,12,0,0,40,<=50K
12674,51,142411,11,0,0,50,<=50K
12675,22,154422,10,0,0,30,<=50K
12676,23,169104,10,0,0,25,<=50K
12678,17,151141,8,0,0,20,<=50K
12681,34,152453,8,0,0,40,<=50K
12682,19,357059,9,0,0,35,<=50K
12683,42,202011,10,0,0,40,<=50K
12684,23,98283,13,0,0,40,<=50K
12686,63,187919,7,0,0,30,<=50K
12687,65,274916,9,0,0,40,<=50K
12690,35,152734,10,0,0,40,<=50K
12691,21,263641,9,0,0,40,<=50K
12692,48,102076,13,0,0,35,<=50K
12694,43,33331,13,0,0,55,<=50K
12695,22,156773,10,0,0,15,<=50K
12696,56,115439,10,0,0,60,<=50K
12697,47,181652,9,0,0,40,<=50K
12698,26,120268,13,0,0,24,<=50K
12699,39,196308,10,0,0,24,<=50K
12700,45,40690,10,0,0,75,<=50K
12701,49,228583,9,0,0,40,<=50K
12702,23,695136,9,0,0,30,<=50K
12703,69,209236,9,0,0,36,<=50K
12705,40,188436,9,0,0,40,<=50K
12706,25,177625,9,0,0,40,<=50K
12707,52,124591,9,0,0,40,<=50K
12708,28,230856,10,3325,0,50,<=50K
12710,21,232577,11,0,0,30,<=50K
12713,63,237620,9,0,0,30,<=50K
12716,28,224506,10,0,0,40,<=50K
12717,58,183870,9,0,0,40,<=50K
12718,41,208330,10,0,0,51,<=50K
12719,67,168370,10,0,0,40,<=50K
12720,62,320376,9,0,0,48,<=50K
12722,26,167350,8,0,0,40,<=50K
12724,29,58522,9,0,0,40,<=50K
12726,25,193820,14,0,0,35,<=50K
12727,20,258490,10,0,0,35,<=50K
12728,21,56520,10,0,0,40,<=50K
12729,25,102476,13,0,0,50,<=50K
12731,37,166497,9,0,0,38,<=50K
12733,29,338270,9,0,0,40,<=50K
12734,18,282394,10,0,0,21,<=50K
12735,32,383269,13,0,0,40,<=50K
12736,58,119386,11,0,0,60,<=50K
12738,29,334221,10,0,0,18,<=50K
12740,29,133846,10,0,0,40,<=50K
12742,21,230429,9,0,0,35,<=50K
12743,49,328776,9,0,0,40,<=50K
12744,60,243829,14,0,0,50,<=50K
12747,30,280069,10,0,0,48,<=50K
12748,55,305759,9,0,0,40,<=50K
12749,64,164876,9,0,0,20,<=50K
12750,29,138597,12,0,0,40,<=50K
12752,42,144778,9,0,0,50,<=50K
12753,55,171015,9,0,0,40,<=50K
12754,43,112494,9,0,0,45,<=50K
12755,28,408473,8,0,0,40,<=50K
12757,34,236318,9,0,0,40,<=50K
12759,43,315971,14,0,0,40,<=50K
12760,24,698418,10,0,0,25,<=50K
12761,21,329530,7,0,0,40,<=50K
12763,20,282579,10,0,0,40,<=50K
12764,31,26401,14,0,0,25,<=50K
12765,38,364958,9,3464,0,40,<=50K
12766,22,83998,10,0,0,40,<=50K
12767,20,94364,10,0,0,20,<=50K
12768,44,174189,10,0,0,60,<=50K
12769,44,101967,14,0,0,40,<=50K
12771,38,126675,9,0,2205,40,<=50K
12772,21,31606,10,0,0,25,<=50K
12773,24,132327,10,0,0,30,<=50K
12774,24,112459,14,0,0,45,<=50K
12775,28,48894,9,0,0,40,<=50K
12776,39,181943,13,0,0,35,<=50K
12777,48,247685,10,3325,0,40,<=50K
12778,24,195808,9,0,0,40,<=50K
12780,50,50178,10,4064,0,55,<=50K
12781,68,351711,10,0,0,40,<=50K
12782,31,190305,14,0,0,50,<=50K
12783,22,464103,2,0,0,40,<=50K
12784,18,36348,10,0,0,48,<=50K
12785,25,120238,9,0,0,40,<=50K
12786,28,354095,10,0,0,40,<=50K
12787,17,308901,7,0,0,15,<=50K
12788,24,208826,16,0,0,99,<=50K
12789,20,369677,6,0,0,36,<=50K
12791,44,239723,10,1506,0,45,<=50K
12792,57,231232,4,0,0,40,<=50K
12794,24,119156,13,0,0,40,<=50K
12795,22,320451,10,0,0,24,<=50K
12796,41,38397,9,0,0,40,<=50K
12797,51,189183,13,0,0,40,<=50K
12798,46,199281,13,0,0,40,<=50K
12799,52,286342,9,0,0,38,<=50K
12801,26,176981,13,0,0,50,<=50K
12802,17,117549,6,0,0,12,<=50K
12803,64,254797,10,0,0,40,<=50K
12805,28,182826,9,0,0,35,<=50K
12806,51,136224,13,0,0,40,<=50K
12807,39,134475,13,0,1762,40,<=50K
12808,48,272778,10,0,0,32,<=50K
12810,47,110243,7,0,0,40,<=50K
12811,52,202071,9,0,0,40,<=50K
12812,58,197642,10,0,0,39,<=50K
12813,19,125591,7,0,0,40,<=50K
12815,23,238831,10,0,0,40,<=50K
12816,31,182177,13,0,0,40,<=50K
12820,32,207685,9,3908,0,40,<=50K
12821,50,222020,9,0,0,40,<=50K
12822,18,243240,9,0,0,37,<=50K
12823,26,158734,14,0,0,30,<=50K
12824,36,257691,13,0,0,20,<=50K
12825,26,144483,11,594,0,35,<=50K
12826,19,209826,10,0,0,15,<=50K
12828,54,133050,10,0,0,41,<=50K
12829,29,138332,10,0,0,6,<=50K
12830,81,201398,14,0,0,60,<=50K
12833,36,240323,10,0,0,40,<=50K
12834,18,270544,8,0,0,30,<=50K
12835,44,199551,7,0,0,40,<=50K
12836,36,231052,9,0,0,35,<=50K
12838,17,126771,8,0,0,7,<=50K
12840,27,328981,9,0,0,40,<=50K
12841,52,159670,12,0,0,40,<=50K
12842,24,450695,12,0,0,35,<=50K
12843,57,182028,13,0,0,40,<=50K
12844,19,349620,6,0,0,40,<=50K
12845,38,161066,9,0,0,50,<=50K
12846,46,213611,4,0,1594,24,<=50K
12848,29,150861,10,0,0,40,<=50K
12849,33,335625,10,0,0,40,<=50K
12850,26,133766,9,0,0,70,<=50K
12851,28,200511,9,0,0,55,<=50K
12852,26,50103,10,0,0,40,<=50K
12853,37,148266,15,0,0,6,<=50K
12854,49,177211,13,0,0,40,<=50K
12855,28,132686,13,0,0,55,<=50K
12856,57,21626,10,0,0,40,<=50K
12857,60,52900,4,0,0,40,<=50K
12858,20,150084,9,0,0,25,<=50K
12859,38,248886,9,0,0,42,<=50K
12860,51,118259,9,3137,0,60,<=50K
12861,60,145493,10,0,0,40,<=50K
12862,37,219546,13,3411,0,47,<=50K
12863,44,399155,9,0,0,40,<=50K
12864,19,227310,10,0,0,25,<=50K
12865,59,333270,14,0,0,35,<=50K
12866,50,231495,9,0,0,40,<=50K
12868,46,55237,10,0,0,40,<=50K
12869,18,183034,10,0,0,35,<=50K
12870,32,245487,3,0,0,40,<=50K
12871,32,185480,11,0,0,40,<=50K
12873,25,181814,9,0,0,40,<=50K
12877,36,34744,12,0,0,37,<=50K
12880,56,124137,9,0,0,41,<=50K
12881,17,96282,6,0,0,14,<=50K
12883,56,229335,9,0,0,40,<=50K
12884,61,199495,8,0,0,40,<=50K
12885,25,111675,10,0,0,43,<=50K
12886,27,139209,9,0,0,40,<=50K
12887,50,32372,9,0,0,30,<=50K
12888,33,203784,11,0,0,62,<=50K
12890,38,64875,10,0,0,60,<=50K
12891,51,41806,7,0,0,40,<=50K
12892,27,208725,12,0,0,42,<=50K
12893,49,79019,14,0,0,16,<=50K
12894,26,136951,9,0,0,40,<=50K
12896,37,252947,13,0,1719,32,<=50K
12897,38,170861,10,0,0,40,<=50K
12900,33,195576,9,4386,0,60,<=50K
12901,30,182177,9,0,0,40,<=50K
12902,25,183678,13,0,0,50,<=50K
12905,37,168941,7,0,0,40,<=50K
12907,17,75333,6,0,0,24,<=50K
12908,65,299494,7,1797,0,40,<=50K
12910,57,139290,9,0,0,38,<=50K
12911,33,400416,6,0,0,20,<=50K
12912,41,223763,14,0,0,65,<=50K
12913,45,77927,13,0,0,40,<=50K
12914,50,175804,9,0,0,48,<=50K
12915,18,91525,9,0,0,25,<=50K
12916,19,279968,10,0,0,20,<=50K
12917,26,77698,10,0,0,40,<=50K
12919,67,190340,7,0,0,40,<=50K
12921,29,202878,9,0,0,50,<=50K
12922,27,108431,10,0,0,40,<=50K
12923,35,194490,9,0,0,38,<=50K
12925,22,136824,7,0,0,40,<=50K
12926,25,143280,6,0,0,24,<=50K
12927,26,150062,9,0,0,50,<=50K
12928,27,298510,9,0,0,40,<=50K
12929,26,177147,13,6849,0,65,<=50K
12930,51,115025,9,0,0,40,<=50K
12932,60,83850,9,0,0,40,<=50K
12934,24,229773,9,0,0,40,<=50K
12935,40,196234,9,0,0,40,<=50K
12936,69,163595,9,0,0,20,<=50K
12938,65,80174,9,1848,0,50,<=50K
12940,38,122952,9,0,0,35,<=50K
12941,18,123856,7,0,0,49,<=50K
12942,24,216181,11,0,0,40,<=50K
12943,52,180062,10,0,0,60,<=50K
12944,21,188535,9,0,0,44,<=50K
12946,64,170421,10,0,0,8,<=50K
12947,25,283087,10,0,0,40,<=50K
12949,39,34378,9,0,0,50,<=50K
12950,26,380674,9,0,0,52,<=50K
12951,19,304469,6,0,0,25,<=50K
12953,26,205109,14,0,0,40,<=50K
12954,38,99156,9,0,0,35,<=50K
12955,45,97842,10,0,0,65,<=50K
12956,18,100875,7,0,0,28,<=50K
12957,51,200576,10,0,0,63,<=50K
12958,36,355053,9,0,0,28,<=50K
12959,18,118376,10,0,0,16,<=50K
12960,37,117760,11,4650,0,40,<=50K
12963,21,170108,10,0,0,40,<=50K
12965,33,192663,9,0,0,35,<=50K
12966,23,526164,13,0,0,40,<=50K
12967,52,146579,9,0,0,40,<=50K
12968,28,60288,9,0,0,40,<=50K
12969,23,241951,10,0,0,40,<=50K
12971,17,218124,7,0,0,20,<=50K
12972,22,279802,10,0,0,3,<=50K
12974,40,167919,9,0,0,40,<=50K
12975,90,250832,6,0,0,40,<=50K
12976,28,193158,9,0,0,40,<=50K
12977,44,172032,9,0,0,40,<=50K
12981,17,262196,6,0,0,8,<=50K
12983,27,134890,13,0,0,50,<=50K
12984,60,261119,9,0,0,40,<=50K
12985,33,119409,9,0,0,40,<=50K
12987,19,184207,10,0,0,40,<=50K
12988,28,191027,9,0,0,40,<=50K
12989,22,207782,12,0,0,20,<=50K
12990,48,209146,9,0,0,60,<=50K
12991,76,79445,6,1173,0,40,<=50K
12992,19,187724,10,0,0,25,<=50K
12993,28,66777,11,3137,0,40,<=50K
12994,58,158002,10,0,0,40,<=50K
12995,19,305834,10,0,0,25,<=50K
12996,37,122265,9,0,0,42,<=50K
12997,22,211798,10,0,0,40,<=50K
12999,31,36302,13,0,0,50,<=50K
13000,50,176867,16,3781,0,40,<=50K
13001,62,169204,9,0,0,40,<=50K
13002,26,38232,13,0,0,50,<=50K
13003,64,277657,9,0,0,24,<=50K
13004,38,32271,10,0,0,40,<=50K
13006,28,226198,9,0,0,40,<=50K
13007,19,28145,9,0,0,52,<=50K
13008,39,140477,9,0,0,10,<=50K
13011,36,316298,13,0,0,40,<=50K
13012,39,203070,11,0,0,49,<=50K
13013,51,103995,12,0,0,25,<=50K
13014,28,176137,9,0,0,32,<=50K
13016,40,39581,15,0,0,40,<=50K
13017,27,506436,10,0,0,40,<=50K
13018,32,226975,10,0,1876,60,<=50K
13019,49,154493,9,0,0,44,<=50K
13020,34,137223,6,0,0,40,<=50K
13021,24,102323,9,0,0,40,<=50K
13022,54,257765,4,0,0,40,<=50K
13023,52,42924,8,0,0,45,<=50K
13024,43,167599,7,0,0,25,<=50K
13025,84,368925,3,0,0,15,<=50K
13027,35,52738,10,0,0,46,<=50K
13028,56,98418,9,0,0,30,<=50K
13029,30,381153,9,0,0,40,<=50K
13030,54,103700,9,0,0,40,<=50K
13031,35,298635,13,0,0,50,<=50K
13032,32,127895,10,0,0,40,<=50K
13034,32,281384,9,0,0,10,<=50K
13035,60,181200,8,0,0,40,<=50K
13036,40,257364,10,0,0,45,<=50K
13037,50,283281,4,0,0,40,<=50K
13041,53,95864,9,0,0,35,<=50K
13043,17,275778,5,0,0,25,<=50K
13044,45,27332,9,0,0,40,<=50K
13045,23,24395,9,0,0,30,<=50K
13046,25,330695,10,0,0,50,<=50K
13048,28,116372,13,0,0,60,<=50K
13049,27,38599,8,0,0,40,<=50K
13050,19,202184,10,0,0,15,<=50K
13051,24,315303,9,0,0,25,<=50K
13052,38,103456,13,0,0,40,<=50K
13053,24,163480,14,0,0,40,<=50K
13054,18,317425,7,0,0,7,<=50K
13055,58,216941,9,0,0,40,<=50K
13057,43,186396,5,0,0,20,<=50K
13058,45,273194,9,3137,0,35,<=50K
13059,24,385540,9,0,0,40,<=50K
13060,63,201631,5,0,0,40,<=50K
13061,40,439919,5,0,0,40,<=50K
13062,21,182117,13,0,0,20,<=50K
13063,20,334113,10,0,0,40,<=50K
13066,47,211123,9,0,0,40,<=50K
13067,48,38819,9,0,0,36,<=50K
13068,61,162391,4,0,1651,40,<=50K
13069,23,302836,12,0,0,40,<=50K
13071,46,264210,10,0,0,20,<=50K
13072,18,87157,8,0,0,25,<=50K
13074,62,123612,13,0,0,4,<=50K
13075,20,155818,9,0,0,20,<=50K
13076,28,243660,9,0,0,40,<=50K
13077,57,134195,9,0,0,40,<=50K
13078,56,238638,4,0,0,40,<=50K
13079,33,159929,9,0,0,40,<=50K
13080,19,198668,9,0,0,40,<=50K
13081,29,215504,9,0,0,40,<=50K
13082,30,158002,10,0,0,55,<=50K
13083,53,35305,13,0,0,57,<=50K
13084,25,195994,2,0,0,40,<=50K
13085,44,321824,9,0,0,38,<=50K
13086,22,180449,10,0,0,28,<=50K
13087,40,201764,9,0,0,40,<=50K
13088,25,250038,11,0,0,40,<=50K
13089,30,226535,4,0,0,40,<=50K
13090,51,136121,11,0,0,38,<=50K
13091,17,47199,7,0,0,24,<=50K
13094,34,734193,10,0,0,50,<=50K
13095,42,321086,14,0,0,50,<=50K
13096,41,192589,13,0,0,40,<=50K
13097,32,326283,13,0,0,40,<=50K
13098,32,207284,9,0,0,40,<=50K
13099,47,109089,10,0,0,70,<=50K
13100,50,274528,10,0,0,40,<=50K
13101,77,142646,4,0,0,23,<=50K
13102,33,180859,9,0,0,40,<=50K
13103,47,188610,9,0,0,48,<=50K
13104,64,169604,7,0,0,40,<=50K
13105,34,260560,9,0,0,50,<=50K
13106,34,188245,9,0,0,35,<=50K
13108,37,52465,9,0,0,40,<=50K
13110,22,195143,10,0,0,29,<=50K
13111,50,219420,16,0,0,64,<=50K
13113,46,183168,13,0,0,43,<=50K
13115,43,168412,9,0,0,44,<=50K
13117,36,544686,9,2907,0,40,<=50K
13118,48,95661,10,0,0,43,<=50K
13119,37,468713,10,0,0,40,<=50K
13122,27,110622,3,0,0,20,<=50K
13124,23,181557,9,0,0,25,<=50K
13126,37,192251,6,2635,0,40,<=50K
13127,35,146091,10,0,0,40,<=50K
13129,49,200949,6,0,0,38,<=50K
13131,71,149386,9,0,0,9,<=50K
13133,63,38352,9,0,0,40,<=50K
13134,41,180272,14,0,0,35,<=50K
13135,24,275421,10,0,0,40,<=50K
13136,41,173051,10,0,0,45,<=50K
13137,33,167474,12,0,0,40,<=50K
13138,42,267138,10,0,0,40,<=50K
13139,23,135138,13,0,0,40,<=50K
13140,49,218357,11,0,0,38,<=50K
13141,28,107236,8,0,0,40,<=50K
13142,31,138416,3,0,0,56,<=50K
13143,28,154863,13,0,0,35,<=50K
13144,37,194004,7,0,0,25,<=50K
13145,19,339123,10,0,0,40,<=50K
13146,51,548361,13,0,0,26,<=50K
13147,25,101812,11,0,0,41,<=50K
13148,49,127111,9,0,0,50,<=50K
13149,47,171807,9,0,0,45,<=50K
13150,48,40666,9,0,0,40,<=50K
13151,41,340682,9,0,0,40,<=50K
13152,32,175052,9,0,0,40,<=50K
13153,26,321629,9,0,0,16,<=50K
13154,46,154405,9,0,0,40,<=50K
13155,17,108402,6,0,0,20,<=50K
13156,34,346275,7,0,0,43,<=50K
13157,44,42476,9,0,0,30,<=50K
13158,23,161708,12,0,0,20,<=50K
13159,35,70447,10,4650,0,20,<=50K
13160,30,189759,13,4865,0,40,<=50K
13161,65,137354,10,0,0,20,<=50K
13162,34,250724,13,0,0,45,<=50K
13164,39,154641,11,0,0,40,<=50K
13165,28,38309,11,2407,0,40,<=50K
13167,34,56150,7,0,0,40,<=50K
13168,21,260254,9,0,0,40,<=50K
13169,53,108083,4,0,0,45,<=50K
13171,32,174215,10,0,0,40,<=50K
13172,39,114366,13,0,0,35,<=50K
13173,39,158962,10,0,0,40,<=50K
13174,29,179498,9,0,0,40,<=50K
13175,29,31935,9,0,0,40,<=50K
13177,20,58740,10,0,0,15,<=50K
13178,39,216552,14,0,0,40,<=50K
13179,45,255348,10,0,0,40,<=50K
13180,36,176050,10,0,0,40,<=50K
13181,71,125101,11,0,0,40,<=50K
13182,62,197286,9,0,0,40,<=50K
13183,43,337469,10,594,0,20,<=50K
13184,31,159737,9,0,0,58,<=50K
13188,19,265576,9,0,0,50,<=50K
13190,32,62374,11,0,0,40,<=50K
13191,43,170230,13,0,0,60,<=50K
13192,34,203051,13,0,0,27,<=50K
13193,66,115880,10,0,0,40,<=50K
13195,46,181413,12,0,0,40,<=50K
13196,23,185554,13,0,0,40,<=50K
13198,63,225102,9,0,0,40,<=50K
13203,63,334741,9,0,0,20,<=50K
13205,30,131584,11,0,0,60,<=50K
13211,28,70240,9,0,0,40,<=50K
13213,37,341672,13,0,0,40,<=50K
13215,22,289982,13,0,0,35,<=50K
13216,54,76344,13,0,0,50,<=50K
13217,21,200973,10,0,0,20,<=50K
13218,36,111377,6,0,0,40,<=50K
13219,62,136684,9,0,0,30,<=50K
13221,47,166894,10,0,0,40,<=50K
13223,28,155621,3,0,0,40,<=50K
13224,46,102597,13,0,0,40,<=50K
13225,22,60331,10,0,0,35,<=50K
13226,37,75024,9,0,0,25,<=50K
13227,69,174474,6,0,0,28,<=50K
13230,20,691830,9,0,0,35,<=50K
13231,22,189203,13,0,0,50,<=50K
13232,48,115784,5,0,0,44,<=50K
13234,68,407338,10,0,0,20,<=50K
13235,39,52978,10,0,1721,55,<=50K
13237,23,315065,6,0,0,60,<=50K
13239,22,63105,9,0,0,40,<=50K
13240,23,520775,8,0,0,30,<=50K
13242,25,145434,10,0,0,25,<=50K
13243,58,56392,10,0,0,40,<=50K
13244,33,162312,9,0,0,45,<=50K
13245,28,204074,14,0,0,48,<=50K
13246,19,99246,7,0,0,25,<=50K
13247,44,102085,10,0,0,40,<=50K
13248,68,168794,1,0,0,10,<=50K
13250,24,233419,9,0,0,40,<=50K
13251,44,57233,9,0,0,50,<=50K
13253,31,442429,9,0,0,40,<=50K
13254,29,369114,9,0,0,40,<=50K
13255,65,261334,5,0,0,40,<=50K
13256,55,160303,9,0,0,40,<=50K
13257,49,50474,9,0,0,40,<=50K
13258,27,321577,9,0,0,40,<=50K
13259,41,29591,9,0,0,30,<=50K
13261,22,269474,9,0,0,40,<=50K
13263,66,33619,9,0,0,4,<=50K
13264,38,149347,10,0,0,60,<=50K
13266,40,370502,10,0,0,40,<=50K
13268,30,167558,9,0,0,35,<=50K
13269,35,292185,13,0,0,40,<=50K
13271,33,70164,13,0,0,60,<=50K
13273,33,175502,13,0,0,60,<=50K
13275,27,177351,13,0,0,45,<=50K
13276,22,212114,13,0,0,15,<=50K
13277,26,288959,9,0,0,36,<=50K
13278,64,231619,9,0,0,21,<=50K
13279,48,146919,10,0,0,45,<=50K
13280,23,388811,9,0,0,40,<=50K
13281,26,243560,10,0,0,40,<=50K
13282,35,98360,13,0,0,40,<=50K
13284,65,31740,10,0,0,45,<=50K
13285,53,223660,9,6849,0,40,<=50K
13286,18,333611,3,0,0,54,<=50K
13288,28,76129,9,0,0,40,<=50K
13290,61,166855,13,0,0,10,<=50K
13291,59,182062,13,5013,0,40,<=50K
13293,31,43953,13,0,0,35,<=50K
13294,25,84224,13,0,0,40,<=50K
13295,81,100675,2,0,0,15,<=50K
13296,47,155509,9,0,0,35,<=50K
13297,39,29814,9,0,0,40,<=50K
13298,37,241805,10,0,0,30,<=50K
13300,37,240810,12,0,0,45,<=50K
13302,27,175552,3,0,0,40,<=50K
13305,22,433669,12,0,0,36,<=50K
13306,23,233626,13,0,0,25,<=50K
13307,19,607799,9,0,0,60,<=50K
13309,36,127809,9,0,0,30,<=50K
13311,48,177211,7,0,0,40,<=50K
13312,39,231180,9,0,0,50,<=50K
13313,29,253856,13,0,0,20,<=50K
13314,39,177075,9,0,0,40,<=50K
13315,26,152855,9,0,0,40,<=50K
13316,37,191137,12,0,0,25,<=50K
13318,27,169815,13,0,0,40,<=50K
13319,28,221215,6,0,0,40,<=50K
13320,35,270059,10,0,0,30,<=50K
13321,54,31588,9,2635,0,40,<=50K
13322,17,345403,6,0,0,40,<=50K
13323,18,194897,9,0,0,40,<=50K
13324,33,388741,10,0,0,38,<=50K
13325,33,355856,12,0,0,60,<=50K
13326,51,122109,10,0,0,35,<=50K
13327,49,75673,9,0,0,40,<=50K
13328,49,141058,10,0,2339,50,<=50K
13330,64,221343,2,0,0,12,<=50K
13332,49,203505,9,0,0,40,<=50K
13333,23,125106,13,0,0,40,<=50K
13334,34,139890,10,0,0,40,<=50K
13336,47,28035,10,0,0,86,<=50K
13337,30,43953,9,0,1974,40,<=50K
13339,23,55890,13,0,0,40,<=50K
13340,47,255934,10,0,0,80,<=50K
13341,61,168654,9,0,0,40,<=50K
13342,47,39986,13,0,0,40,<=50K
13344,20,206681,8,0,0,55,<=50K
13347,38,177273,9,0,0,35,<=50K
13349,56,146326,9,0,0,50,<=50K
13350,32,187901,11,0,0,23,<=50K
13354,19,212468,10,0,0,15,<=50K
13355,20,84726,10,0,0,40,<=50K
13356,42,137907,9,0,0,35,<=50K
13358,38,254114,10,0,0,40,<=50K
13360,35,190895,13,0,0,25,<=50K
13361,24,317443,13,0,0,40,<=50K
13362,40,375603,9,0,0,40,<=50K
13363,21,203076,9,0,0,35,<=50K
13364,49,53893,9,0,0,40,<=50K
13365,18,171748,10,0,0,24,<=50K
13367,52,204584,13,0,0,42,<=50K
13368,27,660870,13,0,0,60,<=50K
13369,20,105686,9,0,0,40,<=50K
13371,31,148607,10,0,0,40,<=50K
13372,25,255849,9,0,0,40,<=50K
13373,19,255921,10,0,0,20,<=50K
13374,33,113326,10,0,0,50,<=50K
13375,23,440456,13,0,0,40,<=50K
13376,34,105493,14,0,0,40,<=50K
13378,37,89491,14,0,0,40,<=50K
13379,25,171818,13,0,0,40,<=50K
13380,40,51151,11,0,0,40,<=50K
13381,33,188957,13,0,0,40,<=50K
13382,31,97933,10,0,0,40,<=50K
13383,32,195447,13,0,0,45,<=50K
13386,32,203408,9,0,0,44,<=50K
13387,29,148182,9,0,0,40,<=50K
13388,26,211497,10,0,0,40,<=50K
13389,39,48063,10,0,0,60,<=50K
13391,54,185407,10,0,0,40,<=50K
13392,57,225927,6,0,0,40,<=50K
13393,23,314525,13,0,0,40,<=50K
13396,31,209538,6,0,0,40,<=50K
13397,49,177114,14,0,0,60,<=50K
13398,50,173754,9,0,0,40,<=50K
13399,46,121370,9,0,0,30,<=50K
13400,37,67125,9,0,0,60,<=50K
13401,26,67240,9,0,0,40,<=50K
13402,27,198346,13,0,0,35,<=50K
13403,24,141003,10,0,0,25,<=50K
13404,24,60668,9,0,0,40,<=50K
13405,29,104256,9,0,0,34,<=50K
13407,33,155151,10,0,1740,50,<=50K
13408,26,177720,12,0,0,45,<=50K
13409,20,39615,10,0,0,40,<=50K
13411,57,25045,13,2174,0,37,<=50K
13412,36,112264,9,0,0,50,<=50K
13413,25,169100,14,0,0,40,<=50K
13415,39,291665,9,4508,0,24,<=50K
13417,18,270502,7,0,0,20,<=50K
13418,46,125487,11,0,0,40,<=50K
13420,41,112763,9,0,0,40,<=50K
13421,50,108926,10,0,0,40,<=50K
13423,36,109766,13,0,0,60,<=50K
13424,38,226106,10,0,0,40,<=50K
13425,75,92792,9,0,0,35,<=50K
13428,25,231638,9,0,0,40,<=50K
13429,31,120461,10,0,0,40,<=50K
13430,49,33673,8,0,0,35,<=50K
13431,34,191385,9,0,0,48,<=50K
13432,31,229946,9,0,0,40,<=50K
13433,47,160131,10,0,0,40,<=50K
13435,18,126021,9,0,0,20,<=50K
13436,47,27815,5,0,1719,30,<=50K
13437,42,203542,9,0,0,40,<=50K
13438,29,144592,13,0,0,40,<=50K
13439,38,223004,10,0,0,75,<=50K
13440,22,183257,10,0,0,20,<=50K
13441,32,172714,9,0,0,40,<=50K
13442,20,131611,10,0,0,48,<=50K
13443,41,253060,15,0,0,50,<=50K
13445,44,138966,9,0,0,38,<=50K
13446,35,385412,13,0,0,40,<=50K
13447,18,184101,10,0,0,25,<=50K
13449,36,135786,5,0,0,25,<=50K
13450,30,227359,10,0,0,40,<=50K
13452,21,83033,10,2176,0,20,<=50K
13453,25,172581,13,0,0,40,<=50K
13454,56,274111,14,0,1669,40,<=50K
13456,26,483822,4,0,0,40,<=50K
13458,48,152953,4,0,0,32,<=50K
13459,35,239755,10,0,0,50,<=50K
13461,19,200136,10,0,0,20,<=50K
13462,55,111625,9,0,0,40,<=50K
13464,45,162915,10,0,0,50,<=50K
13465,29,116662,13,0,0,40,<=50K
13467,65,225580,9,0,0,20,<=50K
13468,30,169104,12,0,0,40,<=50K
13469,43,212894,10,0,0,40,<=50K
13470,61,93997,4,0,0,40,<=50K
13471,22,189924,10,0,0,50,<=50K
13472,23,274424,7,0,0,40,<=50K
13473,34,188246,9,0,0,40,<=50K
13474,51,284211,9,0,0,35,<=50K
13475,21,198259,10,0,0,15,<=50K
13476,31,368517,12,0,0,40,<=50K
13477,34,168768,12,0,0,35,<=50K
13481,21,173324,10,0,0,20,<=50K
13482,75,31195,9,0,0,20,<=50K
13484,43,176069,9,0,0,16,<=50K
13485,31,215297,9,0,0,45,<=50K
13486,41,198425,10,0,0,45,<=50K
13487,26,180957,14,0,0,50,<=50K
13488,23,206129,11,0,0,40,<=50K
13489,42,65950,9,0,0,40,<=50K
13490,29,197618,9,0,0,40,<=50K
13491,21,185357,9,0,0,50,<=50K
13492,28,134890,13,0,0,40,<=50K
13493,64,193043,9,0,0,40,<=50K
13494,35,153633,10,0,0,40,<=50K
13495,65,115890,13,0,0,20,<=50K
13496,34,394447,13,2463,0,50,<=50K
13497,58,343957,13,0,0,50,<=50K
13500,59,159048,9,0,0,40,<=50K
13503,28,31778,13,0,0,40,<=50K
13504,51,157327,3,0,0,8,<=50K
13507,34,236543,9,0,0,40,<=50K
13508,51,194475,10,0,0,40,<=50K
13509,41,303510,9,0,0,40,<=50K
13511,28,39388,11,0,0,60,<=50K
13512,62,197218,9,0,0,18,<=50K
13513,22,151991,10,0,0,20,<=50K
13515,34,267352,7,0,0,30,<=50K
13517,37,186035,12,0,0,55,<=50K
13518,21,47541,9,0,0,40,<=50K
13519,49,151107,9,0,0,40,<=50K
13520,24,500509,9,0,0,40,<=50K
13522,20,225515,10,0,0,24,<=50K
13524,40,169885,9,0,0,40,<=50K
13525,19,112780,10,0,0,30,<=50K
13526,31,175778,13,0,0,40,<=50K
13530,39,174330,9,0,0,40,<=50K
13531,50,35224,9,0,0,40,<=50K
13532,52,175622,11,0,0,40,<=50K
13533,44,164678,14,0,0,45,<=50K
13536,17,181317,6,0,0,35,<=50K
13537,33,177945,9,0,0,40,<=50K
13538,28,47168,6,0,0,40,<=50K
13539,39,190023,13,0,0,60,<=50K
13540,33,168782,11,0,0,40,<=50K
13541,59,175290,4,0,0,32,<=50K
13542,74,145463,2,0,0,15,<=50K
13544,31,113364,12,0,0,55,<=50K
13545,31,487742,10,0,0,40,<=50K
13546,20,304710,10,0,0,20,<=50K
13548,42,212894,11,2407,0,40,<=50K
13549,57,315460,15,0,0,36,<=50K
13550,49,135643,9,0,0,40,<=50K
13552,19,117444,9,0,0,30,<=50K
13553,38,202683,9,0,0,40,<=50K
13556,32,227160,10,0,0,40,<=50K
13557,57,158077,13,0,0,40,<=50K
13559,25,193701,13,0,0,38,<=50K
13560,40,143046,13,0,0,45,<=50K
13562,35,188563,9,0,0,50,<=50K
13563,53,35102,10,0,0,34,<=50K
13564,21,203055,10,0,0,40,<=50K
13565,43,309932,13,0,0,40,<=50K
13566,43,243432,9,0,0,60,<=50K
13567,22,177107,11,0,0,35,<=50K
13568,64,113929,9,0,0,35,<=50K
13569,19,291509,8,0,0,28,<=50K
13570,40,222011,14,3325,0,40,<=50K
13571,34,186824,9,0,0,70,<=50K
13572,46,192768,9,0,0,40,<=50K
13573,35,234962,9,0,0,40,<=50K
13574,32,83253,10,0,0,60,<=50K
13575,26,248990,10,0,0,40,<=50K
13576,25,346159,9,0,0,40,<=50K
13578,22,60552,10,0,0,40,<=50K
13579,29,33798,10,0,0,20,<=50K
13580,38,112158,9,0,0,99,<=50K
13581,55,200992,10,0,0,35,<=50K
13582,26,98155,9,0,0,40,<=50K
13583,34,79586,13,0,0,60,<=50K
13584,25,143062,9,0,0,40,<=50K
13585,39,101146,9,4650,0,40,<=50K
13586,18,284450,7,0,0,25,<=50K
13587,58,159021,5,0,0,40,<=50K
13588,34,353270,11,0,0,40,<=50K
13589,29,162312,10,0,0,45,<=50K
13591,38,181943,13,0,0,35,<=50K
13592,21,163595,10,0,0,35,<=50K
13595,29,58744,12,0,0,60,<=50K
13596,48,116641,9,0,0,45,<=50K
13597,40,69333,13,0,0,40,<=50K
13600,57,253914,2,0,0,35,<=50K
13601,24,89154,5,0,0,40,<=50K
13602,32,372317,5,0,0,23,<=50K
13603,18,296090,9,0,0,48,<=50K
13604,39,192614,9,0,0,56,<=50K
13605,39,403489,7,0,0,40,<=50K
13606,18,169652,7,0,0,12,<=50K
13607,20,217467,10,0,0,40,<=50K
13608,27,162104,5,0,0,40,<=50K
13609,54,175912,6,0,0,40,<=50K
13611,27,149624,10,0,0,30,<=50K
13612,27,289147,9,0,0,40,<=50K
13613,43,347720,13,0,0,50,<=50K
13614,22,406978,13,0,0,40,<=50K
13615,17,193199,7,0,0,12,<=50K
13617,49,173115,6,4416,0,99,<=50K
13618,33,333701,11,0,0,40,<=50K
13619,21,48121,10,0,1602,10,<=50K
13620,45,186256,9,0,0,40,<=50K
13621,33,104525,9,0,0,40,<=50K
13622,25,104097,13,2829,0,60,<=50K
13623,71,212806,9,0,0,36,<=50K
13624,23,203353,13,0,0,45,<=50K
13626,21,270043,6,0,0,30,<=50K
13627,47,218435,9,0,0,20,<=50K
13628,30,154120,13,0,0,65,<=50K
13629,40,193537,10,0,0,40,<=50K
13630,44,84535,10,0,0,48,<=50K
13632,31,157673,9,0,0,40,<=50K
13633,68,217424,9,0,0,24,<=50K
13634,45,358886,8,2407,0,50,<=50K
13635,38,186191,13,0,0,40,<=50K
13636,78,212660,7,0,0,10,<=50K
13637,31,31740,11,0,0,55,<=50K
13638,39,498785,9,0,0,40,<=50K
13640,46,162566,14,0,0,50,<=50K
13642,34,206609,10,0,0,35,<=50K
13643,30,423064,9,0,0,35,<=50K
13646,62,129246,9,0,0,40,<=50K
13647,44,195486,9,0,0,70,<=50K
13648,40,114580,9,0,0,40,<=50K
13649,20,119215,10,0,0,40,<=50K
13652,51,144084,9,0,0,40,<=50K
13653,38,358682,10,0,0,40,<=50K
13656,30,101345,9,0,0,26,<=50K
13657,20,117618,10,0,0,40,<=50K
13658,34,231238,5,0,0,40,<=50K
13659,42,143046,9,0,0,40,<=50K
13662,62,88579,9,0,0,38,<=50K
13663,21,240517,10,0,0,70,<=50K
13664,58,156649,2,0,0,40,<=50K
13665,30,143392,13,0,0,40,<=50K
13666,37,365465,9,0,0,70,<=50K
13667,22,264710,13,0,0,40,<=50K
13668,64,223830,5,0,0,38,<=50K
13670,43,242521,9,0,0,40,<=50K
13671,34,124569,10,0,0,40,<=50K
13672,25,209230,9,0,0,6,<=50K
13673,21,162228,10,0,0,40,<=50K
13676,24,137876,9,0,0,50,<=50K
13677,70,347910,10,0,0,35,<=50K
13678,27,138917,13,0,0,35,<=50K
13679,34,532379,10,0,0,40,<=50K
13680,57,31532,13,0,0,40,<=50K
13681,37,30973,9,0,0,40,<=50K
13683,32,295282,9,0,0,48,<=50K
13684,42,190786,11,0,0,40,<=50K
13685,24,246207,13,0,0,40,<=50K
13686,50,130780,9,0,0,40,<=50K
13687,36,186212,12,0,0,50,<=50K
13688,42,175526,9,0,0,40,<=50K
13689,40,207025,9,6849,0,38,<=50K
13690,39,82622,13,0,0,45,<=50K
13692,38,318886,13,0,0,52,<=50K
13693,18,256005,9,0,0,40,<=50K
13694,63,217715,3,0,0,3,<=50K
13696,82,240491,9,0,0,40,<=50K
13697,33,154120,9,0,0,45,<=50K
13698,37,69251,10,0,0,40,<=50K
13699,24,333505,9,0,0,40,<=50K
13700,31,168521,13,0,0,50,<=50K
13701,59,193568,9,0,0,40,<=50K
13702,18,426895,8,0,0,55,<=50K
13703,47,131826,10,0,0,40,<=50K
13704,48,79646,7,0,0,50,<=50K
13705,27,167031,13,0,0,33,<=50K
13706,34,73199,7,0,0,40,<=50K
13707,50,114056,11,0,0,84,<=50K
13708,57,110417,10,0,0,75,<=50K
13709,60,33266,9,0,0,40,<=50K
13712,18,27780,9,0,0,25,<=50K
13713,26,142914,12,0,0,75,<=50K
13715,20,314422,9,0,0,30,<=50K
13716,29,273771,14,0,0,45,<=50K
13717,30,175083,9,0,0,52,<=50K
13718,21,63665,10,0,0,15,<=50K
13719,24,193416,10,0,0,40,<=50K
13720,51,74275,9,0,0,40,<=50K
13721,31,122609,9,0,0,40,<=50K
13723,36,116892,10,0,0,40,<=50K
13724,29,196971,13,0,0,72,<=50K
13725,20,105312,9,0,0,35,<=50K
13726,46,108699,10,0,0,60,<=50K
13727,44,171615,9,0,0,45,<=50K
13728,39,388023,9,0,0,38,<=50K
13729,39,181553,13,0,0,55,<=50K
13731,28,187479,10,0,0,55,<=50K
13732,44,277720,10,0,0,35,<=50K
13734,27,220754,9,0,0,70,<=50K
13735,34,209768,9,0,0,40,<=50K
13736,35,93225,9,0,0,40,<=50K
13737,28,341709,9,0,0,40,<=50K
13738,25,236242,15,0,0,30,<=50K
13739,21,121889,10,0,0,20,<=50K
13740,18,318190,7,0,0,15,<=50K
13741,63,111306,4,0,0,10,<=50K
13742,18,198614,7,0,0,8,<=50K
13743,32,193231,9,0,0,40,<=50K
13744,25,104614,7,0,0,40,<=50K
13745,19,172368,7,0,0,20,<=50K
13746,23,60331,10,0,0,60,<=50K
13747,38,154568,14,0,0,40,<=50K
13749,43,138184,9,0,1762,35,<=50K
13751,30,208068,9,0,0,40,<=50K
13752,46,181810,9,4064,0,40,<=50K
13753,24,283918,10,0,0,25,<=50K
13755,23,37783,10,0,0,40,<=50K
13756,27,263552,9,0,0,50,<=50K
13757,48,255439,10,0,0,40,<=50K
13758,31,344275,9,0,0,44,<=50K
13759,31,70568,2,0,0,25,<=50K
13760,18,127827,8,0,0,25,<=50K
13761,36,185203,9,0,0,40,<=50K
13763,51,136322,9,0,1579,40,<=50K
13764,22,187052,9,0,0,40,<=50K
13765,72,177769,6,0,0,15,<=50K
13766,61,68268,6,0,0,55,<=50K
13767,42,424855,10,3908,0,40,<=50K
13768,37,81853,9,0,0,40,<=50K
13770,40,271393,12,0,0,40,<=50K
13771,20,198148,9,0,0,40,<=50K
13772,65,469602,13,0,0,15,<=50K
13773,36,163290,10,0,0,40,<=50K
13774,37,295949,9,0,0,40,<=50K
13775,33,125279,10,0,0,60,<=50K
13776,64,182866,9,0,0,40,<=50K
13778,38,34173,13,0,0,45,<=50K
13780,24,197757,13,0,0,40,<=50K
13783,47,206659,10,0,0,40,<=50K
13784,73,191394,15,0,0,40,<=50K
13785,66,244661,13,0,0,40,<=50K
13789,44,171256,12,0,0,45,<=50K
13790,59,169982,13,0,2002,50,<=50K
13791,52,217210,9,0,0,40,<=50K
13792,46,218329,10,0,0,40,<=50K
13793,20,386643,10,0,0,40,<=50K
13795,41,155767,10,0,0,50,<=50K
13796,39,432555,9,0,1628,40,<=50K
13797,30,54929,9,0,0,55,<=50K
13798,59,162136,10,0,0,56,<=50K
13799,22,256504,13,0,0,40,<=50K
13800,40,162098,9,0,0,30,<=50K
13801,39,103110,13,0,0,50,<=50K
13802,24,227610,6,0,0,58,<=50K
13804,51,220019,12,0,0,40,<=50K
13805,34,242984,13,0,0,50,<=50K
13807,17,132636,7,0,0,15,<=50K
13808,20,108887,10,0,0,25,<=50K
13809,42,195897,9,0,0,40,<=50K
13811,56,391926,9,0,0,40,<=50K
13812,17,195505,6,0,0,5,<=50K
13814,23,145389,10,0,0,40,<=50K
13815,33,186824,10,0,0,40,<=50K
13816,36,101833,13,0,0,40,<=50K
13817,37,82283,3,0,0,40,<=50K
13818,52,99602,9,0,0,40,<=50K
13819,28,213276,9,0,0,50,<=50K
13820,59,424468,9,0,0,40,<=50K
13821,30,176123,6,0,0,40,<=50K
13822,32,38797,11,0,0,40,<=50K
13823,30,101859,4,0,0,50,<=50K
13824,53,87158,9,0,0,40,<=50K
13825,54,205066,6,0,0,36,<=50K
13826,26,56929,13,0,0,50,<=50K
13827,34,25322,13,0,2339,40,<=50K
13828,31,87950,11,0,0,40,<=50K
13829,34,150154,9,0,0,40,<=50K
13831,30,112139,9,0,0,40,<=50K
13832,53,149217,9,0,0,40,<=50K
13833,27,189974,10,0,0,20,<=50K
13834,23,109199,3,0,0,40,<=50K
13835,24,190290,11,0,0,45,<=50K
13837,33,428271,9,0,0,35,<=50K
13838,22,134192,10,0,0,10,<=50K
13839,47,168211,9,0,0,44,<=50K
13842,41,107276,11,0,0,45,<=50K
13843,45,112453,9,0,0,4,<=50K
13844,24,346909,9,0,0,44,<=50K
13845,65,105017,13,0,0,40,<=50K
13846,45,317360,13,0,0,50,<=50K
13847,23,189017,13,0,0,55,<=50K
13848,54,138179,9,0,0,40,<=50K
13849,40,299813,7,0,0,37,<=50K
13850,45,265083,3,0,0,35,<=50K
13851,50,185846,9,0,0,40,<=50K
13852,40,184655,12,0,0,25,<=50K
13853,24,200295,10,0,0,40,<=50K
13854,42,117319,9,0,1672,40,<=50K
13856,58,106942,10,0,0,40,<=50K
13857,47,52795,10,0,0,46,<=50K
13859,37,410919,9,0,0,35,<=50K
13860,22,105592,12,0,0,45,<=50K
13861,29,183151,9,0,0,48,<=50K
13863,49,275845,10,0,0,60,<=50K
13865,72,89299,9,0,0,16,<=50K
13866,63,106648,9,0,0,12,<=50K
13867,26,58426,9,0,0,50,<=50K
13868,58,121912,11,0,0,42,<=50K
13869,40,170730,9,0,0,50,<=50K
13870,56,257555,10,0,0,40,<=50K
13871,55,51499,10,0,0,72,<=50K
13872,28,195000,13,0,0,45,<=50K
13873,57,108741,9,0,0,40,<=50K
13875,44,156815,9,0,0,40,<=50K
13876,31,49325,9,0,0,40,<=50K
13877,42,121718,10,0,0,40,<=50K
13878,18,172076,10,0,0,25,<=50K
13879,57,327901,6,0,0,40,<=50K
13880,53,215990,10,0,0,35,<=50K
13882,33,322873,9,0,0,50,<=50K
13883,42,265698,14,0,0,40,<=50K
13884,70,26990,9,0,0,60,<=50K
13885,50,177896,9,0,0,50,<=50K
13886,50,189107,9,0,0,40,<=50K
13887,28,306830,12,0,0,40,<=50K
13888,72,39110,7,0,0,8,<=50K
13889,33,155475,9,0,0,40,<=50K
13890,47,135803,9,0,0,25,<=50K
13893,19,318822,7,0,0,35,<=50K
13894,48,174794,11,0,0,40,<=50K
13897,24,193920,14,0,0,45,<=50K
13898,42,91468,9,0,0,40,<=50K
13900,34,375680,12,0,0,40,<=50K
13901,55,222615,14,0,0,60,<=50K
13902,22,190968,9,0,0,40,<=50K
13903,39,76767,10,0,0,60,<=50K
13904,50,203098,13,0,0,35,<=50K
13906,25,242729,13,0,0,20,<=50K
13907,52,253784,7,0,0,20,<=50K
13908,30,206051,9,0,0,40,<=50K
13909,37,181553,9,0,0,50,<=50K
13910,73,80986,9,0,0,20,<=50K
13911,50,200783,4,0,0,60,<=50K
13912,34,42596,10,0,0,45,<=50K
13913,24,464502,12,0,0,40,<=50K
13915,22,446140,9,0,0,55,<=50K
13916,69,32287,6,0,0,25,<=50K
13917,23,56774,9,0,0,40,<=50K
13918,55,308118,13,0,0,40,<=50K
13919,35,176279,10,0,0,30,<=50K
13920,20,103277,10,0,0,35,<=50K
13923,34,149943,9,0,0,40,<=50K
13925,33,93056,4,0,0,40,<=50K
13926,43,270522,9,0,0,26,<=50K
13927,60,123218,10,0,0,40,<=50K
13928,81,123959,13,0,1668,3,<=50K
13929,32,103642,9,0,0,55,<=50K
13930,34,157747,9,0,0,45,<=50K
13931,46,154083,14,0,0,25,<=50K
13932,30,23037,10,0,0,84,<=50K
13933,23,226891,9,0,0,20,<=50K
13934,29,50028,10,0,0,40,<=50K
13935,51,138251,9,0,0,60,<=50K
13936,31,369825,4,0,0,25,<=50K
13937,36,44364,9,0,0,36,<=50K
13938,23,230704,10,0,0,22,<=50K
13939,35,42044,9,0,0,30,<=50K
13940,28,56340,14,0,0,40,<=50K
13942,40,163434,10,0,0,40,<=50K
13943,27,85251,10,0,0,45,<=50K
13945,47,155124,11,0,1669,40,<=50K
13948,38,52596,10,0,0,40,<=50K
13950,65,143570,10,0,0,40,<=50K
13952,54,29909,7,0,0,43,<=50K
13953,49,94215,8,0,0,40,<=50K
13956,23,218445,3,0,0,12,<=50K
13957,77,235775,9,0,0,25,<=50K
13958,19,98605,10,0,0,20,<=50K
13959,30,188398,9,0,0,30,<=50K
13962,20,218215,10,0,0,40,<=50K
13964,49,147002,9,0,0,40,<=50K
13967,50,169925,9,0,0,15,<=50K
13968,22,72310,7,0,0,65,<=50K
13969,19,170800,10,0,0,20,<=50K
13970,39,215095,7,0,0,30,<=50K
13971,45,480717,13,0,0,38,<=50K
13972,61,34632,13,0,0,30,<=50K
13973,45,140664,12,0,0,55,<=50K
13974,36,177858,13,0,0,40,<=50K
13976,38,129102,9,0,0,50,<=50K
13977,52,278522,10,0,0,40,<=50K
13979,33,63184,9,0,0,40,<=50K
13980,40,165815,10,0,0,40,<=50K
13981,34,248584,9,0,0,55,<=50K
13984,19,60367,9,0,0,13,<=50K
13986,40,95639,9,0,0,40,<=50K
13987,20,132053,10,0,0,2,<=50K
13988,24,138768,12,0,0,30,<=50K
13989,76,203910,9,0,0,17,<=50K
13990,20,109952,9,0,0,40,<=50K
13992,31,49398,10,0,0,40,<=50K
13993,33,159303,9,0,0,40,<=50K
13994,19,248339,9,0,0,35,<=50K
13995,29,190539,13,0,1590,50,<=50K
13996,30,183620,9,0,0,45,<=50K
13998,42,201495,13,0,0,40,<=50K
13999,37,52221,7,0,0,40,<=50K
14002,28,176027,9,0,0,28,<=50K
14005,76,164835,9,0,0,25,<=50K
14006,21,363192,11,0,0,40,<=50K
14007,29,31360,10,0,0,40,<=50K
14009,44,157614,9,0,0,38,<=50K
14011,38,363395,10,0,0,40,<=50K
14013,29,87523,9,0,0,40,<=50K
14014,20,280714,10,0,0,40,<=50K
14018,17,331552,8,0,0,30,<=50K
14019,45,174426,9,0,0,40,<=50K
14020,42,184105,10,0,0,28,<=50K
14021,29,37933,13,0,0,40,<=50K
14023,23,376416,13,0,0,40,<=50K
14024,20,263612,10,0,0,40,<=50K
14025,23,227471,9,0,0,24,<=50K
14026,39,191103,9,0,0,40,<=50K
14028,43,227298,13,0,0,45,<=50K
14029,25,187508,10,0,0,40,<=50K
14030,40,184378,10,0,0,60,<=50K
14031,52,190333,9,0,0,25,<=50K
14032,48,155372,9,0,0,36,<=50K
14033,37,259882,11,0,0,6,<=50K
14034,36,217077,9,0,0,50,<=50K
14035,33,103596,11,0,0,40,<=50K
14037,24,353010,13,0,0,10,<=50K
14038,42,70655,9,0,0,40,<=50K
14039,35,64874,12,0,0,40,<=50K
14040,40,219240,9,0,0,22,<=50K
14041,50,104849,15,0,0,40,<=50K
14043,22,412316,9,0,0,40,<=50K
14044,57,195835,9,0,0,40,<=50K
14046,61,230545,9,0,0,35,<=50K
14047,71,162297,9,0,0,20,<=50K
14049,38,117528,13,0,0,45,<=50K
14050,25,273876,13,0,0,65,<=50K
14051,33,529104,7,0,0,50,<=50K
14052,40,456110,7,0,0,52,<=50K
14053,39,180868,7,0,0,40,<=50K
14054,29,170301,9,2829,0,40,<=50K
14055,33,55717,9,0,0,40,<=50K
14056,46,166181,10,0,0,36,<=50K
14058,28,224629,14,0,0,30,<=50K
14059,20,197997,9,0,0,40,<=50K
14060,34,46144,10,0,0,40,<=50K
14061,34,180871,13,0,0,55,<=50K
14062,25,212311,10,0,0,40,<=50K
14063,36,232874,13,0,0,40,<=50K
14064,61,175999,9,0,0,40,<=50K
14065,38,177121,10,0,0,58,<=50K
14066,57,299358,9,0,1719,25,<=50K
14067,20,326624,9,0,0,40,<=50K
14068,56,129836,9,0,0,10,<=50K
14069,24,225515,13,0,0,40,<=50K
14070,60,145664,10,0,0,48,<=50K
14071,37,151764,10,0,0,50,<=50K
14073,54,257869,10,0,0,28,<=50K
14074,40,73025,9,0,0,30,<=50K
14075,18,165532,8,0,0,15,<=50K
14078,64,161926,9,0,0,8,<=50K
14079,24,163665,9,2174,0,40,<=50K
14080,33,106938,9,0,0,38,<=50K
14081,31,97453,9,0,0,40,<=50K
14084,31,248653,2,0,0,37,<=50K
14085,39,59313,8,0,0,45,<=50K
14086,22,141297,10,0,0,40,<=50K
14087,31,227325,10,0,0,40,<=50K
14088,68,123653,3,0,0,12,<=50K
14089,59,176317,6,0,0,37,<=50K
14090,35,77146,9,2829,0,45,<=50K
14091,25,169124,13,0,0,40,<=50K
14092,23,179413,9,0,0,40,<=50K
14093,35,180137,10,0,0,60,<=50K
14094,17,179319,6,0,0,30,<=50K
14095,19,45766,10,0,0,45,<=50K
14097,59,214052,3,0,0,40,<=50K
14098,37,201141,9,0,0,37,<=50K
14099,74,43599,9,0,0,20,<=50K
14100,28,292536,10,0,0,50,<=50K
14101,40,82161,13,0,0,40,<=50K
14102,30,180656,10,0,0,40,<=50K
14103,20,181370,10,0,0,40,<=50K
14105,51,84399,9,0,0,40,<=50K
14106,17,143331,6,0,0,15,<=50K
14107,37,48779,13,0,0,40,<=50K
14108,19,175495,9,0,0,24,<=50K
14109,58,83542,9,0,0,40,<=50K
14110,57,214619,10,0,0,40,<=50K
14111,37,160035,10,0,0,40,<=50K
14112,23,39603,10,0,0,40,<=50K
14113,36,181589,13,0,0,32,<=50K
14114,33,261511,9,0,0,40,<=50K
14115,30,29522,10,0,0,40,<=50K
14116,30,36340,9,0,0,24,<=50K
14119,23,122346,9,0,0,40,<=50K
14121,53,152883,9,0,0,40,<=50K
14122,31,123037,10,0,0,13,<=50K
14123,41,339682,3,0,0,40,<=50K
14124,36,182074,9,0,0,40,<=50K
14125,30,248588,8,0,0,40,<=50K
14126,44,187584,9,0,0,40,<=50K
14127,36,46706,9,0,0,40,<=50K
14129,48,247294,9,0,0,30,<=50K
14130,22,117779,13,0,0,40,<=50K
14131,38,121602,9,0,0,40,<=50K
14132,31,451744,9,0,0,50,<=50K
14133,32,107793,9,2174,0,40,<=50K
14134,35,339772,9,0,0,40,<=50K
14135,21,185582,10,0,0,43,<=50K
14136,26,260614,9,0,0,40,<=50K
14137,19,53220,9,0,0,40,<=50K
14139,33,213226,9,0,0,60,<=50K
14140,30,58582,13,0,0,10,<=50K
14141,52,193116,6,0,0,45,<=50K
14144,57,138285,12,0,0,40,<=50K
14146,50,109277,5,0,0,48,<=50K
14149,37,126675,9,0,0,40,<=50K
14150,69,349022,9,0,0,33,<=50K
14151,33,98145,10,0,0,30,<=50K
14153,36,100681,10,2463,0,40,<=50K
14155,63,237379,6,0,0,40,<=50K
14156,21,44793,10,0,0,65,<=50K
14157,17,270942,9,0,0,35,<=50K
14158,56,193622,9,0,0,40,<=50K
14159,90,187749,12,0,0,20,<=50K
14160,27,160178,10,0,0,38,<=50K
14161,38,680390,9,0,0,20,<=50K
14162,33,96245,12,0,0,50,<=50K
14163,26,34803,9,0,0,40,<=50K
14164,20,170091,10,0,0,35,<=50K
14165,42,231813,7,0,0,40,<=50K
14166,55,23789,9,0,0,40,<=50K
14167,32,438711,10,0,0,40,<=50K
14169,66,376506,16,3273,0,40,<=50K
14170,49,28791,10,0,0,40,<=50K
14171,34,162814,9,0,0,45,<=50K
14173,40,102226,9,0,0,40,<=50K
14174,22,209131,12,0,0,20,<=50K
14175,46,157117,9,0,0,40,<=50K
14176,29,172865,9,0,0,50,<=50K
14177,19,29798,8,0,0,20,<=50K
14178,71,229424,9,0,0,40,<=50K
14179,37,80680,13,1151,0,35,<=50K
14181,27,189462,14,0,0,46,<=50K
14182,52,139347,9,0,0,40,<=50K
14183,31,188108,9,4101,0,40,<=50K
14185,28,81540,9,0,0,40,<=50K
14186,25,257562,4,0,0,40,<=50K
14187,31,59496,10,0,0,50,<=50K
14188,29,29974,9,0,0,40,<=50K
14189,45,102597,9,0,0,35,<=50K
14190,69,41419,4,0,0,20,<=50K
14191,50,118565,7,0,0,40,<=50K
14193,17,166290,5,0,0,20,<=50K
14195,32,116834,9,0,0,5,<=50K
14196,23,203076,10,0,0,40,<=50K
14198,61,273803,9,0,0,40,<=50K
14199,55,156797,10,0,0,40,<=50K
14200,24,283896,9,0,0,40,<=50K
14201,30,149368,9,1151,0,30,<=50K
14203,21,163911,10,0,0,3,<=50K
14205,25,86872,9,0,0,40,<=50K
14206,49,167523,13,0,0,40,<=50K
14208,40,171231,13,0,0,40,<=50K
14209,62,244933,14,0,0,45,<=50K
14211,34,33442,11,0,0,40,<=50K
14212,18,126142,6,0,0,30,<=50K
14213,28,268222,7,0,0,40,<=50K
14214,32,167106,9,0,0,40,<=50K
14215,22,50065,13,0,0,35,<=50K
14216,34,252529,13,0,0,48,<=50K
14218,47,343579,9,0,0,40,<=50K
14219,19,190817,10,0,0,40,<=50K
14221,46,186820,10,5013,0,40,<=50K
14222,56,210731,4,0,0,20,<=50K
14223,42,123816,9,0,0,40,<=50K
14224,25,77071,13,0,2339,35,<=50K
14225,42,115085,9,0,0,50,<=50K
14227,17,209949,7,0,1602,12,<=50K
14230,62,33365,9,0,0,40,<=50K
14231,20,197752,10,0,0,16,<=50K
14232,47,180551,10,0,0,50,<=50K
14233,40,77975,10,0,0,40,<=50K
14235,48,94342,13,0,0,55,<=50K
14239,53,303462,9,0,0,30,<=50K
14241,40,45093,9,0,0,45,<=50K
14242,34,101709,9,0,0,40,<=50K
14243,41,219591,9,0,0,40,<=50K
14244,41,76625,9,0,0,40,<=50K
14245,20,342599,10,0,0,35,<=50K
14246,42,125846,2,0,0,60,<=50K
14247,54,238257,13,0,0,50,<=50K
14248,39,206253,13,0,0,40,<=50K
14249,37,172571,9,0,0,40,<=50K
14250,59,95165,16,0,0,40,<=50K
14251,69,141181,3,1797,0,40,<=50K
14252,24,267843,13,0,0,35,<=50K
14254,21,207782,10,0,0,30,<=50K
14255,68,103161,9,0,0,32,<=50K
14256,20,132320,10,0,0,40,<=50K
14257,26,201138,11,0,0,35,<=50K
14258,48,239058,8,0,0,50,<=50K
14260,21,176262,12,0,0,18,<=50K
14261,22,264738,9,0,0,42,<=50K
14262,34,182218,11,0,0,40,<=50K
14264,46,216666,5,0,0,40,<=50K
14267,23,192978,9,0,0,40,<=50K
14268,28,68021,10,0,0,30,<=50K
14270,20,115057,10,0,0,40,<=50K
14271,28,139568,7,0,0,40,<=50K
14272,52,138497,13,0,0,60,<=50K
14274,22,253310,13,0,0,7,<=50K
14275,29,130856,9,0,0,45,<=50K
14276,31,389765,4,0,0,60,<=50K
14278,38,146178,9,0,0,40,<=50K
14280,21,145964,10,0,0,40,<=50K
14281,43,483450,5,0,0,40,<=50K
14283,33,160614,10,0,0,50,<=50K
14284,17,325171,6,0,0,35,<=50K
14286,45,186473,9,0,0,40,<=50K
14287,55,286967,6,0,0,45,<=50K
14289,65,325089,6,0,0,40,<=50K
14290,21,143582,13,0,0,45,<=50K
14291,40,308027,9,0,0,40,<=50K
14292,58,105060,10,0,0,37,<=50K
14293,53,39643,9,0,0,58,<=50K
14295,56,267763,9,0,0,40,<=50K
14296,37,124293,10,0,0,50,<=50K
14297,44,36271,13,0,0,40,<=50K
14298,49,143459,5,0,0,38,<=50K
14300,59,52822,13,0,0,60,<=50K
14301,33,104509,9,0,0,40,<=50K
14303,26,192302,10,0,0,25,<=50K
14304,22,156822,6,0,1762,25,<=50K
14305,25,214413,14,0,0,40,<=50K
14306,28,108574,10,0,0,15,<=50K
14307,41,223934,12,0,0,38,<=50K
14308,45,200559,11,0,0,70,<=50K
14309,43,137722,9,0,0,40,<=50K
14310,30,261677,5,0,0,40,<=50K
14311,33,136331,9,0,0,50,<=50K
14312,34,329993,10,0,0,40,<=50K
14313,21,91819,11,0,0,30,<=50K
14315,48,315423,3,0,0,40,<=50K
14316,22,103277,10,0,0,20,<=50K
14317,47,236805,10,0,0,60,<=50K
14318,27,74883,13,0,0,40,<=50K
14319,18,115443,7,0,0,25,<=50K
14321,36,43701,10,0,0,20,<=50K
14322,37,419053,9,0,0,40,<=50K
14323,24,183594,11,0,0,20,<=50K
14324,24,390348,9,0,0,40,<=50K
14325,38,36989,13,3908,0,70,<=50K
14327,75,191446,2,0,0,16,<=50K
14329,64,46087,13,0,0,50,<=50K
14331,36,356824,9,0,0,40,<=50K
14332,53,158746,10,0,0,40,<=50K
14333,22,153323,10,0,0,20,<=50K
14334,73,130391,9,0,0,36,<=50K
14335,46,173613,9,0,0,40,<=50K
14336,45,362883,9,5013,0,40,<=50K
14338,20,50397,9,0,0,20,<=50K
14339,43,101709,10,0,0,40,<=50K
14340,21,202570,8,0,0,48,<=50K
14341,40,145649,9,0,0,25,<=50K
14343,64,142166,13,0,0,45,<=50K
14344,19,242001,10,0,0,40,<=50K
14347,41,190368,13,0,0,70,<=50K
14348,29,19793,10,0,0,8,<=50K
14349,28,67661,10,0,0,40,<=50K
14350,23,62278,10,0,0,45,<=50K
14352,44,203897,13,0,0,40,<=50K
14354,25,159603,9,0,0,34,<=50K
14355,29,134331,6,0,0,40,<=50K
14357,27,274964,13,0,0,65,<=50K
14358,34,66309,9,0,0,35,<=50K
14359,38,73471,10,0,0,50,<=50K
14360,24,26671,9,0,0,40,<=50K
14362,35,184655,9,0,0,62,<=50K
14363,23,55492,11,0,0,30,<=50K
14364,23,175266,10,0,0,40,<=50K
14365,19,188008,10,0,0,20,<=50K
14368,48,56975,9,0,0,84,<=50K
14369,27,150025,9,0,0,40,<=50K
14370,22,189203,12,0,0,15,<=50K
14372,23,136824,10,0,0,20,<=50K
14373,24,201179,9,0,0,40,<=50K
14374,34,324654,9,0,0,40,<=50K
14375,25,366207,9,0,0,40,<=50K
14376,33,103860,10,0,0,50,<=50K
14377,22,106700,12,0,0,27,<=50K
14378,54,163557,9,0,0,30,<=50K
14379,39,286261,14,0,0,40,<=50K
14380,25,123083,13,0,0,40,<=50K
14381,75,125197,9,0,0,26,<=50K
14382,28,278073,9,0,0,30,<=50K
14383,50,133963,13,0,0,50,<=50K
14385,40,76487,9,0,0,40,<=50K
14386,58,215245,13,0,0,37,<=50K
14387,24,127185,12,0,0,40,<=50K
14388,21,179720,9,0,0,30,<=50K
14391,48,173938,9,0,0,60,<=50K
14392,34,344275,9,0,0,70,<=50K
14393,23,150463,9,0,0,40,<=50K
14395,42,201723,10,0,0,40,<=50K
14397,52,77392,9,0,0,60,<=50K
14398,21,171156,10,0,0,35,<=50K
14399,56,357118,13,0,0,60,<=50K
14402,25,51201,9,0,0,35,<=50K
14404,34,400416,7,0,0,45,<=50K
14405,52,31533,9,0,0,40,<=50K
14407,36,192337,9,0,0,40,<=50K
14408,21,118712,11,0,1504,40,<=50K
14409,28,301654,13,0,0,40,<=50K
14411,20,88126,10,0,0,9,<=50K
14413,35,238342,9,0,0,40,<=50K
14414,32,857532,9,0,0,40,<=50K
14416,17,260797,6,0,0,23,<=50K
14417,25,138765,13,0,0,20,<=50K
14418,74,256674,9,0,0,25,<=50K
14419,31,247444,11,0,0,40,<=50K
14421,67,180539,9,0,0,10,<=50K
14422,42,397346,9,3325,0,40,<=50K
14423,29,107160,9,0,0,40,<=50K
14424,31,262024,9,0,0,40,<=50K
14425,21,131230,9,0,0,37,<=50K
14426,67,274451,6,0,0,16,<=50K
14428,27,204515,13,0,0,36,<=50K
14429,51,99316,8,0,0,50,<=50K
14430,21,206681,7,0,0,40,<=50K
14431,28,268726,9,0,0,46,<=50K
14432,21,275395,10,0,0,40,<=50K
14434,29,126822,9,0,0,35,<=50K
14435,39,168355,9,0,0,70,<=50K
14436,21,162667,13,0,0,40,<=50K
14437,43,373403,11,0,0,40,<=50K
14439,28,249362,7,0,0,50,<=50K
14441,18,216508,9,0,0,30,<=50K
14442,27,145784,10,0,0,45,<=50K
14443,34,209317,10,0,0,40,<=50K
14444,25,259505,9,0,0,40,<=50K
14445,34,345360,13,0,0,40,<=50K
14447,40,33126,14,0,0,50,<=50K
14448,21,206354,9,0,0,35,<=50K
14449,25,1484705,10,0,0,25,<=50K
14450,21,26410,9,0,0,40,<=50K
14451,19,220901,10,0,0,30,<=50K
14453,20,38620,10,0,0,20,<=50K
14454,36,89040,7,0,0,47,<=50K
14455,32,370160,10,0,0,40,<=50K
14456,23,208946,10,0,0,32,<=50K
14457,21,131230,10,0,0,10,<=50K
14458,25,60358,13,0,0,40,<=50K
14459,26,350853,3,0,0,40,<=50K
14460,24,209782,13,0,0,40,<=50K
14461,22,351952,10,0,0,20,<=50K
14462,26,142081,9,0,0,40,<=50K
14463,22,164775,5,0,0,40,<=50K
14465,18,404085,9,0,0,40,<=50K
14466,24,218678,13,0,0,40,<=50K
14467,38,184655,9,0,1740,48,<=50K
14468,36,321760,13,0,0,17,<=50K
14469,45,185399,14,0,0,55,<=50K
14472,34,31740,9,0,0,40,<=50K
14473,53,233722,12,0,0,40,<=50K
14475,17,222618,7,0,0,30,<=50K
14477,31,194141,9,0,0,48,<=50K
14478,47,80282,16,0,0,45,<=50K
14479,27,166350,9,0,0,50,<=50K
14480,61,60641,10,0,0,30,<=50K
14481,33,124827,9,0,0,40,<=50K
14482,67,105438,9,0,0,40,<=50K
14483,38,85244,13,0,0,40,<=50K
14484,25,120535,9,0,0,40,<=50K
14485,33,269604,3,0,0,40,<=50K
14486,27,247711,9,0,0,40,<=50K
14488,24,281221,13,0,0,40,<=50K
14489,23,269687,11,0,0,40,<=50K
14490,48,181758,10,0,0,40,<=50K
14492,22,107882,9,0,0,20,<=50K
14493,34,172579,11,0,0,40,<=50K
14495,35,38905,10,0,0,50,<=50K
14496,36,168826,6,0,0,40,<=50K
14497,24,424034,9,0,0,40,<=50K
14498,60,117509,5,0,0,40,<=50K
14499,28,196971,13,0,0,43,<=50K
14500,64,69525,9,0,0,20,<=50K
14501,22,374116,9,0,0,35,<=50K
14502,27,283913,3,0,0,65,<=50K
14503,36,147258,10,0,0,60,<=50K
14504,27,139903,9,0,0,30,<=50K
14505,52,112959,10,0,0,40,<=50K
14506,57,264148,9,0,0,45,<=50K
14507,23,256211,10,0,0,24,<=50K
14508,29,142519,9,0,0,40,<=50K
14509,34,281852,9,0,0,80,<=50K
14510,38,380543,9,0,0,30,<=50K
14512,50,192203,7,0,0,40,<=50K
14514,17,61838,6,0,0,40,<=50K
14515,25,210095,7,0,0,40,<=50K
14516,19,187352,9,0,0,40,<=50K
14517,43,32451,9,0,0,40,<=50K
14519,39,87556,14,6849,0,40,<=50K
14520,18,79443,5,0,0,40,<=50K
14521,27,212622,14,0,0,40,<=50K
14522,39,32650,11,0,0,60,<=50K
14524,19,219867,9,0,0,35,<=50K
14525,32,206609,9,0,0,40,<=50K
14527,46,29437,12,0,0,50,<=50K
14528,65,87164,7,0,0,20,<=50K
14530,48,169324,9,0,0,32,<=50K
14531,46,138370,4,0,1651,40,<=50K
14532,27,29523,6,0,0,40,<=50K
14534,21,247075,9,0,0,25,<=50K
14535,20,200967,10,0,0,12,<=50K
14536,51,175985,9,0,0,40,<=50K
14537,35,189404,10,0,1740,40,<=50K
14538,29,267661,9,0,0,70,<=50K
14540,65,243858,9,0,0,15,<=50K
14541,20,43587,9,0,0,35,<=50K
14542,47,31339,10,0,0,40,<=50K
14543,41,204682,9,2174,0,40,<=50K
14544,17,73145,5,0,0,16,<=50K
14545,38,218184,3,0,0,40,<=50K
14547,39,93319,9,0,0,4,<=50K
14548,24,212300,9,0,0,38,<=50K
14549,52,187356,6,0,0,41,<=50K
14551,22,211361,13,0,0,30,<=50K
14552,56,134195,14,0,0,50,<=50K
14553,37,218249,7,0,0,30,<=50K
14555,19,342384,7,0,2129,55,<=50K
14556,31,237317,5,0,0,45,<=50K
14557,22,359759,10,0,0,20,<=50K
14559,63,267101,13,0,0,60,<=50K
14561,53,55139,9,0,0,10,<=50K
14563,39,101073,12,0,0,24,<=50K
14564,59,69884,15,0,0,50,<=50K
14565,45,201127,9,0,0,40,<=50K
14566,39,164733,10,0,0,45,<=50K
14567,60,129447,9,0,0,35,<=50K
14568,38,32837,13,0,0,56,<=50K
14569,31,200117,9,0,0,40,<=50K
14571,66,188842,13,0,0,24,<=50K
14572,26,272669,13,0,0,20,<=50K
14574,68,191288,4,0,0,15,<=50K
14575,32,176185,10,0,0,60,<=50K
14576,25,197728,13,0,0,20,<=50K
14577,43,144778,9,0,0,40,<=50K
14578,26,133373,13,0,0,44,<=50K
14580,66,86010,6,0,0,11,<=50K
14581,31,228873,9,0,0,40,<=50K
14582,35,187415,3,0,0,50,<=50K
14585,22,129172,10,0,0,16,<=50K
14587,33,226629,10,0,0,35,<=50K
14588,26,180886,14,0,0,30,<=50K
14589,42,69333,13,0,0,50,<=50K
14590,45,213620,9,0,0,40,<=50K
14591,43,197397,10,0,0,6,<=50K
14592,19,223648,7,0,0,20,<=50K
14593,27,179915,13,0,0,99,<=50K
14595,42,112956,9,0,0,40,<=50K
14598,44,77313,9,0,0,40,<=50K
14600,37,37109,9,0,0,60,<=50K
14602,53,133963,9,0,0,40,<=50K
14603,42,177937,13,0,0,45,<=50K
14604,80,173488,10,0,0,20,<=50K
14605,61,183355,7,0,0,40,<=50K
14606,55,147989,10,5013,0,52,<=50K
14607,20,289944,10,0,0,25,<=50K
14608,23,62278,9,0,0,40,<=50K
14610,24,295763,13,0,0,50,<=50K
14611,71,100063,9,0,0,40,<=50K
14612,49,194962,7,0,0,6,<=50K
14613,39,227597,9,0,0,50,<=50K
14614,22,117606,13,0,0,25,<=50K
14615,67,44774,13,0,0,40,<=50K
14616,18,177648,9,0,0,25,<=50K
14618,38,203482,4,0,0,45,<=50K
14619,50,153931,9,0,0,40,<=50K
14620,56,84774,12,0,0,40,<=50K
14621,23,157127,10,0,0,20,<=50K
14622,26,170786,10,0,0,40,<=50K
14623,32,281030,9,0,0,40,<=50K
14625,27,167405,9,0,0,40,<=50K
14627,43,388849,12,0,0,60,<=50K
14630,25,160300,13,0,0,35,<=50K
14631,22,236684,11,0,0,36,<=50K
14632,20,247794,11,0,0,35,<=50K
14633,27,267325,9,3464,0,40,<=50K
14634,39,279490,10,0,0,40,<=50K
14635,27,280618,14,0,0,40,<=50K
14636,41,248406,9,0,0,40,<=50K
14637,31,226494,13,0,0,45,<=50K
14638,41,220460,12,0,0,20,<=50K
14639,25,108317,13,0,0,40,<=50K
14641,22,110371,9,0,0,50,<=50K
14642,62,114060,4,0,0,91,<=50K
14643,29,31161,9,0,0,40,<=50K
14645,32,402089,13,0,0,2,<=50K
14646,19,425447,9,0,0,40,<=50K
14647,20,137300,11,0,0,40,<=50K
14649,24,275093,9,0,0,36,<=50K
14651,43,174491,9,0,0,40,<=50K
14653,28,137898,12,0,0,35,<=50K
14654,33,153151,9,4416,0,40,<=50K
14657,33,237833,10,0,0,40,<=50K
14659,27,164924,9,0,0,40,<=50K
14660,41,174201,9,0,0,40,<=50K
14662,55,144071,7,0,0,45,<=50K
14663,30,180859,10,0,0,8,<=50K
14664,54,221915,10,0,0,50,<=50K
14666,21,351084,9,0,0,40,<=50K
14667,34,97306,13,0,0,25,<=50K
14669,31,182539,10,0,0,45,<=50K
14670,22,215395,9,0,0,37,<=50K
14672,41,217921,5,0,0,40,<=50K
14673,52,346668,14,0,0,40,<=50K
14674,57,412952,10,0,0,40,<=50K
14675,48,167009,10,0,0,48,<=50K
14677,35,216256,5,0,0,50,<=50K
14678,40,341835,9,0,0,45,<=50K
14679,30,169841,9,0,0,25,<=50K
14680,26,200681,9,0,0,40,<=50K
14681,46,456956,9,0,0,60,<=50K
14682,26,276075,10,0,0,40,<=50K
14683,50,96657,13,0,0,40,<=50K
14685,36,110998,14,0,0,40,<=50K
14688,17,303317,7,0,0,40,<=50K
14689,72,298070,11,6723,0,25,<=50K
14690,19,318822,9,0,0,40,<=50K
14691,29,375078,4,0,0,40,<=50K
14692,20,232799,9,0,0,25,<=50K
14693,30,210851,10,0,0,40,<=50K
14694,47,213745,10,0,0,45,<=50K
14696,26,318934,6,0,0,40,<=50K
14697,24,237386,10,0,0,42,<=50K
14698,44,182629,14,0,0,24,<=50K
14700,35,117166,13,0,0,50,<=50K
14703,38,165302,10,0,0,40,<=50K
14704,39,42186,9,3464,0,20,<=50K
14705,54,284952,6,0,0,43,<=50K
14706,62,96099,9,0,0,40,<=50K
14707,45,198759,16,0,0,60,<=50K
14708,30,227886,9,0,0,35,<=50K
14709,32,391874,9,0,0,40,<=50K
14710,23,184370,9,0,0,40,<=50K
14711,84,135839,11,0,0,14,<=50K
14712,46,194698,13,0,0,60,<=50K
14713,67,342175,14,2009,0,40,<=50K
14716,23,434467,10,0,0,42,<=50K
14718,55,123382,9,0,2001,40,<=50K
14719,42,404573,15,0,0,40,<=50K
14720,17,99462,7,0,0,20,<=50K
14721,60,170310,3,0,0,40,<=50K
14722,31,199883,8,0,0,40,<=50K
14723,28,70034,4,0,0,40,<=50K
14724,31,393357,5,0,0,48,<=50K
14727,61,223133,9,0,0,40,<=50K
14729,40,195520,10,0,0,49,<=50K
14730,39,257942,9,0,0,40,<=50K
14731,37,269300,10,0,0,27,<=50K
14732,47,137354,10,0,0,40,<=50K
14734,30,77266,9,0,0,60,<=50K
14735,30,164190,15,0,0,40,<=50K
14740,20,110998,10,0,0,30,<=50K
14742,31,163890,10,0,0,40,<=50K
14743,19,358631,9,0,0,25,<=50K
14744,50,185354,14,0,0,35,<=50K
14745,33,336061,9,0,0,50,<=50K
14746,25,47011,13,0,0,20,<=50K
14747,49,149949,9,0,1876,40,<=50K
14748,30,59496,10,0,0,40,<=50K
14749,23,32950,13,0,0,40,<=50K
14751,24,199555,11,0,0,5,<=50K
14752,28,91299,11,0,0,45,<=50K
14753,56,99359,9,0,1617,40,<=50K
14754,38,242559,9,0,0,38,<=50K
14755,20,286391,10,2176,0,20,<=50K
14756,82,132870,9,0,4356,18,<=50K
14758,32,239150,10,0,0,40,<=50K
14759,37,170563,11,0,0,32,<=50K
14762,30,72887,9,3411,0,40,<=50K
14763,49,163229,9,0,0,56,<=50K
14764,40,165726,11,0,0,40,<=50K
14765,42,70055,7,0,0,45,<=50K
14766,35,184655,13,0,0,40,<=50K
14767,39,139906,9,0,0,81,<=50K
14768,32,198211,11,0,0,40,<=50K
14769,22,146540,7,0,0,50,<=50K
14770,53,132304,10,0,0,40,<=50K
14771,25,190916,9,0,0,40,<=50K
14772,17,237272,6,0,0,30,<=50K
14775,42,304302,9,0,0,40,<=50K
14776,34,184942,7,0,0,50,<=50K
14777,27,267989,10,0,0,40,<=50K
14778,37,188377,9,0,0,40,<=50K
14780,26,340787,9,0,0,40,<=50K
14782,57,169071,9,0,0,28,<=50K
14783,36,151094,11,0,0,48,<=50K
14784,27,122922,13,0,0,40,<=50K
14785,17,151141,7,0,0,15,<=50K
14786,30,136651,3,0,0,40,<=50K
14788,31,128016,13,0,0,40,<=50K
14789,23,200318,12,0,0,20,<=50K
14790,32,250354,6,0,0,45,<=50K
14792,31,27856,9,0,0,8,<=50K
14794,39,257175,13,0,625,40,<=50K
14797,45,200471,9,0,0,35,<=50K
14798,20,353195,9,0,0,35,<=50K
14799,35,222868,9,0,0,40,<=50K
14800,50,221791,12,0,0,40,<=50K
14801,56,197114,9,0,0,28,<=50K
14803,58,274917,14,0,0,15,<=50K
14804,32,348460,11,0,0,50,<=50K
14805,23,112683,10,0,0,12,<=50K
14806,48,345831,9,0,0,40,<=50K
14807,33,105370,9,0,0,70,<=50K
14808,48,345006,13,0,0,45,<=50K
14809,55,195329,9,2202,0,35,<=50K
14810,40,108765,11,0,0,40,<=50K
14811,50,138022,10,0,0,40,<=50K
14812,52,175029,6,0,0,35,<=50K
14813,19,189574,9,0,0,30,<=50K
14817,22,105043,10,0,0,40,<=50K
14819,34,345705,9,0,1408,38,<=50K
14820,33,248584,10,0,0,50,<=50K
14823,50,398625,7,0,0,40,<=50K
14824,43,114043,10,0,0,40,<=50K
14825,29,169544,11,0,0,40,<=50K
14826,56,343849,10,0,0,40,<=50K
14828,24,291578,9,0,0,50,<=50K
14829,46,136162,11,0,0,40,<=50K
14831,48,302612,14,0,0,40,<=50K
14832,65,240166,7,0,0,35,<=50K
14833,29,193152,9,0,1408,40,<=50K
14834,42,248094,9,0,1740,43,<=50K
14837,21,82847,10,0,0,50,<=50K
14840,21,654141,9,0,0,32,<=50K
14841,30,252646,10,0,0,20,<=50K
14842,54,171924,13,0,0,48,<=50K
14843,19,219742,10,0,0,15,<=50K
14844,55,153788,10,0,0,37,<=50K
14845,20,60639,10,0,0,28,<=50K
14846,53,96062,13,0,0,40,<=50K
14848,33,159888,9,0,0,40,<=50K
14849,62,110586,10,0,0,40,<=50K
14850,24,143062,9,0,0,30,<=50K
14851,17,413557,5,0,0,40,<=50K
14852,26,137658,10,0,0,45,<=50K
14853,36,398931,9,0,0,40,<=50K
14854,32,311764,6,0,0,35,<=50K
14857,72,97304,9,2346,0,40,<=50K
14858,26,352768,9,0,0,40,<=50K
14859,45,27184,9,0,0,38,<=50K
14860,72,237229,11,0,0,30,<=50K
14862,27,210313,9,0,0,50,<=50K
14865,28,211032,10,0,0,40,<=50K
14868,19,184737,9,0,1721,40,<=50K
14869,28,214689,13,0,0,25,<=50K
14870,70,147558,13,0,0,7,<=50K
14872,26,247025,11,0,0,40,<=50K
14873,43,284403,12,0,0,60,<=50K
14875,25,339956,10,0,0,40,<=50K
14877,60,223696,2,0,0,38,<=50K
14878,31,234500,13,0,0,40,<=50K
14879,51,97005,4,0,0,40,<=50K
14880,18,242615,10,0,0,15,<=50K
14881,36,174938,13,0,0,20,<=50K
14884,78,59583,4,0,0,25,<=50K
14885,72,157913,13,0,0,17,<=50K
14886,24,308205,10,0,0,40,<=50K
14887,58,158506,7,0,0,16,<=50K
14889,48,330470,10,0,0,30,<=50K
14890,28,184078,9,0,0,40,<=50K
14891,26,123384,14,0,0,40,<=50K
14892,29,330132,13,0,0,60,<=50K
14893,47,274720,3,0,0,40,<=50K
14895,35,205584,3,0,0,40,<=50K
14896,17,327127,7,0,0,20,<=50K
14898,37,224886,9,0,0,42,<=50K
14899,35,27763,9,0,0,40,<=50K
14900,56,73684,4,0,0,40,<=50K
14901,23,107452,10,0,0,40,<=50K
14902,33,23871,12,0,0,32,<=50K
14904,28,469864,13,0,0,40,<=50K
14905,55,286230,7,0,0,20,<=50K
14906,59,186308,14,0,0,50,<=50K
14907,22,113062,13,0,0,40,<=50K
14908,19,86150,7,0,0,19,<=50K
14909,41,262038,3,0,0,35,<=50K
14910,32,279231,11,0,0,40,<=50K
14911,67,188903,4,2414,0,40,<=50K
14912,45,183786,9,0,0,35,<=50K
14913,61,339358,3,0,0,45,<=50K
14914,34,287737,13,0,0,40,<=50K
14915,43,99203,11,0,0,40,<=50K
14917,35,113481,16,0,0,60,<=50K
14918,65,204042,9,0,0,20,<=50K
14920,37,99233,9,0,0,40,<=50K
14921,34,313729,10,0,0,50,<=50K
14923,18,169745,4,0,0,40,<=50K
14924,43,19914,10,0,0,15,<=50K
14926,19,224241,10,0,0,20,<=50K
14927,40,137367,10,0,0,50,<=50K
14928,32,263908,13,0,0,40,<=50K
14930,32,203849,10,0,0,40,<=50K
14931,46,62546,16,0,0,35,<=50K
14933,36,93225,13,0,0,35,<=50K
14934,33,187560,11,0,0,36,<=50K
14935,23,61743,3,0,0,35,<=50K
14936,21,186648,6,0,0,40,<=50K
14937,40,173321,9,0,0,32,<=50K
14939,20,424034,10,0,0,15,<=50K
14940,53,291755,10,0,0,72,<=50K
14941,58,104945,5,0,0,60,<=50K
14943,31,214235,9,0,0,65,<=50K
14944,35,278632,9,0,0,40,<=50K
14945,23,27415,7,0,0,40,<=50K
14946,31,143392,10,0,0,35,<=50K
14947,21,277408,10,0,0,35,<=50K
14951,18,395026,7,0,0,12,<=50K
14952,32,171215,10,0,0,48,<=50K
14953,56,121362,13,0,0,32,<=50K
14954,35,409200,12,0,0,40,<=50K
14955,63,268965,8,0,0,40,<=50K
14957,23,141323,10,0,0,40,<=50K
14959,19,82210,9,0,0,50,<=50K
14961,35,308489,13,0,0,50,<=50K
14963,38,75826,15,0,0,40,<=50K
14964,23,413345,13,0,0,60,<=50K
14965,22,356567,11,0,0,60,<=50K
14966,20,223811,9,0,0,40,<=50K
14967,19,159313,9,0,0,40,<=50K
14969,59,135617,7,0,0,40,<=50K
14970,38,187346,9,0,0,40,<=50K
14971,36,108103,9,0,0,50,<=50K
14972,27,255476,3,0,0,40,<=50K
14973,24,68577,11,0,0,40,<=50K
14974,35,155961,9,0,0,35,<=50K
14975,22,264102,10,0,0,39,<=50K
14976,37,167777,9,0,0,52,<=50K
14978,28,199998,9,0,0,25,<=50K
14979,55,199856,9,0,0,50,<=50K
14980,29,189765,3,0,0,40,<=50K
14981,32,193042,13,0,0,44,<=50K
14982,66,222810,10,0,0,35,<=50K
14983,47,162595,10,0,0,45,<=50K
14984,23,208826,13,0,0,40,<=50K
14985,50,120190,14,0,0,45,<=50K
14986,40,27242,9,0,0,84,<=50K
14987,51,348099,9,0,1590,40,<=50K
14988,34,185041,9,0,1669,45,<=50K
14989,28,309196,13,0,0,40,<=50K
14994,25,178843,13,0,0,15,<=50K
14995,42,136177,10,0,0,38,<=50K
14996,35,243409,10,0,0,40,<=50K
14998,34,164748,9,0,0,40,<=50K
15000,30,167476,10,0,0,60,<=50K
15002,52,53497,11,0,0,40,<=50K
15003,35,335704,12,0,0,60,<=50K
15005,30,163003,13,0,0,52,<=50K
15007,39,67433,13,0,0,40,<=50K
15008,25,458549,2,0,0,96,<=50K
15009,26,190469,13,0,0,40,<=50K
15010,20,195411,9,0,0,20,<=50K
15011,20,216889,10,0,0,40,<=50K
15012,70,336007,3,0,0,20,<=50K
15013,26,167350,9,0,0,50,<=50K
15014,24,241857,10,0,0,35,<=50K
15016,62,272209,9,0,0,99,<=50K
15017,48,175221,9,0,0,40,<=50K
15019,25,38090,13,0,0,44,<=50K
15020,58,310085,3,0,0,40,<=50K
15021,40,118686,13,0,0,45,<=50K
15022,29,112963,10,0,0,40,<=50K
15023,45,120131,4,0,0,52,<=50K
15024,19,43937,10,0,0,20,<=50K
15025,37,210438,7,0,0,40,<=50K
15026,23,176724,7,0,0,40,<=50K
15027,31,113364,9,0,0,60,<=50K
15028,64,73986,4,0,0,20,<=50K
15029,28,197932,10,0,0,16,<=50K
15030,32,193285,9,0,0,40,<=50K
15031,49,223342,10,0,0,44,<=50K
15033,19,211553,10,0,0,35,<=50K
15036,55,158702,10,0,2339,45,<=50K
15038,19,206599,10,0,0,16,<=50K
15039,29,89813,9,0,0,40,<=50K
15040,25,156848,9,0,0,35,<=50K
15041,37,162494,13,0,0,40,<=50K
15042,30,205407,9,0,0,40,<=50K
15043,28,375313,9,0,0,40,<=50K
15044,36,930948,10,6497,0,56,<=50K
15045,32,127895,10,0,0,35,<=50K
15046,34,248754,7,0,0,40,<=50K
15047,34,188096,9,0,0,36,<=50K
15048,20,216811,10,0,0,40,<=50K
15049,27,113870,14,0,0,40,<=50K
15050,36,343052,9,0,0,40,<=50K
15051,35,280966,10,0,0,40,<=50K
15052,37,42044,9,0,0,35,<=50K
15053,32,309513,9,0,0,50,<=50K
15054,32,163604,14,0,0,20,<=50K
15055,52,224198,9,0,0,48,<=50K
15057,23,242375,9,0,0,30,<=50K
15058,25,81286,9,0,0,45,<=50K
15059,21,243368,1,0,0,50,<=50K
15060,31,217803,9,0,0,32,<=50K
15061,31,323020,10,0,0,30,<=50K
15062,41,34278,11,0,0,40,<=50K
15063,47,184579,10,0,0,60,<=50K
15064,20,210781,10,0,0,10,<=50K
15065,20,142673,10,0,0,45,<=50K
15066,29,131714,6,0,0,25,<=50K
15067,51,74784,10,0,0,40,<=50K
15069,23,62507,10,0,0,12,<=50K
15072,62,113440,13,0,0,35,<=50K
15073,22,147227,13,0,0,30,<=50K
15076,20,184678,9,0,0,32,<=50K
15078,31,98639,13,0,0,40,<=50K
15079,30,174201,10,0,0,40,<=50K
15080,52,123780,9,0,0,38,<=50K
15081,20,374116,9,0,0,40,<=50K
15083,65,123965,13,0,0,40,<=50K
15084,40,242619,13,4650,0,40,<=50K
15086,27,113635,9,0,0,35,<=50K
15088,53,218311,9,0,0,35,<=50K
15090,49,314773,11,0,0,40,<=50K
15091,21,194861,9,0,0,40,<=50K
15092,18,400616,10,0,0,40,<=50K
15093,25,208117,13,0,0,40,<=50K
15094,36,184498,7,0,0,40,<=50K
15096,19,162621,10,0,0,14,<=50K
15097,23,368739,13,0,0,40,<=50K
15098,63,196994,13,0,0,15,<=50K
15099,63,420629,11,0,0,45,<=50K
15102,76,169133,10,0,0,30,<=50K
15103,50,99307,9,5013,0,45,<=50K
15106,51,107123,4,0,0,40,<=50K
15107,42,125461,13,4650,0,35,<=50K
15109,53,167065,7,0,0,40,<=50K
15110,29,53642,11,0,0,40,<=50K
15111,41,154668,10,0,0,40,<=50K
15112,44,102238,9,0,0,40,<=50K
15113,35,54595,6,0,1980,40,<=50K
15114,27,152951,9,0,0,40,<=50K
15115,35,257042,10,0,0,50,<=50K
15116,60,74243,11,0,0,30,<=50K
15118,33,117186,13,0,0,45,<=50K
15120,31,286911,10,0,0,38,<=50K
15122,57,177271,16,0,0,35,<=50K
15123,30,149427,5,0,0,45,<=50K
15124,45,101656,6,0,0,40,<=50K
15126,25,241025,13,0,0,18,<=50K
15128,42,210534,3,0,0,40,<=50K
15129,28,95725,11,0,0,45,<=50K
15130,47,178013,6,0,0,20,<=50K
15131,53,167410,13,0,0,40,<=50K
15134,25,406955,9,0,0,40,<=50K
15135,47,341762,9,0,0,40,<=50K
15136,26,239303,13,0,0,50,<=50K
15137,30,38848,9,0,0,40,<=50K
15138,48,54744,9,0,0,40,<=50K
15139,22,332194,10,0,0,40,<=50K
15140,32,154950,10,0,0,30,<=50K
15142,31,201292,9,0,0,40,<=50K
15144,26,250066,11,0,0,40,<=50K
15145,34,318886,9,0,0,40,<=50K
15147,30,242122,9,0,0,40,<=50K
15148,17,34019,7,0,0,20,<=50K
15149,35,230754,14,0,0,40,<=50K
15150,29,213842,10,0,0,40,<=50K
15151,27,196386,12,4064,0,40,<=50K
15152,32,62165,13,0,0,40,<=50K
15154,32,515629,9,0,0,40,<=50K
15155,47,119199,10,0,0,40,<=50K
15156,40,90222,10,0,0,40,<=50K
15157,26,28443,11,0,0,40,<=50K
15158,30,159442,9,0,0,40,<=50K
15159,54,315804,9,0,0,40,<=50K
15162,43,118001,4,0,0,40,<=50K
15163,25,207875,10,0,0,20,<=50K
15164,39,164898,9,0,0,40,<=50K
15166,47,111994,9,0,0,34,<=50K
15167,45,166636,9,0,0,35,<=50K
15168,24,61737,13,0,0,40,<=50K
15169,32,241885,6,0,0,40,<=50K
15170,25,234190,10,0,0,35,<=50K
15171,57,230899,3,0,0,40,<=50K
15173,28,222442,9,0,0,51,<=50K
15174,27,157612,13,0,0,55,<=50K
15175,28,199903,13,0,0,20,<=50K
15176,74,292627,2,0,0,40,<=50K
15177,44,156687,9,0,0,42,<=50K
15178,27,369522,9,0,0,45,<=50K
15179,61,226297,13,0,0,40,<=50K
15180,25,356017,7,0,0,99,<=50K
15181,28,189257,5,0,0,24,<=50K
15182,20,157541,10,0,0,40,<=50K
15183,33,69251,11,0,0,40,<=50K
15184,38,272944,9,0,0,40,<=50K
15185,31,113667,9,0,0,25,<=50K
15189,19,146679,10,0,0,30,<=50K
15190,56,226985,12,0,0,50,<=50K
15192,30,159303,13,0,0,4,<=50K
15193,22,200109,9,4508,0,40,<=50K
15194,18,109445,9,0,0,25,<=50K
15195,68,99491,10,0,0,20,<=50K
15196,35,172571,11,0,0,50,<=50K
15197,42,143582,4,0,0,48,<=50K
15198,32,207113,6,0,0,40,<=50K
15200,30,154297,6,0,0,40,<=50K
15201,62,238913,10,2829,0,24,<=50K
15202,38,110402,11,0,0,40,<=50K
15203,27,207213,9,0,0,40,<=50K
15205,26,34112,11,0,0,40,<=50K
15206,21,119156,10,0,0,20,<=50K
15207,19,249787,9,0,0,40,<=50K
15208,20,153516,10,0,0,30,<=50K
15209,25,260754,13,0,0,40,<=50K
15210,28,155621,10,0,0,50,<=50K
15212,23,306601,13,0,0,40,<=50K
15213,24,270075,13,0,0,50,<=50K
15214,23,109430,9,0,0,40,<=50K
15215,24,187115,13,0,0,20,<=50K
15216,25,463667,9,0,0,8,<=50K
15217,24,52262,9,0,0,40,<=50K
15218,30,144064,9,0,0,62,<=50K
15219,26,147821,13,0,0,45,<=50K
15220,62,232719,14,0,0,50,<=50K
15221,36,268620,10,0,0,33,<=50K
15222,45,81132,9,0,0,40,<=50K
15223,31,323069,12,0,880,45,<=50K
15224,34,242984,9,0,0,48,<=50K
15226,42,103932,11,0,0,40,<=50K
15227,27,431637,15,0,0,70,<=50K
15228,40,188942,10,0,0,40,<=50K
15231,30,193380,13,0,0,35,<=50K
15233,42,53956,9,0,0,55,<=50K
15234,23,120773,9,0,0,40,<=50K
15235,28,96219,13,0,0,15,<=50K
15236,20,104164,9,0,0,40,<=50K
15237,22,190429,10,0,0,20,<=50K
15238,73,243030,13,0,0,30,<=50K
15240,44,368757,10,0,0,40,<=50K
15241,40,220563,8,0,0,40,<=50K
15243,39,187847,9,0,0,50,<=50K
15245,44,254303,10,0,0,45,<=50K
15246,27,109611,5,0,0,37,<=50K
15247,50,189183,9,0,0,40,<=50K
15249,41,282882,9,0,0,40,<=50K
15251,53,209906,2,0,0,35,<=50K
15252,53,176059,14,0,0,50,<=50K
15254,21,347292,9,0,0,40,<=50K
15255,30,277314,9,0,0,40,<=50K
15256,74,29887,9,0,0,10,<=50K
15258,47,209460,10,0,1485,47,<=50K
15260,59,230899,5,0,0,40,<=50K
15262,47,20956,13,0,1740,40,<=50K
15263,49,39986,5,0,0,40,<=50K
15264,73,45784,10,0,0,11,<=50K
15265,58,126991,9,0,0,20,<=50K
15266,18,234648,7,0,0,15,<=50K
15267,35,207676,10,0,0,40,<=50K
15268,24,413345,10,0,0,50,<=50K
15269,62,122033,9,0,0,38,<=50K
15270,58,169611,9,0,0,40,<=50K
15272,21,372636,9,0,0,40,<=50K
15273,30,340917,13,0,0,40,<=50K
15274,27,34273,11,0,1876,36,<=50K
15276,31,99844,9,0,0,45,<=50K
15277,31,207685,9,0,0,34,<=50K
15280,30,36069,12,0,0,40,<=50K
15281,29,100563,9,0,0,40,<=50K
15282,36,174308,7,0,0,40,<=50K
15283,54,109413,13,0,0,50,<=50K
15285,55,271710,10,0,0,45,<=50K
15286,70,230816,11,0,0,30,<=50K
15287,22,103277,12,0,0,20,<=50K
15288,42,318947,9,0,0,40,<=50K
15289,36,187167,12,0,0,40,<=50K
15291,44,282062,4,0,0,40,<=50K
15292,22,283510,9,0,0,45,<=50K
15293,25,280093,7,0,0,40,<=50K
15294,31,202729,9,0,0,50,<=50K
15295,33,205950,9,0,0,40,<=50K
15297,42,119207,9,0,0,48,<=50K
15298,49,195554,9,0,0,44,<=50K
15299,30,173005,9,0,0,44,<=50K
15300,54,192862,9,0,0,45,<=50K
15301,39,164712,10,0,0,40,<=50K
15302,24,195808,10,0,0,40,<=50K
15303,21,199444,9,0,0,44,<=50K
15304,23,126346,5,0,0,30,<=50K
15305,54,177675,9,0,0,42,<=50K
15306,23,50341,14,0,0,20,<=50K
15307,39,237943,9,0,1726,40,<=50K
15308,23,126945,10,0,0,25,<=50K
15309,67,92061,9,0,0,8,<=50K
15310,19,109938,7,0,0,40,<=50K
15312,32,174704,7,0,0,40,<=50K
15313,57,124771,9,0,0,40,<=50K
15314,18,200603,9,0,0,30,<=50K
15316,21,301199,10,0,0,40,<=50K
15317,53,215790,10,0,0,22,<=50K
15319,21,111467,10,0,0,40,<=50K
15321,24,162282,9,0,0,40,<=50K
15322,36,239074,12,0,0,40,<=50K
15323,29,214925,14,0,0,60,<=50K
15324,23,194247,10,0,0,40,<=50K
15325,44,211531,10,0,0,50,<=50K
15326,32,223267,14,0,0,48,<=50K
15327,25,201635,13,0,0,50,<=50K
15328,41,188738,9,0,0,27,<=50K
15329,18,133055,9,0,0,30,<=50K
15330,57,61761,10,0,1672,45,<=50K
15332,29,109814,13,0,0,40,<=50K
15333,19,225294,9,0,0,40,<=50K
15336,28,286452,6,0,0,40,<=50K
15337,38,20308,9,0,0,40,<=50K
15338,42,224203,10,0,0,40,<=50K
15339,41,225978,13,0,0,40,<=50K
15340,23,237720,13,0,0,38,<=50K
15342,31,509364,3,0,0,45,<=50K
15344,18,375515,7,0,0,20,<=50K
15346,25,199472,11,0,0,38,<=50K
15348,27,221166,5,0,0,40,<=50K
15350,17,634226,6,0,0,17,<=50K
15351,43,159449,9,0,0,40,<=50K
15353,19,458558,9,0,0,40,<=50K
15354,20,340217,9,0,0,40,<=50K
15355,42,155106,10,0,0,45,<=50K
15356,90,90523,9,0,0,99,<=50K
15357,25,122756,7,0,0,35,<=50K
15358,27,293828,9,0,0,40,<=50K
15359,48,299291,9,0,0,44,<=50K
15360,48,483261,10,0,0,40,<=50K
15361,27,122038,9,0,0,48,<=50K
15362,46,160647,13,0,0,38,<=50K
15363,32,106541,3,0,0,40,<=50K
15364,22,126945,11,0,0,40,<=50K
15366,31,377850,9,0,0,65,<=50K
15367,20,193586,10,0,0,18,<=50K
15368,28,315417,15,2176,0,40,<=50K
15371,54,172991,9,0,0,40,<=50K
15372,59,223215,10,0,0,42,<=50K
15373,17,95799,7,0,0,18,<=50K
15374,25,213385,10,0,0,80,<=50K
15376,55,145574,9,34095,0,60,<=50K
15377,39,147548,9,0,0,40,<=50K
15378,67,105216,10,0,0,16,<=50K
15379,28,77760,9,0,0,40,<=50K
15380,35,167990,5,0,0,40,<=50K
15383,55,56645,13,0,0,40,<=50K
15385,32,42596,9,0,0,48,<=50K
15386,45,220641,10,0,0,40,<=50K
15389,55,168790,9,0,0,44,<=50K
15391,22,401762,9,0,0,55,<=50K
15392,46,160187,14,0,0,35,<=50K
15393,23,203715,9,0,0,40,<=50K
15395,34,420749,9,0,0,30,<=50K
15396,51,106151,7,0,0,40,<=50K
15397,40,362482,11,0,0,50,<=50K
15398,24,38151,10,0,0,12,<=50K
15399,20,42706,10,0,0,72,<=50K
15400,44,126199,10,1831,0,50,<=50K
15401,26,165510,9,0,0,40,<=50K
15402,35,216068,9,0,0,38,<=50K
15403,23,215624,10,0,0,40,<=50K
15404,40,239708,9,0,0,50,<=50K
15405,49,199378,9,0,0,40,<=50K
15406,32,230420,9,0,0,45,<=50K
15407,28,395022,11,0,0,40,<=50K
15410,31,446358,10,0,0,40,<=50K
15412,36,293528,11,0,0,3,<=50K
15413,44,55395,9,0,0,40,<=50K
15414,18,128538,9,0,0,20,<=50K
15416,32,126838,9,0,0,40,<=50K
15417,51,136836,12,0,0,30,<=50K
15419,28,139903,13,0,0,40,<=50K
15421,33,186824,11,0,0,40,<=50K
15422,42,350387,9,0,0,15,<=50K
15423,17,142912,6,0,0,40,<=50K
15424,63,321403,5,0,0,40,<=50K
15426,34,286689,14,4650,0,30,<=50K
15427,35,147258,10,0,1974,40,<=50K
15428,20,451996,9,0,0,40,<=50K
15429,36,149833,9,0,0,40,<=50K
15430,24,211968,10,0,0,24,<=50K
15432,36,166549,10,0,0,40,<=50K
15433,31,25216,13,0,0,40,<=50K
15434,29,286452,12,3418,0,40,<=50K
15437,34,82938,9,0,0,50,<=50K
15438,23,122048,9,0,0,40,<=50K
15439,33,118710,11,0,0,40,<=50K
15440,59,243226,6,0,0,40,<=50K
15441,67,268514,13,0,0,40,<=50K
15442,26,365289,9,0,0,40,<=50K
15443,27,165365,9,2885,0,40,<=50K
15444,20,219266,9,0,0,36,<=50K
15445,24,283757,13,0,0,39,<=50K
15446,44,206553,11,0,0,40,<=50K
15448,28,328949,15,0,0,60,<=50K
15449,19,83930,9,0,0,20,<=50K
15451,20,131852,9,0,0,40,<=50K
15452,64,119506,9,0,0,15,<=50K
15454,36,162302,10,0,0,35,<=50K
15456,19,194205,10,0,0,40,<=50K
15457,22,141040,9,0,0,35,<=50K
15458,56,346033,5,0,0,40,<=50K
15459,22,177125,10,0,0,50,<=50K
15461,57,130532,13,0,0,35,<=50K
15463,34,362787,9,0,0,40,<=50K
15464,22,244771,7,0,0,40,<=50K
15465,38,48123,10,0,0,40,<=50K
15468,29,37933,8,0,0,40,<=50K
15469,56,33323,9,0,0,40,<=50K
15471,66,306178,6,2050,0,40,<=50K
15472,71,229110,9,0,0,33,<=50K
15473,20,113511,7,0,0,40,<=50K
15474,25,333677,9,0,0,36,<=50K
15476,20,371089,9,0,0,40,<=50K
15478,24,133586,13,0,0,40,<=50K
15479,51,91137,5,0,0,40,<=50K
15480,27,105598,9,0,0,40,<=50K
15482,31,204829,9,0,0,40,<=50K
15483,39,247733,9,0,0,16,<=50K
15484,36,370585,9,0,0,40,<=50K
15485,51,103257,15,0,0,40,<=50K
15486,52,178915,9,0,0,40,<=50K
15488,43,55395,10,0,0,40,<=50K
15490,49,318331,9,0,0,40,<=50K
15491,19,195985,9,0,0,40,<=50K
15492,44,38876,9,0,0,40,<=50K
15493,67,81413,9,0,0,40,<=50K
15498,55,88856,4,0,0,40,<=50K
15499,23,169104,12,0,0,16,<=50K
15500,35,39207,9,0,0,40,<=50K
15501,35,340018,6,0,0,38,<=50K
15502,20,30796,10,0,0,10,<=50K
15503,51,155403,9,0,0,40,<=50K
15504,23,238092,13,0,0,40,<=50K
15505,39,225605,9,0,0,24,<=50K
15506,36,289148,10,0,0,40,<=50K
15509,29,568490,9,0,0,40,<=50K
15510,21,129345,10,0,0,40,<=50K
15511,18,447882,10,0,0,20,<=50K
15512,24,314165,10,0,0,20,<=50K
15514,51,82504,10,0,0,40,<=50K
15516,62,209844,10,0,0,30,<=50K
15518,20,228686,7,0,0,40,<=50K
15519,24,326587,10,0,0,40,<=50K
15520,25,202091,9,0,0,40,<=50K
15521,54,310774,13,0,0,40,<=50K
15522,25,450246,9,0,0,40,<=50K
15523,20,84375,9,0,0,45,<=50K
15525,26,82246,13,0,1876,38,<=50K
15526,24,192766,9,0,0,40,<=50K
15527,18,53109,7,0,0,20,<=50K
15529,45,298130,9,0,0,25,<=50K
15530,26,135645,13,0,0,40,<=50K
15531,47,265275,10,0,0,40,<=50K
15532,54,410114,9,0,0,40,<=50K
15533,21,232719,9,0,0,40,<=50K
15534,29,167716,9,0,0,99,<=50K
15535,68,107627,10,0,0,15,<=50K
15536,21,129674,10,0,0,48,<=50K
15537,28,114053,10,0,0,30,<=50K
15539,35,219902,9,0,0,48,<=50K
15540,50,192654,6,0,0,25,<=50K
15541,48,238966,10,0,0,40,<=50K
15542,17,112942,6,0,0,40,<=50K
15544,23,161874,10,0,0,40,<=50K
15545,53,260106,9,0,0,30,<=50K
15547,32,251612,3,0,0,45,<=50K
15548,53,223696,8,0,0,56,<=50K
15549,52,176134,9,0,0,48,<=50K
15550,38,186959,13,0,0,50,<=50K
15552,35,98948,13,0,0,32,<=50K
15554,22,448626,10,0,0,40,<=50K
15557,31,399052,5,0,0,42,<=50K
15559,47,152752,3,0,0,20,<=50K
15560,53,268545,9,0,0,40,<=50K
15563,24,225724,13,0,0,20,<=50K
15564,34,200192,10,0,0,40,<=50K
15566,29,224858,10,0,0,60,<=50K
15568,31,115488,9,0,0,40,<=50K
15569,29,1268339,9,0,0,40,<=50K
15570,42,195755,9,0,0,40,<=50K
15571,50,186272,10,0,0,40,<=50K
15572,34,181388,9,0,0,40,<=50K
15573,39,177181,4,0,0,40,<=50K
15574,74,91488,2,0,0,20,<=50K
15575,40,230961,10,0,0,40,<=50K
15578,36,29814,7,0,0,40,<=50K
15580,42,167678,7,0,0,22,<=50K
15582,19,63814,10,0,0,18,<=50K
15583,36,285865,12,0,0,32,<=50K
15584,33,160776,11,0,0,40,<=50K
15585,50,299831,10,0,880,40,<=50K
15587,48,204990,9,0,0,33,<=50K
15588,60,171315,9,0,0,40,<=50K
15589,30,296462,14,0,0,30,<=50K
15593,53,202720,5,0,0,75,<=50K
15594,34,202822,14,0,0,40,<=50K
15596,68,123464,9,0,0,45,<=50K
15597,32,294121,12,0,0,50,<=50K
15598,63,179981,9,0,0,4,<=50K
15599,31,234387,9,0,0,40,<=50K
15600,58,154537,13,0,0,20,<=50K
15602,32,156015,13,0,0,40,<=50K
15603,40,116632,13,0,0,80,<=50K
15605,38,115215,6,0,0,40,<=50K
15606,30,254905,9,0,0,40,<=50K
15607,21,195532,9,0,0,40,<=50K
15609,63,181828,9,0,0,48,<=50K
15610,32,203674,12,0,880,36,<=50K
15611,25,322585,9,0,0,45,<=50K
15613,22,211129,11,0,0,10,<=50K
15614,49,139268,10,0,0,40,<=50K
15615,36,188540,13,0,0,40,<=50K
15616,31,251167,9,0,0,30,<=50K
15617,46,94809,10,0,0,30,<=50K
15620,43,220109,10,0,1672,44,<=50K
15622,54,28683,9,3464,0,40,<=50K
15623,36,233571,10,0,0,4,<=50K
15624,29,24562,13,0,0,40,<=50K
15625,66,36364,9,0,2267,40,<=50K
15626,59,168569,15,0,0,50,<=50K
15628,29,271579,6,0,0,40,<=50K
15634,27,132326,10,0,0,40,<=50K
15635,45,220213,9,0,0,40,<=50K
15637,43,156745,10,0,0,40,<=50K
15638,39,218916,15,0,0,50,<=50K
15639,21,306114,10,0,0,20,<=50K
15640,24,196675,9,0,0,70,<=50K
15641,59,73411,15,0,0,30,<=50K
15643,72,75890,10,0,0,4,<=50K
15645,33,172498,10,0,0,40,<=50K
15646,30,131588,9,0,0,45,<=50K
15648,26,93806,10,0,0,55,<=50K
15649,37,173192,11,0,0,40,<=50K
15650,68,198554,10,0,0,20,<=50K
15652,56,225267,9,0,0,40,<=50K
15653,36,150042,9,0,0,40,<=50K
15655,38,208358,11,0,0,40,<=50K
15656,29,58115,13,0,0,41,<=50K
15657,28,219267,9,0,0,28,<=50K
15658,39,129573,10,0,0,50,<=50K
15659,26,27834,13,0,0,40,<=50K
15661,52,191529,13,0,0,40,<=50K
15662,84,132806,9,0,0,13,<=50K
15663,33,137059,10,0,0,10,<=50K
15665,30,164309,9,0,0,35,<=50K
15667,66,141085,9,0,0,8,<=50K
15671,39,231141,9,2829,0,40,<=50K
15672,60,146674,9,0,0,50,<=50K
15673,27,242207,13,0,0,40,<=50K
15674,37,102541,11,0,0,40,<=50K
15675,38,135416,10,0,0,40,<=50K
15676,25,267284,9,0,0,40,<=50K
15677,48,130812,9,0,0,40,<=50K
15678,42,183765,13,0,0,50,<=50K
15680,22,200593,10,0,0,40,<=50K
15681,50,124094,9,0,0,40,<=50K
15682,21,50411,9,0,0,40,<=50K
15683,44,101689,10,0,0,40,<=50K
15684,60,73091,9,0,1876,50,<=50K
15685,21,107801,10,0,0,6,<=50K
15686,51,176969,9,0,0,48,<=50K
15687,30,342709,9,0,0,40,<=50K
15688,46,368561,12,0,0,40,<=50K
15690,57,157974,9,0,0,48,<=50K
15693,68,195881,9,2414,0,40,<=50K
15694,33,183000,10,0,0,24,<=50K
15695,22,302347,9,4416,0,40,<=50K
15696,18,151463,7,0,0,7,<=50K
15697,28,217200,9,0,0,50,<=50K
15698,32,31740,14,0,0,40,<=50K
15699,56,35520,9,0,0,42,<=50K
15700,36,369843,9,0,0,50,<=50K
15701,34,199227,10,0,0,55,<=50K
15702,18,144711,9,0,1721,40,<=50K
15703,39,382802,6,0,1590,40,<=50K
15704,25,254781,13,0,0,40,<=50K
15705,27,70657,10,0,0,35,<=50K
15706,56,50791,14,0,1876,60,<=50K
15707,33,222162,9,0,0,40,<=50K
15709,44,104196,9,0,0,84,<=50K
15711,27,166210,9,0,0,50,<=50K
15713,30,292465,13,0,0,40,<=50K
15714,38,99388,12,0,0,40,<=50K
15715,38,698363,9,0,0,40,<=50K
15716,46,154940,10,0,0,40,<=50K
15717,37,401998,9,0,0,20,<=50K
15719,55,271795,9,0,0,40,<=50K
15720,47,134671,9,0,0,40,<=50K
15721,45,87583,9,0,0,14,<=50K
15722,50,248619,9,0,0,40,<=50K
15723,36,130200,9,0,0,40,<=50K
15724,45,178922,9,0,0,20,<=50K
15725,23,51985,9,0,0,38,<=50K
15728,27,617860,10,0,0,40,<=50K
15729,29,122112,13,0,0,50,<=50K
15730,45,181758,14,0,0,40,<=50K
15732,38,140117,10,0,0,20,<=50K
15733,27,107458,13,0,0,40,<=50K
15734,51,215948,10,0,0,40,<=50K
15735,44,306440,9,0,0,40,<=50K
15736,33,615893,14,0,0,40,<=50K
15739,43,196084,14,0,0,55,<=50K
15740,45,166181,9,0,0,40,<=50K
15742,24,232841,9,0,0,35,<=50K
15743,19,131982,10,0,0,40,<=50K
15747,30,200246,11,0,0,40,<=50K
15748,56,282023,9,0,0,40,<=50K
15750,38,106838,9,0,0,40,<=50K
15751,19,144750,10,0,0,18,<=50K
15752,39,108140,11,0,0,40,<=50K
15753,38,103323,9,0,0,40,<=50K
15755,58,197114,7,0,0,40,<=50K
15756,27,191628,9,2174,0,40,<=50K
15758,24,42401,13,0,0,47,<=50K
15759,42,322385,11,2407,0,40,<=50K
15761,35,210945,9,0,0,50,<=50K
15763,26,248990,9,0,0,40,<=50K
15764,33,132705,5,0,0,48,<=50K
15765,29,94892,10,0,0,40,<=50K
15766,43,141858,7,0,0,40,<=50K
15769,45,191776,14,0,0,40,<=50K
15770,43,128354,9,0,0,40,<=50K
15771,27,37088,5,0,0,30,<=50K
15772,21,414812,4,0,0,40,<=50K
15773,63,156799,9,0,0,4,<=50K
15776,41,73431,13,0,0,40,<=50K
15778,27,182386,7,0,0,35,<=50K
15779,53,281074,9,0,1092,40,<=50K
15780,33,248346,12,0,0,50,<=50K
15781,37,167482,6,0,0,35,<=50K
15782,18,171088,10,0,0,40,<=50K
15784,20,122166,10,0,0,40,<=50K
15786,36,138940,9,0,0,70,<=50K
15788,67,101132,4,1797,0,40,<=50K
15789,38,292307,13,0,0,40,<=50K
15790,47,248776,14,0,0,25,<=50K
15791,39,314007,11,0,0,40,<=50K
15792,34,213226,13,0,1485,35,<=50K
15793,36,76845,9,0,0,35,<=50K
15794,24,148320,10,0,0,40,<=50K
15795,50,54261,9,0,0,84,<=50K
15796,21,223352,9,1055,0,30,<=50K
15797,21,211013,5,0,0,50,<=50K
15798,40,209833,9,0,0,40,<=50K
15799,19,356272,10,0,0,25,<=50K
15800,38,143538,9,0,0,40,<=50K
15801,34,242960,11,0,0,50,<=50K
15802,44,263871,10,0,0,50,<=50K
15803,20,151105,12,0,0,25,<=50K
15805,49,46537,9,594,0,10,<=50K
15807,24,224716,9,0,0,40,<=50K
15808,34,186269,9,0,0,40,<=50K
15810,39,236391,9,0,0,45,<=50K
15811,22,54560,9,0,0,40,<=50K
15814,45,183710,9,0,0,48,<=50K
15815,23,278254,9,0,0,45,<=50K
15816,35,119992,12,0,0,45,<=50K
15818,55,368727,10,0,0,40,<=50K
15819,23,353696,9,0,0,40,<=50K
15820,22,31387,13,2885,0,25,<=50K
15821,27,110931,9,0,0,40,<=50K
15822,24,169532,12,0,0,15,<=50K
15823,21,285522,10,0,0,40,<=50K
15824,49,198774,13,0,0,35,<=50K
15825,32,123291,8,0,0,40,<=50K
15826,64,146110,10,0,0,24,<=50K
15827,37,29814,9,0,0,50,<=50K
15828,61,195595,4,0,0,40,<=50K
15833,23,276568,10,0,0,40,<=50K
15834,25,250038,14,0,0,40,<=50K
15835,29,150861,9,0,0,40,<=50K
15836,51,87205,13,0,0,55,<=50K
15837,47,343579,2,0,0,12,<=50K
15838,20,94401,9,0,0,40,<=50K
15840,27,205440,6,0,0,40,<=50K
15841,23,198996,9,0,0,40,<=50K
15842,18,294253,9,0,0,27,<=50K
15843,23,256628,4,0,0,32,<=50K
15844,59,223131,9,0,0,60,<=50K
15845,46,207301,9,0,0,37,<=50K
15846,66,270460,4,0,0,40,<=50K
15848,36,212856,7,0,0,23,<=50K
15849,44,197389,9,0,0,40,<=50K
15850,17,73338,7,0,0,20,<=50K
15851,27,68037,10,0,0,45,<=50K
15853,53,107123,9,0,0,40,<=50K
15854,22,109482,10,0,0,98,<=50K
15855,30,174543,12,0,0,40,<=50K
15856,47,208407,13,0,2002,30,<=50K
15858,39,108540,9,0,0,40,<=50K
15859,22,202416,13,0,0,40,<=50K
15861,20,176178,9,0,0,35,<=50K
15862,21,265148,9,0,0,38,<=50K
15863,34,220631,11,0,0,50,<=50K
15864,30,303692,9,0,0,75,<=50K
15865,25,135845,10,0,0,40,<=50K
15866,23,199915,9,0,0,21,<=50K
15867,40,150533,13,0,0,40,<=50K
15868,26,85482,9,0,0,40,<=50K
15871,43,82077,10,0,0,40,<=50K
15872,49,194895,13,0,0,40,<=50K
15874,32,176253,10,0,0,40,<=50K
15876,42,167581,13,0,0,40,<=50K
15877,37,79586,13,0,0,40,<=50K
15879,47,72896,9,0,0,40,<=50K
15881,30,302473,9,0,0,40,<=50K
15882,42,42346,9,0,0,35,<=50K
15883,21,243921,9,0,0,40,<=50K
15884,21,131620,9,0,0,40,<=50K
15885,47,158924,9,0,0,40,<=50K
15886,22,32921,10,0,0,20,<=50K
15888,41,155657,7,0,0,40,<=50K
15889,43,155106,13,0,0,53,<=50K
15890,60,82775,10,0,0,55,<=50K
15893,62,125155,9,0,0,38,<=50K
15894,28,218039,9,0,0,40,<=50K
15895,45,53524,10,0,0,40,<=50K
15896,19,259352,9,0,0,45,<=50K
15897,30,296453,9,0,0,35,<=50K
15898,19,278915,8,0,0,52,<=50K
15899,23,565313,10,2202,0,80,<=50K
15900,22,274103,13,0,0,10,<=50K
15901,19,271118,9,0,0,28,<=50K
15902,45,207107,12,0,2080,40,<=50K
15903,26,138597,9,0,0,25,<=50K
15905,62,159939,9,0,0,35,<=50K
15906,61,110920,6,0,0,40,<=50K
15908,22,163205,9,0,0,53,<=50K
15910,32,229051,10,0,0,40,<=50K
15911,24,144898,10,0,0,40,<=50K
15912,26,211596,9,0,0,40,<=50K
15913,32,48458,9,0,1669,45,<=50K
15914,58,201393,12,0,1876,40,<=50K
15916,23,193586,10,0,0,25,<=50K
15917,23,91189,10,0,0,40,<=50K
15918,54,227832,10,0,0,40,<=50K
15919,28,271936,10,0,0,35,<=50K
15922,23,201680,8,0,0,40,<=50K
15924,72,33404,6,0,0,20,<=50K
15925,21,103205,9,0,0,40,<=50K
15926,37,279029,13,0,0,40,<=50K
15927,54,213092,9,0,0,40,<=50K
15928,58,126104,14,0,1980,45,<=50K
15929,32,119124,13,0,0,40,<=50K
15930,65,31924,10,0,0,15,<=50K
15931,22,253799,13,0,0,45,<=50K
15933,65,185001,6,0,0,20,<=50K
15934,33,34102,9,0,0,35,<=50K
15935,35,115214,9,6497,0,65,<=50K
15936,27,289484,10,0,0,40,<=50K
15937,34,287908,9,0,0,42,<=50K
15938,53,158284,9,0,0,70,<=50K
15939,23,60668,6,0,0,40,<=50K
15941,58,244605,11,3908,0,40,<=50K
15942,38,150601,6,0,3770,40,<=50K
15943,26,199143,9,0,0,50,<=50K
15945,28,346406,9,0,1672,50,<=50K
15946,33,391122,9,0,0,30,<=50K
15947,29,280344,10,0,0,40,<=50K
15949,41,277488,4,0,0,36,<=50K
15950,63,181561,10,0,0,50,<=50K
15951,31,158545,9,0,0,27,<=50K
15952,23,313573,13,0,0,25,<=50K
15953,31,591711,10,0,0,40,<=50K
15957,23,520231,10,0,0,45,<=50K
15958,24,186831,10,0,0,45,<=50K
15959,67,141085,9,0,0,20,<=50K
15960,65,198019,9,0,0,35,<=50K
15962,21,409230,9,0,0,40,<=50K
15963,38,376025,4,0,0,40,<=50K
15964,55,80167,13,0,0,40,<=50K
15965,39,99357,14,1506,0,40,<=50K
15967,24,22201,9,0,0,40,<=50K
15969,19,117595,9,0,0,24,<=50K
15970,32,207668,9,0,0,50,<=50K
15972,18,192583,10,0,0,30,<=50K
15973,36,66304,10,0,0,45,<=50K
15974,41,200671,13,6497,0,40,<=50K
15975,57,32365,10,0,0,40,<=50K
15976,48,28497,9,0,0,40,<=50K
15977,44,222978,9,0,1504,40,<=50K
15978,25,160261,10,0,0,40,<=50K
15979,48,120724,8,0,0,50,<=50K
15980,20,91733,10,0,0,8,<=50K
15981,74,146929,9,0,0,55,<=50K
15982,44,205706,9,0,0,40,<=50K
15983,26,181666,10,0,0,40,<=50K
15984,54,279452,9,0,0,40,<=50K
15986,38,22494,10,7443,0,40,<=50K
15987,18,210026,6,0,0,40,<=50K
15988,32,190889,14,0,0,40,<=50K
15989,24,109869,10,0,0,40,<=50K
15990,19,285263,5,0,0,35,<=50K
15991,28,192588,9,0,0,40,<=50K
15992,28,232945,9,0,0,30,<=50K
15993,49,31339,9,0,0,40,<=50K
15994,50,305147,13,0,0,40,<=50K
15995,63,188914,9,0,0,40,<=50K
15996,58,141165,9,0,0,50,<=50K
15997,68,136218,9,0,0,15,<=50K
15999,21,199177,9,0,0,40,<=50K
16001,24,403671,13,0,0,40,<=50K
16002,50,193871,13,0,0,40,<=50K
16003,47,306183,10,0,0,44,<=50K
16005,54,124194,9,0,0,40,<=50K
16006,28,69847,13,0,0,30,<=50K
16007,26,169323,14,0,0,40,<=50K
16008,35,172327,13,0,0,42,<=50K
16009,48,118889,9,2885,0,15,<=50K
16010,50,166220,12,3942,0,40,<=50K
16011,39,186420,9,0,0,40,<=50K
16013,41,105616,10,0,0,48,<=50K
16014,24,141113,4,2580,0,40,<=50K
16015,57,160275,9,0,0,40,<=50K
16016,32,164507,9,0,0,40,<=50K
16019,41,254630,11,0,0,80,<=50K
16020,69,159522,4,2964,0,40,<=50K
16021,22,112130,9,0,0,40,<=50K
16022,45,192835,9,3942,0,40,<=50K
16023,33,206280,9,0,0,40,<=50K
16024,57,308861,10,0,0,40,<=50K
16026,40,206066,9,0,0,50,<=50K
16027,48,309895,10,0,0,40,<=50K
16028,38,216129,10,0,0,35,<=50K
16029,26,287420,13,0,0,60,<=50K
16030,24,163595,9,0,0,40,<=50K
16031,35,170092,9,0,0,20,<=50K
16033,42,59474,9,0,0,40,<=50K
16035,37,206888,9,0,0,50,<=50K
16036,28,177119,14,0,0,80,<=50K
16037,22,173736,9,0,0,40,<=50K
16038,24,182163,7,0,0,40,<=50K
16041,23,297152,10,0,0,25,<=50K
16042,24,130534,13,0,0,40,<=50K
16043,25,137301,12,0,0,40,<=50K
16044,58,316235,9,0,0,32,<=50K
16045,28,32922,11,0,0,60,<=50K
16047,18,188241,7,0,0,16,<=50K
16048,59,236731,4,0,0,40,<=50K
16049,39,209397,9,0,0,40,<=50K
16051,54,221915,15,0,0,65,<=50K
16055,36,461337,10,0,0,40,<=50K
16056,37,187311,10,0,0,60,<=50K
16057,32,29312,10,0,0,40,<=50K
16058,38,197365,9,0,0,50,<=50K
16059,19,301747,9,0,0,30,<=50K
16060,55,135439,13,0,0,48,<=50K
16061,30,340917,9,0,0,40,<=50K
16063,65,200749,9,0,0,25,<=50K
16064,44,323627,13,0,0,5,<=50K
16065,23,154921,3,0,0,50,<=50K
16066,32,131425,13,0,0,50,<=50K
16067,60,184242,9,0,0,20,<=50K
16068,28,149769,9,0,0,40,<=50K
16069,44,124924,9,0,0,40,<=50K
16070,29,253003,9,0,0,16,<=50K
16071,57,250976,9,0,0,40,<=50K
16072,41,104196,10,0,0,60,<=50K
16073,34,250182,7,0,0,60,<=50K
16074,44,188331,10,0,0,42,<=50K
16075,44,187322,13,0,0,40,<=50K
16076,57,130714,2,0,0,22,<=50K
16077,37,40955,13,0,0,30,<=50K
16080,27,133937,10,0,0,45,<=50K
16082,28,203260,13,0,0,8,<=50K
16083,37,143368,16,0,0,60,<=50K
16084,18,51789,10,0,0,8,<=50K
16085,24,211049,4,0,0,20,<=50K
16086,53,81794,8,0,0,40,<=50K
16087,40,139193,9,0,1980,48,<=50K
16088,54,150999,10,0,0,60,<=50K
16089,22,332657,10,0,0,40,<=50K
16090,44,240043,6,0,0,30,<=50K
16091,43,186188,10,0,0,45,<=50K
16095,35,283237,9,0,0,40,<=50K
16096,17,150106,6,0,0,20,<=50K
16097,45,102076,10,0,0,32,<=50K
16098,40,374764,10,0,0,40,<=50K
16099,35,32528,9,0,0,45,<=50K
16100,25,50053,13,0,0,45,<=50K
16101,58,212864,9,0,0,40,<=50K
16103,69,248248,2,0,0,34,<=50K
16104,23,419554,9,0,0,54,<=50K
16105,32,177216,13,0,0,40,<=50K
16106,48,118158,12,0,0,44,<=50K
16107,41,116391,13,0,0,40,<=50K
16108,74,194312,5,0,0,10,<=50K
16110,18,193290,10,0,1721,20,<=50K
16111,24,287988,13,0,0,40,<=50K
16112,58,147653,10,0,0,32,<=50K
16114,60,187458,4,0,0,40,<=50K
16115,28,410351,10,0,0,40,<=50K
16118,27,271243,10,0,0,40,<=50K
16119,30,188798,10,0,0,20,<=50K
16120,63,168656,13,0,0,35,<=50K
16121,33,460408,9,3325,0,50,<=50K
16122,34,241885,9,0,0,45,<=50K
16123,20,133061,5,0,0,40,<=50K
16124,51,194097,9,0,0,40,<=50K
16125,21,219137,6,0,0,25,<=50K
16127,43,207685,9,0,0,40,<=50K
16128,27,57052,9,2885,0,40,<=50K
16129,19,109854,9,0,0,40,<=50K
16130,20,369678,9,0,0,43,<=50K
16131,17,53611,8,0,0,6,<=50K
16132,47,344916,12,0,0,40,<=50K
16133,25,198813,13,0,0,40,<=50K
16134,71,180733,14,0,0,20,<=50K
16135,21,188073,9,0,0,40,<=50K
16136,69,159077,7,0,0,48,<=50K
16137,48,174829,12,0,0,40,<=50K
16138,57,142791,4,0,1602,3,<=50K
16140,34,188736,9,0,0,20,<=50K
16141,33,222654,10,0,0,66,<=50K
16142,56,251836,3,0,0,40,<=50K
16143,40,112388,14,0,0,40,<=50K
16144,28,209641,9,0,0,32,<=50K
16145,42,313945,14,0,0,40,<=50K
16146,19,134974,10,0,0,20,<=50K
16147,41,152742,11,3325,0,40,<=50K
16148,28,153291,9,0,0,35,<=50K
16149,40,353432,6,0,0,35,<=50K
16150,23,96635,10,0,0,30,<=50K
16153,39,114844,13,0,1876,50,<=50K
16154,45,132847,9,0,0,40,<=50K
16155,21,41356,10,0,0,35,<=50K
16156,50,93705,10,0,0,40,<=50K
16157,33,309350,9,0,0,40,<=50K
16158,34,123084,7,0,0,40,<=50K
16159,55,174662,9,0,0,32,<=50K
16160,62,177295,9,0,0,40,<=50K
16161,31,211880,13,0,0,40,<=50K
16162,35,454915,5,0,0,40,<=50K
16163,30,232475,9,0,0,40,<=50K
16166,51,257337,9,0,0,50,<=50K
16169,58,267663,4,0,0,40,<=50K
16172,45,175625,9,0,0,38,<=50K
16173,19,129586,10,0,0,40,<=50K
16175,40,168071,11,3325,0,40,<=50K
16178,56,101436,9,0,0,35,<=50K
16179,19,119234,10,0,0,15,<=50K
16181,60,93272,9,0,0,40,<=50K
16183,51,101722,4,3908,0,47,<=50K
16184,34,135785,13,0,0,36,<=50K
16185,23,218415,10,0,0,10,<=50K
16186,19,127709,9,0,0,30,<=50K
16187,37,448337,9,0,0,40,<=50K
16189,33,251521,7,0,0,35,<=50K
16191,36,116608,9,4865,0,40,<=50K
16192,26,71009,13,0,0,40,<=50K
16193,22,174975,11,0,0,36,<=50K
16194,32,108023,14,0,0,40,<=50K
16195,17,204018,7,0,0,15,<=50K
16196,57,366563,10,0,0,40,<=50K
16197,68,121846,4,0,0,20,<=50K
16198,70,278139,9,3432,0,40,<=50K
16199,30,114691,9,0,0,40,<=50K
16200,19,536725,10,0,0,15,<=50K
16201,51,94432,9,0,0,40,<=50K
16202,19,286002,10,0,0,30,<=50K
16203,47,101684,9,0,0,40,<=50K
16207,26,158846,9,0,0,45,<=50K
16208,41,190786,13,0,0,20,<=50K
16209,25,306513,10,0,0,45,<=50K
16210,62,152148,5,0,0,40,<=50K
16211,23,309580,14,0,0,40,<=50K
16212,26,130832,13,0,0,10,<=50K
16213,25,194897,9,6849,0,40,<=50K
16214,30,130078,13,0,0,45,<=50K
16215,48,39986,9,0,0,40,<=50K
16216,20,379198,9,0,0,40,<=50K
16218,19,178147,10,0,0,10,<=50K
16219,31,332379,9,0,0,40,<=50K
16221,21,262062,10,0,0,40,<=50K
16222,40,275446,9,0,0,40,<=50K
16223,30,278522,7,0,0,40,<=50K
16224,28,54683,10,0,1590,40,<=50K
16226,18,205894,7,0,0,15,<=50K
16228,32,166634,9,0,0,40,<=50K
16229,52,185283,14,0,0,40,<=50K
16230,27,180553,9,0,0,40,<=50K
16231,45,199058,13,0,0,48,<=50K
16232,18,145005,10,0,0,20,<=50K
16233,37,184655,9,0,0,35,<=50K
16235,59,307423,5,0,0,50,<=50K
16236,27,472070,11,0,0,40,<=50K
16237,43,115562,9,0,0,40,<=50K
16239,44,33121,10,0,0,72,<=50K
16240,37,183345,11,0,0,45,<=50K
16242,48,97883,9,0,0,25,<=50K
16243,58,31732,13,0,0,50,<=50K
16244,29,206250,9,0,0,45,<=50K
16245,37,103323,12,0,0,40,<=50K
16247,36,376455,11,0,0,38,<=50K
16248,52,160703,9,0,0,48,<=50K
16249,30,131699,9,0,0,40,<=50K
16250,22,243842,5,0,0,40,<=50K
16251,55,349910,12,0,0,60,<=50K
16253,33,184306,9,0,0,30,<=50K
16254,46,224202,10,0,0,50,<=50K
16255,64,151540,7,0,0,16,<=50K
16256,28,231197,6,0,0,40,<=50K
16257,19,279968,9,0,0,42,<=50K
16258,36,162651,9,0,0,40,<=50K
16260,39,160120,16,0,0,40,<=50K
16262,24,201664,10,0,0,40,<=50K
16263,40,137142,9,0,0,60,<=50K
16265,56,183169,14,0,0,40,<=50K
16266,46,126513,9,0,0,40,<=50K
16267,35,185053,13,0,0,40,<=50K
16270,61,199198,4,0,0,21,<=50K
16271,31,184306,11,0,1980,60,<=50K
16272,63,172740,10,0,0,40,<=50K
16273,41,205153,11,0,0,40,<=50K
16274,48,164964,9,0,0,40,<=50K
16275,45,162606,9,0,0,35,<=50K
16276,24,179627,9,0,0,40,<=50K
16278,27,36440,13,0,0,40,<=50K
16279,26,57512,11,0,0,48,<=50K
16280,27,187981,9,0,0,40,<=50K
16281,55,393768,11,0,0,40,<=50K
16286,39,35890,12,0,0,40,<=50K
16288,34,105540,13,0,2051,40,<=50K
16289,44,408717,9,3674,0,50,<=50K
16290,21,57916,9,0,0,40,<=50K
16291,37,177974,10,0,0,70,<=50K
16292,34,177304,6,0,0,40,<=50K
16293,18,115839,8,0,0,30,<=50K
16294,34,205256,9,2885,0,80,<=50K
16296,19,211355,9,0,0,12,<=50K
16297,46,173243,9,0,0,40,<=50K
16298,19,343200,10,0,0,25,<=50K
16299,22,401690,10,0,0,20,<=50K
16300,38,196123,9,0,0,50,<=50K
16302,83,213866,9,0,0,8,<=50K
16304,38,153976,9,0,0,40,<=50K
16305,33,119176,10,0,0,40,<=50K
16307,38,156550,9,0,0,60,<=50K
16308,25,109609,10,0,0,25,<=50K
16309,38,26698,9,0,0,40,<=50K
16311,33,306309,14,0,0,50,<=50K
16312,17,242773,7,0,0,20,<=50K
16313,28,124680,13,6849,0,60,<=50K
16314,52,43909,9,0,0,40,<=50K
16315,34,112820,9,2463,0,40,<=50K
16316,25,148300,13,0,0,15,<=50K
16317,17,133449,5,0,0,26,<=50K
16318,22,263670,9,0,0,80,<=50K
16319,22,276494,9,0,0,40,<=50K
16321,58,317479,9,0,0,40,<=50K
16322,39,151248,10,0,0,35,<=50K
16323,59,130532,10,0,0,40,<=50K
16324,61,160062,9,0,0,40,<=50K
16325,32,299635,11,0,0,45,<=50K
16327,51,33304,9,0,0,40,<=50K
16328,43,95634,13,0,0,45,<=50K
16329,20,243878,10,0,0,40,<=50K
16330,38,181721,13,0,0,40,<=50K
16332,28,334032,11,0,0,50,<=50K
16333,50,220019,14,0,0,40,<=50K
16334,53,71772,16,0,0,50,<=50K
16335,42,27661,13,0,0,45,<=50K
16336,47,191411,14,0,0,45,<=50K
16338,38,37778,9,0,0,60,<=50K
16339,34,171216,13,0,0,50,<=50K
16340,40,93955,10,0,0,40,<=50K
16341,63,163809,10,0,0,20,<=50K
16343,43,188436,11,0,0,48,<=50K
16344,28,72443,10,0,1669,60,<=50K
16346,22,214238,4,0,0,40,<=50K
16347,46,394860,13,0,0,38,<=50K
16348,57,262642,9,0,0,40,<=50K
16349,38,125550,9,0,0,35,<=50K
16350,66,192504,14,0,0,40,<=50K
16351,29,131310,12,0,0,40,<=50K
16353,38,172755,9,0,0,40,<=50K
16354,35,209993,7,0,0,8,<=50K
16355,30,166961,13,0,0,37,<=50K
16356,39,315291,9,0,0,40,<=50K
16357,31,284703,14,0,0,40,<=50K
16358,50,166565,9,0,0,50,<=50K
16359,30,173854,9,0,0,60,<=50K
16360,25,189219,13,0,0,40,<=50K
16361,24,210781,13,0,0,40,<=50K
16362,59,171328,9,0,2339,40,<=50K
16363,45,199832,13,0,0,15,<=50K
16364,64,251292,3,0,0,20,<=50K
16365,61,122246,8,0,0,40,<=50K
16366,42,190767,11,0,0,40,<=50K
16367,28,278736,3,0,0,40,<=50K
16368,53,124963,9,0,0,40,<=50K
16369,33,167476,7,0,0,7,<=50K
16370,34,246104,14,0,0,40,<=50K
16371,41,171615,10,0,0,48,<=50K
16373,46,177114,12,0,0,27,<=50K
16374,32,146154,9,0,0,40,<=50K
16375,41,198196,9,0,0,40,<=50K
16376,30,79712,13,0,0,40,<=50K
16377,54,154785,13,0,0,50,<=50K
16378,33,182423,9,0,0,40,<=50K
16379,20,347292,9,0,0,32,<=50K
16380,34,118584,13,0,0,40,<=50K
16381,20,219835,10,0,0,30,<=50K
16382,17,148769,9,0,0,40,<=50K
16383,45,197418,10,0,0,48,<=50K
16384,21,253190,9,0,0,40,<=50K
16385,25,192273,13,0,0,40,<=50K
16386,38,129573,9,0,0,41,<=50K
16387,17,173807,7,0,0,15,<=50K
16388,35,217893,9,0,0,30,<=50K
16389,38,102938,13,0,0,40,<=50K
16391,25,50053,9,0,0,40,<=50K
16392,57,233382,14,0,0,40,<=50K
16394,39,272166,13,0,0,30,<=50K
16395,23,199915,13,0,0,35,<=50K
16396,21,305781,9,0,0,45,<=50K
16397,47,107682,9,0,0,48,<=50K
16398,25,188507,4,0,0,40,<=50K
16399,18,28311,7,0,0,35,<=50K
16400,41,197069,10,4650,0,40,<=50K
16401,19,177839,9,0,0,15,<=50K
16402,24,77665,9,0,0,42,<=50K
16405,32,106742,9,0,0,40,<=50K
16406,28,192838,11,0,0,45,<=50K
16408,21,337766,10,0,0,20,<=50K
16410,17,34088,8,0,0,25,<=50K
16411,55,176904,6,0,0,50,<=50K
16412,42,172148,10,0,0,40,<=50K
16413,49,199058,9,0,0,38,<=50K
16414,38,48093,9,0,0,40,<=50K
16415,50,143664,13,0,0,40,<=50K
16417,43,195212,13,0,0,40,<=50K
16419,42,376072,9,0,0,30,<=50K
16420,32,430175,9,0,0,50,<=50K
16421,44,240628,12,2354,0,40,<=50K
16423,55,28735,9,0,0,45,<=50K
16424,37,167482,9,0,0,40,<=50K
16425,59,113203,9,0,0,40,<=50K
16426,56,103948,7,0,0,40,<=50K
16427,33,310525,8,0,0,32,<=50K
16429,44,153489,9,0,0,40,<=50K
16431,31,118149,10,0,0,40,<=50K
16432,18,267965,7,0,0,15,<=50K
16433,43,50646,9,0,0,70,<=50K
16434,33,147700,9,0,0,40,<=50K
16435,18,446771,10,0,0,25,<=50K
16436,47,168262,13,0,0,40,<=50K
16437,53,117058,9,0,0,40,<=50K
16439,35,186126,14,0,0,38,<=50K
16440,49,268234,6,0,0,40,<=50K
16441,26,485117,12,0,0,40,<=50K
16442,25,31350,9,0,0,60,<=50K
16443,36,210830,14,0,0,30,<=50K
16444,29,196420,9,0,0,45,<=50K
16445,52,172165,6,0,0,25,<=50K
16446,50,186565,13,0,0,50,<=50K
16447,22,119359,13,0,0,40,<=50K
16448,44,109684,14,0,0,40,<=50K
16450,49,125421,9,0,0,38,<=50K
16451,31,500002,2,0,0,45,<=50K
16452,33,224141,9,0,0,40,<=50K
16453,50,113290,9,0,0,15,<=50K
16454,62,123992,9,0,0,40,<=50K
16455,26,58098,10,0,1974,40,<=50K
16456,46,37672,9,0,0,15,<=50K
16458,49,35406,9,0,0,20,<=50K
16459,22,199419,9,0,0,40,<=50K
16461,58,238438,10,0,0,42,<=50K
16463,21,56582,7,0,0,50,<=50K
16464,67,176931,4,0,0,20,<=50K
16465,39,188571,7,0,0,40,<=50K
16466,52,312500,11,0,0,40,<=50K
16467,25,278404,13,0,0,40,<=50K
16469,18,184016,7,0,0,20,<=50K
16471,59,205759,16,0,0,50,<=50K
16472,23,462294,12,0,0,44,<=50K
16473,42,102085,9,0,0,15,<=50K
16475,39,248694,9,0,0,60,<=50K
16476,57,190747,5,0,0,40,<=50K
16477,51,162988,6,0,0,25,<=50K
16478,31,156890,4,0,0,40,<=50K
16479,24,310380,10,0,0,45,<=50K
16480,35,172186,10,0,0,40,<=50K
16481,26,311497,13,0,0,40,<=50K
16483,31,152156,9,0,0,45,<=50K
16485,38,312528,13,0,0,37,<=50K
16486,51,282744,13,0,0,40,<=50K
16487,27,205145,9,0,0,40,<=50K
16488,33,119918,13,0,0,45,<=50K
16490,72,173427,9,0,0,40,<=50K
16491,25,189027,13,0,0,40,<=50K
16493,23,42706,10,0,0,45,<=50K
16494,63,106910,3,0,0,19,<=50K
16495,23,53245,5,0,0,40,<=50K
16497,75,71898,1,0,0,48,<=50K
16498,52,222107,10,0,0,50,<=50K
16499,69,277588,9,0,0,10,<=50K
16501,40,391744,9,0,0,40,<=50K
16503,21,39236,10,0,0,8,<=50K
16504,30,86808,13,0,0,40,<=50K
16505,46,147640,3,0,1902,40,<=50K
16506,21,184756,10,0,0,16,<=50K
16507,44,191256,9,0,0,40,<=50K
16508,51,105943,9,3908,0,40,<=50K
16509,40,101272,9,0,0,32,<=50K
16510,33,175023,9,0,0,37,<=50K
16511,22,357612,9,0,0,60,<=50K
16512,23,82777,9,0,0,30,<=50K
16513,75,218521,10,0,0,30,<=50K
16514,55,179534,7,0,0,40,<=50K
16515,24,33339,10,0,0,20,<=50K
16517,31,198069,9,0,0,24,<=50K
16519,26,167261,13,0,0,40,<=50K
16520,61,160942,14,3103,0,50,<=50K
16521,44,107584,14,3908,0,50,<=50K
16522,28,251854,10,0,0,40,<=50K
16524,51,302579,9,0,0,30,<=50K
16525,44,64632,16,0,0,60,<=50K
16526,24,83141,13,0,0,40,<=50K
16528,36,83471,9,0,0,20,<=50K
16529,23,170070,8,0,0,38,<=50K
16530,25,207875,4,0,0,40,<=50K
16531,48,119722,10,0,0,8,<=50K
16532,18,335665,7,0,0,24,<=50K
16533,25,212522,9,0,0,40,<=50K
16534,19,42069,9,2176,0,45,<=50K
16535,26,131777,13,0,2002,40,<=50K
16536,33,236396,9,0,0,35,<=50K
16537,42,159911,9,0,0,40,<=50K
16538,22,133833,10,0,0,40,<=50K
16540,33,174201,9,0,0,40,<=50K
16541,34,49707,9,0,0,70,<=50K
16542,33,201988,14,0,0,45,<=50K
16544,30,182833,10,0,0,40,<=50K
16545,22,383603,10,0,0,40,<=50K
16546,34,70466,11,0,0,40,<=50K
16547,43,184846,9,0,0,60,<=50K
16548,25,176756,13,0,0,40,<=50K
16549,35,112512,9,0,0,40,<=50K
16550,28,137296,12,0,0,40,<=50K
16551,28,37821,10,0,0,45,<=50K
16552,25,295108,9,0,0,25,<=50K
16554,35,255635,5,0,0,40,<=50K
16555,48,177783,4,0,0,50,<=50K
16556,63,179400,9,2290,0,20,<=50K
16558,36,410034,12,0,0,45,<=50K
16559,39,180667,10,0,0,40,<=50K
16560,24,196332,9,0,0,40,<=50K
16561,32,159187,13,0,0,35,<=50K
16562,46,225065,1,0,0,40,<=50K
16563,19,178147,9,0,0,35,<=50K
16564,30,272669,10,0,0,40,<=50K
16565,35,347491,11,0,0,40,<=50K
16566,23,146399,13,0,0,55,<=50K
16567,33,75167,9,0,0,55,<=50K
16568,25,133373,9,0,0,40,<=50K
16570,18,96483,9,0,0,20,<=50K
16571,59,368005,7,0,0,40,<=50K
16572,45,36032,9,0,0,40,<=50K
16573,30,174215,16,0,0,15,<=50K
16574,24,228772,3,0,0,40,<=50K
16575,22,242912,9,0,0,35,<=50K
16577,35,166549,8,0,0,40,<=50K
16578,48,121622,14,0,1380,40,<=50K
16579,18,201613,8,0,0,20,<=50K
16580,35,29874,10,0,0,40,<=50K
16581,27,168138,9,0,0,40,<=50K
16582,28,162404,13,0,0,60,<=50K
16583,21,162160,10,0,0,40,<=50K
16584,26,139116,10,0,0,50,<=50K
16586,39,370585,9,0,0,40,<=50K
16587,40,151038,13,0,0,40,<=50K
16589,34,271933,14,0,0,50,<=50K
16590,34,182401,12,0,0,40,<=50K
16591,66,234743,10,0,0,50,<=50K
16592,40,182140,9,0,0,40,<=50K
16594,59,96459,4,0,0,40,<=50K
16595,28,205562,14,0,0,40,<=50K
16598,18,127273,7,0,0,20,<=50K
16599,25,114345,5,914,0,40,<=50K
16600,22,341227,10,0,0,20,<=50K
16602,68,65730,9,0,0,25,<=50K
16603,30,145231,12,0,1762,40,<=50K
16605,45,285335,4,0,0,10,<=50K
16606,23,177087,7,0,0,35,<=50K
16609,23,384651,10,0,0,40,<=50K
16610,51,189551,9,0,0,40,<=50K
16611,53,194791,9,0,0,45,<=50K
16612,24,194630,13,0,0,35,<=50K
16613,53,177647,13,0,0,40,<=50K
16614,49,51620,16,0,0,60,<=50K
16615,34,251421,9,0,0,40,<=50K
16616,37,180477,9,0,0,47,<=50K
16617,40,391736,11,0,0,40,<=50K
16618,23,170091,10,0,0,6,<=50K
16620,35,276153,13,4650,0,40,<=50K
16623,32,168443,14,0,0,40,<=50K
16624,33,120201,9,0,0,65,<=50K
16625,59,114678,9,0,0,60,<=50K
16626,36,167440,10,0,0,44,<=50K
16628,31,212235,10,0,0,45,<=50K
16629,46,44671,13,0,0,40,<=50K
16630,44,87282,13,0,0,38,<=50K
16632,29,322238,9,0,0,40,<=50K
16633,39,65382,10,0,0,40,<=50K
16634,62,115176,9,0,0,65,<=50K
16636,42,409902,9,0,0,25,<=50K
16638,35,283305,13,0,0,40,<=50K
16639,39,435638,10,0,0,40,<=50K
16640,34,114733,12,0,0,36,<=50K
16641,22,162343,10,0,0,22,<=50K
16642,18,195981,9,0,0,40,<=50K
16644,44,395078,9,0,0,40,<=50K
16645,49,159641,13,0,625,40,<=50K
16646,21,159567,9,0,0,50,<=50K
16647,49,133917,11,0,0,40,<=50K
16648,52,196894,7,0,0,40,<=50K
16650,23,190290,13,0,0,40,<=50K
16651,54,102828,9,0,0,49,<=50K
16652,31,128493,9,0,0,25,<=50K
16653,30,290677,14,0,0,20,<=50K
16654,21,283757,10,0,0,40,<=50K
16658,22,203182,13,0,0,30,<=50K
16659,20,211968,10,0,0,45,<=50K
16660,26,215384,13,0,1974,55,<=50K
16661,26,166666,10,0,0,35,<=50K
16664,27,322208,10,0,0,40,<=50K
16665,65,420277,10,0,0,40,<=50K
16666,31,123430,7,0,0,65,<=50K
16671,33,511517,9,0,0,40,<=50K
16672,40,118001,6,0,0,40,<=50K
16674,21,32732,10,0,0,40,<=50K
16675,40,223548,9,0,0,40,<=50K
16676,33,389932,9,0,0,55,<=50K
16677,29,102345,10,0,0,52,<=50K
16678,41,107584,10,0,0,35,<=50K
16679,20,34321,10,0,0,30,<=50K
16680,20,39478,10,0,0,54,<=50K
16681,34,276221,6,0,0,40,<=50K
16686,23,216889,9,0,0,40,<=50K
16687,23,386705,10,0,0,24,<=50K
16688,47,249585,10,0,0,30,<=50K
16691,46,146497,9,0,0,40,<=50K
16692,29,190765,9,0,0,44,<=50K
16693,21,186314,9,0,0,40,<=50K
16695,38,162322,11,0,0,40,<=50K
16696,44,115932,14,0,0,40,<=50K
16698,38,143517,13,0,0,40,<=50K
16704,19,252862,11,0,0,40,<=50K
16705,59,199240,9,0,0,20,<=50K
16706,43,145762,13,0,0,40,<=50K
16707,29,142443,13,0,0,60,<=50K
16708,49,99361,15,0,0,45,<=50K
16709,36,105138,9,0,0,50,<=50K
16710,26,183171,7,1055,0,32,<=50K
16711,18,151866,10,0,0,20,<=50K
16712,60,297261,10,0,0,15,<=50K
16713,43,148998,9,0,0,40,<=50K
16714,42,143046,9,0,0,40,<=50K
16715,41,183850,9,0,0,50,<=50K
16717,31,198452,13,0,0,40,<=50K
16718,20,161092,10,0,0,40,<=50K
16720,51,155963,10,0,0,55,<=50K
16722,24,376393,11,0,0,40,<=50K
16723,21,151790,10,0,0,30,<=50K
16724,21,438139,9,0,0,50,<=50K
16725,20,163911,10,0,0,40,<=50K
16726,35,214896,9,0,0,45,<=50K
16727,30,102821,10,0,0,40,<=50K
16728,44,90021,9,0,0,30,<=50K
16730,42,158555,6,0,0,40,<=50K
16731,36,28160,9,0,0,40,<=50K
16732,32,462255,13,0,0,40,<=50K
16733,33,144949,9,0,0,40,<=50K
16734,27,116207,5,0,0,32,<=50K
16735,17,187308,6,0,0,15,<=50K
16736,45,189890,9,0,0,40,<=50K
16737,41,185267,13,0,0,40,<=50K
16738,19,63434,10,0,0,35,<=50K
16739,45,1366120,11,0,0,8,<=50K
16741,34,134886,9,0,1740,35,<=50K
16743,17,181337,6,0,0,20,<=50K
16744,51,74784,13,0,0,60,<=50K
16745,33,44392,9,0,0,20,<=50K
16746,23,406641,10,0,0,18,<=50K
16748,36,139770,10,0,0,32,<=50K
16749,25,180212,9,0,0,40,<=50K
16750,38,338212,10,0,0,20,<=50K
16751,64,178472,5,0,0,45,<=50K
16753,29,168470,9,0,0,40,<=50K
16754,26,80485,13,0,0,38,<=50K
16755,38,181705,9,0,0,24,<=50K
16756,24,216867,6,0,0,30,<=50K
16760,18,266287,10,0,0,25,<=50K
16761,44,128485,11,0,0,40,<=50K
16762,81,89015,9,0,0,18,<=50K
16764,52,167527,7,0,0,40,<=50K
16766,35,210150,9,0,0,40,<=50K
16767,39,179824,9,0,0,36,<=50K
16768,27,420351,9,0,0,40,<=50K
16769,23,215443,10,0,0,15,<=50K
16770,26,116044,7,2907,0,50,<=50K
16771,33,215306,11,0,0,40,<=50K
16772,39,108069,10,0,0,40,<=50K
16773,44,260046,9,0,0,40,<=50K
16774,38,31053,9,0,0,40,<=50K
16775,18,362302,8,0,0,15,<=50K
16776,54,87205,9,0,0,15,<=50K
16777,45,191703,9,0,0,40,<=50K
16779,23,185575,13,0,0,40,<=50K
16780,37,177858,10,2174,0,40,<=50K
16781,33,73585,7,0,0,50,<=50K
16783,32,108467,13,0,0,55,<=50K
16784,47,431245,4,0,0,40,<=50K
16786,22,204935,9,0,0,40,<=50K
16787,17,277112,7,0,0,30,<=50K
16791,26,152457,9,0,0,40,<=50K
16792,31,187901,10,0,1504,40,<=50K
16793,50,266529,7,0,0,40,<=50K
16794,18,256179,10,594,0,10,<=50K
16795,63,113756,9,0,0,40,<=50K
16798,51,146325,9,0,0,28,<=50K
16799,29,198825,9,0,0,38,<=50K
16800,69,71489,14,0,0,25,<=50K
16801,56,111218,9,0,0,60,<=50K
16802,26,221626,13,0,0,40,<=50K
16804,42,352196,9,0,0,22,<=50K
16807,23,182615,10,0,0,40,<=50K
16809,34,386370,10,0,0,50,<=50K
16812,46,142210,9,0,0,25,<=50K
16813,33,415706,3,0,0,40,<=50K
16814,46,237731,11,0,0,40,<=50K
16815,26,343506,9,0,0,40,<=50K
16816,49,116163,13,0,0,50,<=50K
16817,66,206560,9,0,0,35,<=50K
16819,35,301862,9,0,0,40,<=50K
16820,27,33429,10,0,0,40,<=50K
16821,31,169583,9,0,0,40,<=50K
16822,47,146497,10,0,0,16,<=50K
16824,27,240809,10,0,0,56,<=50K
16825,38,203763,9,0,0,40,<=50K
16826,27,218785,9,0,0,40,<=50K
16827,23,381741,12,0,1721,20,<=50K
16828,17,244602,8,0,0,15,<=50K
16830,26,101027,9,0,0,48,<=50K
16831,37,99270,9,0,0,40,<=50K
16834,26,131686,13,0,0,40,<=50K
16835,73,84390,11,0,0,32,<=50K
16836,44,277533,10,0,0,40,<=50K
16837,47,72880,14,0,0,40,<=50K
16838,28,149646,10,0,0,20,<=50K
16839,49,209057,10,0,0,40,<=50K
16840,17,108909,9,0,0,20,<=50K
16841,42,74949,10,0,0,40,<=50K
16842,30,235639,6,0,0,40,<=50K
16843,36,137421,11,0,0,37,<=50K
16844,53,122412,13,0,0,40,<=50K
16845,23,434894,9,0,0,40,<=50K
16846,35,379959,9,0,0,40,<=50K
16849,40,32627,14,0,0,60,<=50K
16850,28,65171,10,0,0,40,<=50K
16851,32,193380,9,0,0,40,<=50K
16852,42,184823,10,0,0,40,<=50K
16853,35,81259,13,0,0,43,<=50K
16854,35,301369,8,0,0,40,<=50K
16855,21,190968,9,0,0,40,<=50K
16857,31,330715,9,0,0,40,<=50K
16858,25,77698,10,0,0,40,<=50K
16859,35,139770,9,6849,0,40,<=50K
16860,24,109053,9,0,0,25,<=50K
16861,69,312653,10,0,0,25,<=50K
16863,35,331831,13,0,0,40,<=50K
16866,48,36228,9,0,0,44,<=50K
16867,49,160167,11,0,0,40,<=50K
16868,53,178356,12,2407,0,99,<=50K
16869,43,104196,10,0,0,40,<=50K
16871,35,187693,9,0,0,40,<=50K
16872,36,114988,9,0,0,40,<=50K
16873,34,117392,14,0,0,40,<=50K
16875,53,195638,9,0,0,40,<=50K
16876,37,245053,10,0,1504,40,<=50K
16877,49,216734,15,0,0,40,<=50K
16878,30,197827,10,0,0,40,<=50K
16879,41,49156,9,0,0,40,<=50K
16880,25,126133,10,0,0,40,<=50K
16881,24,304463,10,0,0,65,<=50K
16882,34,214288,9,0,0,40,<=50K
16883,29,274969,9,0,0,42,<=50K
16884,23,189072,13,0,0,45,<=50K
16885,46,128047,10,0,0,42,<=50K
16886,20,210338,10,0,0,15,<=50K
16887,63,122442,8,0,0,40,<=50K
16888,40,167081,14,3103,0,50,<=50K
16889,33,251421,12,0,0,50,<=50K
16890,24,219519,10,0,0,40,<=50K
16891,36,33355,10,0,0,45,<=50K
16892,25,441210,9,0,0,40,<=50K
16893,54,178356,5,0,0,40,<=50K
16894,50,231196,13,0,0,50,<=50K
16895,58,40925,13,0,0,40,<=50K
16896,17,270587,7,0,0,20,<=50K
16898,27,114967,13,0,0,40,<=50K
16899,20,344492,9,0,0,26,<=50K
16900,22,369387,7,0,0,35,<=50K
16901,80,101771,7,0,0,25,<=50K
16902,52,137428,9,0,0,45,<=50K
16904,48,139290,6,0,0,48,<=50K
16905,62,199193,9,0,0,25,<=50K
16907,21,123727,10,0,0,28,<=50K
16911,25,120450,9,0,0,40,<=50K
16912,26,152240,10,0,0,40,<=50K
16913,50,200960,10,0,0,50,<=50K
16915,30,44566,13,0,0,80,<=50K
16916,59,21792,9,0,0,10,<=50K
16917,36,182074,9,0,0,40,<=50K
16921,27,140863,5,0,0,40,<=50K
16925,41,244945,10,0,0,40,<=50K
16926,50,138514,10,0,0,40,<=50K
16927,18,92008,9,0,0,28,<=50K
16928,23,207415,13,0,0,15,<=50K
16929,26,188626,9,0,0,48,<=50K
16931,27,133696,10,0,0,88,<=50K
16932,21,195919,6,0,0,40,<=50K
16933,41,119266,9,0,0,40,<=50K
16934,42,140474,12,0,0,35,<=50K
16935,25,69739,6,0,0,40,<=50K
16937,23,217961,10,0,0,15,<=50K
16939,23,419394,10,0,0,9,<=50K
16940,18,220836,7,0,0,20,<=50K
16941,37,334291,13,0,0,50,<=50K
16942,58,298601,5,3781,0,40,<=50K
16943,36,200360,10,0,0,40,<=50K
16947,34,34848,10,4064,0,40,<=50K
16948,27,29732,13,4865,0,36,<=50K
16949,23,87867,9,0,0,35,<=50K
16950,55,123515,9,0,0,40,<=50K
16951,42,175935,9,0,0,40,<=50K
16952,22,229456,9,0,0,38,<=50K
16954,42,99554,10,0,0,40,<=50K
16955,21,190227,9,0,0,40,<=50K
16956,25,29020,12,0,0,45,<=50K
16957,31,306459,2,0,0,35,<=50K
16958,42,193995,10,0,0,38,<=50K
16959,26,105059,5,0,0,20,<=50K
16962,34,342709,14,0,0,40,<=50K
16963,51,53838,13,0,0,40,<=50K
16966,47,34458,4,0,0,10,<=50K
16967,35,100375,10,0,0,40,<=50K
16968,46,149949,4,0,0,40,<=50K
16969,46,189762,12,0,0,56,<=50K
16972,34,355700,9,0,0,20,<=50K
16973,26,213625,12,0,0,40,<=50K
16975,30,144593,9,0,0,40,<=50K
16976,23,217169,13,0,0,40,<=50K
16977,46,184883,5,0,0,40,<=50K
16978,44,136419,6,0,0,40,<=50K
16980,54,30908,4,0,0,60,<=50K
16981,71,217971,5,0,0,13,<=50K
16982,51,160703,8,0,0,45,<=50K
16983,32,142675,9,0,0,40,<=50K
16984,75,248833,9,2653,0,14,<=50K
16985,57,171242,7,0,0,40,<=50K
16986,34,376979,5,0,0,40,<=50K
16988,21,277530,9,0,0,40,<=50K
16990,32,94041,11,0,0,44,<=50K
16992,19,121074,4,0,0,99,<=50K
16993,64,192596,9,0,0,30,<=50K
16994,17,142457,7,0,0,20,<=50K
16995,37,136028,11,0,0,40,<=50K
16996,32,216145,10,4650,0,45,<=50K
16997,20,157894,10,0,0,20,<=50K
16999,18,252993,8,0,0,40,<=50K
17004,52,221936,9,0,0,40,<=50K
17005,51,120914,6,0,0,40,<=50K
17006,77,155761,10,0,0,8,<=50K
17007,25,195914,10,3418,0,30,<=50K
17008,38,236687,10,0,0,40,<=50K
17009,20,318036,9,0,0,40,<=50K
17010,23,53306,9,0,0,30,<=50K
17011,27,174645,9,0,0,40,<=50K
17012,19,321817,7,0,0,40,<=50K
17014,47,402975,10,0,0,40,<=50K
17015,72,289930,13,991,0,7,<=50K
17016,42,367049,14,4650,0,40,<=50K
17019,24,187717,13,0,0,40,<=50K
17020,22,378104,9,0,0,40,<=50K
17021,29,113870,2,0,0,40,<=50K
17023,24,326334,13,0,0,20,<=50K
17025,29,320451,9,0,0,40,<=50K
17026,36,207853,9,0,0,40,<=50K
17029,34,259705,10,0,0,40,<=50K
17030,20,117789,10,0,0,40,<=50K
17031,24,449432,8,0,0,40,<=50K
17032,36,89083,11,0,0,40,<=50K
17033,49,59612,10,0,0,44,<=50K
17034,21,129980,5,0,0,40,<=50K
17035,51,108233,12,0,0,40,<=50K
17036,30,342709,9,0,0,40,<=50K
17037,37,126675,9,0,0,40,<=50K
17038,30,141118,11,0,0,40,<=50K
17039,20,273701,10,34095,0,10,<=50K
17040,46,173243,9,0,0,40,<=50K
17041,24,161092,9,0,0,40,<=50K
17043,36,89508,10,0,0,50,<=50K
17044,30,399522,7,0,0,40,<=50K
17045,60,136939,10,0,0,40,<=50K
17046,56,264436,10,0,0,40,<=50K
17047,57,199572,7,0,0,40,<=50K
17048,61,28291,13,0,0,40,<=50K
17050,56,179594,9,0,0,48,<=50K
17055,26,182308,10,0,0,40,<=50K
17056,56,51662,7,0,0,40,<=50K
17057,45,289468,7,0,0,40,<=50K
17059,45,26781,10,0,0,40,<=50K
17060,58,100960,5,0,0,40,<=50K
17061,38,203761,11,2354,0,40,<=50K
17062,23,213811,13,0,0,40,<=50K
17064,19,219300,10,0,0,25,<=50K
17065,22,270436,9,0,0,40,<=50K
17066,23,212619,9,0,0,50,<=50K
17067,23,193586,9,3908,0,40,<=50K
17068,40,84136,9,0,0,25,<=50K
17069,55,264834,13,0,0,40,<=50K
17070,34,98995,11,0,0,40,<=50K
17071,21,278254,9,0,0,40,<=50K
17072,28,167987,9,0,0,40,<=50K
17073,43,72887,13,0,0,40,<=50K
17074,17,176467,5,0,0,20,<=50K
17075,51,85902,6,0,0,40,<=50K
17078,24,172496,13,0,0,30,<=50K
17080,48,245948,9,2174,0,40,<=50K
17081,23,187513,11,0,0,40,<=50K
17082,24,440138,9,0,0,45,<=50K
17083,24,218215,11,0,0,20,<=50K
17084,50,158948,4,3411,0,40,<=50K
17086,45,183598,9,0,0,40,<=50K
17087,36,192664,7,0,0,40,<=50K
17089,21,155818,9,0,0,20,<=50K
17090,32,195000,9,0,0,40,<=50K
17091,22,308205,3,0,0,40,<=50K
17093,36,152307,9,0,0,40,<=50K
17094,22,145964,13,0,0,40,<=50K
17095,47,97419,9,0,0,40,<=50K
17096,25,12285,10,0,0,20,<=50K
17097,30,263150,9,0,0,20,<=50K
17098,49,189885,9,0,0,40,<=50K
17099,23,151888,10,0,0,40,<=50K
17100,40,254167,6,0,0,35,<=50K
17101,45,331482,12,0,0,40,<=50K
17102,61,177189,13,0,0,42,<=50K
17103,35,186886,9,0,0,55,<=50K
17104,20,33221,10,0,0,25,<=50K
17105,27,188171,6,0,0,60,<=50K
17106,23,209770,9,0,0,40,<=50K
17107,25,164488,13,0,0,40,<=50K
17108,65,180869,10,0,0,35,<=50K
17109,25,190350,9,0,0,40,<=50K
17111,45,204057,13,0,0,40,<=50K
17112,46,198774,14,0,323,45,<=50K
17113,67,134906,9,0,0,32,<=50K
17114,40,174515,9,0,0,40,<=50K
17117,35,209609,9,0,0,60,<=50K
17118,28,185127,10,0,0,40,<=50K
17119,44,462838,9,0,0,48,<=50K
17123,46,116666,9,0,0,40,<=50K
17124,45,120724,14,4386,0,40,<=50K
17125,27,314240,12,3325,0,40,<=50K
17127,51,201127,9,0,0,45,<=50K
17128,27,202239,9,0,0,40,<=50K
17129,36,209629,9,0,0,40,<=50K
17131,24,133520,10,0,0,15,<=50K
17132,66,99888,11,0,0,40,<=50K
17133,31,176410,9,0,0,38,<=50K
17137,43,151089,9,0,0,50,<=50K
17138,21,244312,5,0,0,30,<=50K
17139,33,209317,5,0,0,45,<=50K
17140,48,99096,10,0,1590,38,<=50K
17141,22,374116,9,0,0,36,<=50K
17142,29,205249,14,0,0,40,<=50K
17143,42,326083,11,0,0,40,<=50K
17144,28,183523,9,0,0,50,<=50K
17145,36,350783,9,0,0,38,<=50K
17146,66,140849,9,0,0,25,<=50K
17147,44,175943,13,0,0,20,<=50K
17148,45,125933,10,0,0,40,<=50K
17149,49,225124,9,0,0,40,<=50K
17150,36,272090,13,0,0,45,<=50K
17151,48,40666,7,0,0,60,<=50K
17152,19,35245,9,0,0,40,<=50K
17155,32,291147,10,0,0,50,<=50K
17157,51,205100,9,0,0,40,<=50K
17158,20,352139,10,0,0,29,<=50K
17159,39,111268,13,0,0,40,<=50K
17161,19,271446,10,0,0,25,<=50K
17162,29,132412,13,0,0,40,<=50K
17164,22,94662,11,0,0,44,<=50K
17165,44,33126,10,0,0,80,<=50K
17166,43,133584,9,0,0,40,<=50K
17167,41,103759,10,3942,0,40,<=50K
17168,63,64448,9,0,0,40,<=50K
17169,40,374367,11,0,0,44,<=50K
17170,40,179666,13,0,0,30,<=50K
17171,18,99219,7,0,0,15,<=50K
17174,44,150011,13,0,0,40,<=50K
17175,20,231231,10,0,0,30,<=50K
17176,40,182217,10,0,0,40,<=50K
17177,29,277342,10,0,0,40,<=50K
17178,22,140001,13,0,0,40,<=50K
17180,45,223319,10,0,0,45,<=50K
17182,57,206343,9,2174,0,40,<=50K
17183,51,156003,9,0,0,40,<=50K
17184,23,529223,13,0,0,10,<=50K
17185,22,202871,11,0,0,44,<=50K
17187,58,298643,9,0,0,40,<=50K
17188,61,191188,6,0,0,20,<=50K
17189,30,96287,14,0,0,45,<=50K
17190,23,104443,10,0,0,40,<=50K
17191,30,323054,6,0,0,40,<=50K
17192,18,95917,9,0,0,25,<=50K
17193,34,238305,10,0,1628,12,<=50K
17194,23,49296,9,0,0,40,<=50K
17195,23,50953,10,0,0,10,<=50K
17199,27,240172,13,0,0,40,<=50K
17201,44,135056,14,0,0,16,<=50K
17202,25,178478,13,0,0,40,<=50K
17203,33,23871,9,0,0,30,<=50K
17204,22,362309,10,0,0,35,<=50K
17205,21,257781,10,0,1719,30,<=50K
17208,44,230684,9,0,0,45,<=50K
17211,54,182543,10,0,0,40,<=50K
17212,60,236470,4,0,0,40,<=50K
17213,58,33725,14,0,0,20,<=50K
17214,27,188941,10,3908,0,40,<=50K
17215,43,206878,9,0,0,60,<=50K
17216,33,173806,12,0,0,40,<=50K
17217,24,190709,10,0,0,65,<=50K
17218,41,149102,9,0,0,40,<=50K
17219,21,25265,9,0,0,40,<=50K
17220,39,100669,10,0,0,40,<=50K
17221,27,114158,13,0,0,40,<=50K
17222,50,228057,9,0,0,40,<=50K
17223,20,54012,9,0,0,40,<=50K
17225,49,239865,7,0,0,40,<=50K
17228,41,33068,14,0,1974,40,<=50K
17229,41,277783,10,0,2001,50,<=50K
17230,42,175515,9,0,0,40,<=50K
17231,58,271795,4,0,0,40,<=50K
17232,43,70055,10,0,0,40,<=50K
17233,25,352806,9,0,0,40,<=50K
17234,57,266189,9,0,0,42,<=50K
17235,49,102945,4,0,0,40,<=50K
17236,23,173851,10,0,0,40,<=50K
17237,59,144092,9,0,0,40,<=50K
17239,33,351810,13,0,0,45,<=50K
17240,52,180142,14,0,0,45,<=50K
17242,30,224498,9,0,0,40,<=50K
17243,39,154641,9,0,0,60,<=50K
17244,54,152540,10,0,0,42,<=50K
17246,22,138575,9,0,0,56,<=50K
17247,19,32477,10,0,0,25,<=50K
17249,32,44677,13,0,0,40,<=50K
17250,25,456618,4,0,0,40,<=50K
17251,34,227282,10,0,0,40,<=50K
17252,47,27624,11,0,0,55,<=50K
17253,24,281403,9,0,0,98,<=50K
17255,48,377140,3,0,0,35,<=50K
17256,26,299810,9,0,0,50,<=50K
17257,28,181916,10,0,0,40,<=50K
17258,23,237044,9,0,0,12,<=50K
17260,64,269512,13,0,0,40,<=50K
17262,28,67218,4,0,0,40,<=50K
17263,34,176992,10,0,0,40,<=50K
17266,34,104509,11,1639,0,20,<=50K
17267,18,212370,9,0,0,25,<=50K
17268,36,179666,8,0,0,40,<=50K
17269,73,233882,9,0,2457,40,<=50K
17270,24,197387,9,0,0,40,<=50K
17272,33,181091,10,0,0,40,<=50K
17273,57,135028,9,0,0,35,<=50K
17274,41,185057,11,0,0,40,<=50K
17275,55,106498,6,0,0,35,<=50K
17276,21,203003,6,0,0,40,<=50K
17278,26,184026,10,0,0,50,<=50K
17280,40,65866,10,0,213,40,<=50K
17281,32,372692,9,0,0,40,<=50K
17282,21,45607,10,0,0,40,<=50K
17283,59,303176,10,0,2179,40,<=50K
17284,29,138190,9,0,1138,40,<=50K
17285,29,212895,10,0,0,48,<=50K
17288,47,145290,9,0,0,45,<=50K
17289,44,262684,9,0,1504,45,<=50K
17290,31,132601,9,0,0,40,<=50K
17291,42,30759,9,0,0,35,<=50K
17292,19,319889,9,0,0,25,<=50K
17293,66,29431,9,0,0,50,<=50K
17294,41,111483,9,0,0,45,<=50K
17295,22,184756,10,0,0,30,<=50K
17296,31,651396,9,0,1594,30,<=50K
17297,30,187560,13,0,0,40,<=50K
17298,36,84848,9,0,0,16,<=50K
17299,75,36243,16,0,0,40,<=50K
17300,41,88913,12,0,0,36,<=50K
17301,19,73190,10,0,0,20,<=50K
17302,60,132529,9,0,0,40,<=50K
17303,24,214542,7,0,0,40,<=50K
17304,25,217006,7,0,0,40,<=50K
17305,52,169785,10,0,0,50,<=50K
17306,30,75573,13,0,0,45,<=50K
17308,55,53566,16,0,0,30,<=50K
17309,20,117109,10,0,0,24,<=50K
17310,32,398019,4,0,0,15,<=50K
17311,18,114008,9,0,0,35,<=50K
17312,24,204653,10,0,0,40,<=50K
17313,33,254935,10,0,0,45,<=50K
17314,76,84755,10,0,0,40,<=50K
17316,53,174020,14,0,1876,38,<=50K
17317,19,451951,9,0,0,40,<=50K
17319,27,209472,13,0,0,50,<=50K
17320,40,336707,11,0,0,60,<=50K
17321,26,431861,6,0,0,40,<=50K
17322,47,156728,9,0,0,55,<=50K
17323,39,290321,11,0,0,50,<=50K
17324,49,206577,10,0,0,40,<=50K
17325,28,149324,10,0,0,7,<=50K
17326,33,49593,10,0,0,30,<=50K
17328,28,181659,7,0,0,50,<=50K
17329,30,174789,9,0,0,40,<=50K
17332,37,176014,9,0,0,50,<=50K
17333,50,256861,9,0,0,80,<=50K
17334,37,239397,6,0,0,40,<=50K
17338,32,245378,9,0,0,60,<=50K
17341,43,88913,10,1055,0,40,<=50K
17342,19,517036,9,0,0,40,<=50K
17343,38,436361,9,0,0,75,<=50K
17344,38,231037,3,0,0,40,<=50K
17345,65,209831,11,0,0,40,<=50K
17347,48,167381,9,0,0,25,<=50K
17348,44,215468,13,0,0,7,<=50K
17349,32,200700,10,0,0,50,<=50K
17350,30,191777,9,0,0,40,<=50K
17352,23,149396,9,0,0,40,<=50K
17353,25,104746,10,0,0,16,<=50K
17354,19,108147,10,0,0,15,<=50K
17355,27,238859,11,0,0,40,<=50K
17356,43,23157,9,0,0,60,<=50K
17357,38,497788,9,0,0,50,<=50K
17358,42,141558,14,0,0,60,<=50K
17359,33,117963,13,0,0,38,<=50K
17361,29,157941,13,0,0,40,<=50K
17362,30,103642,7,0,0,40,<=50K
17363,26,169727,9,0,0,40,<=50K
17365,30,161572,9,0,0,45,<=50K
17369,30,168334,9,0,0,30,<=50K
17371,31,312055,9,0,0,70,<=50K
17372,32,207937,10,0,0,40,<=50K
17373,28,232653,13,0,0,40,<=50K
17374,63,246841,9,0,0,40,<=50K
17375,32,154087,9,0,0,40,<=50K
17376,20,199011,10,0,0,12,<=50K
17378,36,177907,13,2176,0,20,<=50K
17379,24,50400,10,0,0,40,<=50K
17380,41,97064,11,0,0,44,<=50K
17381,21,65038,9,0,0,40,<=50K
17382,27,292472,10,0,1876,45,<=50K
17383,17,225211,5,0,0,35,<=50K
17384,45,320192,2,0,0,40,<=50K
17385,39,119421,9,0,625,35,<=50K
17386,21,83580,10,0,0,4,<=50K
17389,42,529216,9,0,0,40,<=50K
17390,22,390817,3,0,0,40,<=50K
17391,21,85733,10,0,0,40,<=50K
17392,59,155976,9,0,0,40,<=50K
17394,45,270842,10,0,0,40,<=50K
17395,35,82622,9,0,0,50,<=50K
17396,58,371064,9,0,0,20,<=50K
17398,29,22641,9,0,0,45,<=50K
17399,21,218957,7,0,0,45,<=50K
17400,51,441637,9,0,0,40,<=50K
17401,34,143699,10,0,0,40,<=50K
17402,40,183096,13,0,0,35,<=50K
17403,45,97176,7,0,0,16,<=50K
17405,22,311376,13,0,0,40,<=50K
17406,37,78928,5,3137,0,40,<=50K
17407,62,123582,6,0,0,40,<=50K
17408,32,174215,13,0,0,60,<=50K
17410,43,247880,9,0,0,40,<=50K
17411,37,256636,9,0,0,40,<=50K
17412,33,152875,13,0,0,40,<=50K
17413,28,22422,9,0,0,55,<=50K
17414,49,178215,10,0,0,28,<=50K
17416,59,247187,9,0,0,40,<=50K
17417,35,63921,9,0,0,40,<=50K
17418,35,224889,13,0,0,40,<=50K
17419,29,178564,13,0,0,40,<=50K
17420,57,47619,12,0,0,40,<=50K
17423,20,235894,10,0,0,40,<=50K
17424,44,244974,9,0,0,60,<=50K
17425,20,526734,9,0,0,30,<=50K
17427,23,201664,9,0,0,40,<=50K
17428,24,234640,9,0,0,36,<=50K
17430,32,223267,9,0,0,40,<=50K
17431,21,99199,9,0,0,40,<=50K
17432,32,137076,10,0,0,40,<=50K
17433,41,115411,10,2174,0,45,<=50K
17434,51,313146,9,0,0,40,<=50K
17435,69,29980,4,1848,0,10,<=50K
17437,43,271807,10,0,0,40,<=50K
17439,43,191196,9,0,0,40,<=50K
17440,35,264627,7,0,0,84,<=50K
17441,32,183801,9,0,0,40,<=50K
17442,25,209227,13,0,0,21,<=50K
17443,64,216208,10,0,0,40,<=50K
17444,28,377095,13,0,0,40,<=50K
17445,44,317535,2,0,0,40,<=50K
17447,21,152246,10,0,0,40,<=50K
17448,23,428299,9,0,0,40,<=50K
17449,23,161708,10,0,0,20,<=50K
17450,19,167859,9,0,0,40,<=50K
17451,61,85194,10,0,0,25,<=50K
17452,47,119471,4,0,0,40,<=50K
17453,39,117683,6,0,0,45,<=50K
17455,25,427744,6,0,0,40,<=50K
17456,33,122116,9,0,0,45,<=50K
17457,34,227931,10,0,0,38,<=50K
17458,54,226497,10,0,0,50,<=50K
17459,24,83783,13,0,0,40,<=50K
17460,28,197113,9,0,0,50,<=50K
17461,33,204742,10,0,0,44,<=50K
17462,63,331527,9,0,0,14,<=50K
17464,70,188260,9,0,0,16,<=50K
17465,43,298161,9,0,0,40,<=50K
17467,50,139296,7,0,0,40,<=50K
17468,21,152389,10,0,0,30,<=50K
17469,31,309974,10,0,0,40,<=50K
17470,19,37085,10,0,0,30,<=50K
17471,39,270059,10,0,0,35,<=50K
17472,29,130045,4,0,0,40,<=50K
17473,39,188038,10,0,0,40,<=50K
17474,17,168203,4,0,0,40,<=50K
17475,46,171807,10,0,0,40,<=50K
17476,62,186696,9,0,0,40,<=50K
17477,32,177531,6,0,0,23,<=50K
17478,28,115464,9,0,0,40,<=50K
17479,19,501144,10,0,0,40,<=50K
17480,61,180079,16,4064,0,40,<=50K
17481,18,205894,10,0,0,25,<=50K
17483,24,203924,13,0,0,45,<=50K
17484,38,91857,10,0,0,41,<=50K
17486,17,158704,6,0,0,20,<=50K
17487,28,190911,9,0,0,40,<=50K
17488,52,139176,9,0,0,8,<=50K
17490,69,124930,3,0,2267,40,<=50K
17491,19,168693,9,0,0,25,<=50K
17494,70,216390,5,2653,0,40,<=50K
17495,21,230248,9,0,0,25,<=50K
17496,43,117728,9,0,0,44,<=50K
17497,52,115851,9,0,0,40,<=50K
17499,21,203894,11,0,0,40,<=50K
17503,36,127686,9,0,0,37,<=50K
17504,39,28572,9,0,0,48,<=50K
17505,78,91534,13,0,0,3,<=50K
17506,30,184687,9,0,0,30,<=50K
17507,22,267945,10,0,0,16,<=50K
17509,36,192614,9,0,0,56,<=50K
17511,50,44116,9,0,0,40,<=50K
17512,27,46442,13,0,0,35,<=50K
17514,24,417668,13,0,0,20,<=50K
17515,41,223763,9,0,0,40,<=50K
17516,68,223851,9,0,0,24,<=50K
17517,38,115634,10,0,0,40,<=50K
17519,41,197093,10,0,0,20,<=50K
17520,31,357145,16,0,0,48,<=50K
17521,29,59231,10,0,0,42,<=50K
17522,26,292303,9,0,0,40,<=50K
17523,51,122288,10,0,0,36,<=50K
17524,26,52322,13,0,0,60,<=50K
17525,27,105830,13,0,0,60,<=50K
17526,36,107125,9,0,0,50,<=50K
17527,28,281860,13,0,0,40,<=50K
17528,53,283320,13,0,0,40,<=50K
17529,40,26598,13,0,0,40,<=50K
17530,38,220783,9,0,0,20,<=50K
17531,21,121694,4,0,0,40,<=50K
17532,53,208302,6,0,0,34,<=50K
17533,34,172664,9,0,0,40,<=50K
17534,43,54611,9,0,0,60,<=50K
17535,64,631947,6,0,0,40,<=50K
17536,21,394484,10,0,0,40,<=50K
17537,25,239120,13,0,0,13,<=50K
17541,57,84888,9,0,0,50,<=50K
17542,37,188503,13,0,0,35,<=50K
17543,37,337778,7,0,0,40,<=50K
17545,32,168906,12,0,0,40,<=50K
17546,49,116143,9,0,0,40,<=50K
17547,52,128272,9,0,0,14,<=50K
17549,46,174995,9,0,0,45,<=50K
17550,24,289909,10,0,0,40,<=50K
17552,23,209034,9,3942,0,40,<=50K
17553,30,203488,10,0,0,44,<=50K
17555,30,169589,10,0,0,40,<=50K
17556,25,137645,13,0,0,40,<=50K
17557,58,489085,13,0,0,40,<=50K
17558,32,36302,10,0,0,50,<=50K
17559,37,253420,9,0,0,25,<=50K
17560,35,269300,9,0,0,40,<=50K
17561,18,282609,3,0,0,30,<=50K
17562,46,346978,13,0,0,40,<=50K
17564,44,205051,6,0,0,40,<=50K
17565,45,128736,6,0,0,40,<=50K
17568,52,126978,9,0,0,40,<=50K
17569,47,204692,9,0,0,40,<=50K
17570,49,195956,13,0,0,35,<=50K
17571,59,202682,9,0,0,40,<=50K
17572,22,231912,11,0,0,37,<=50K
17574,76,278938,13,0,0,20,<=50K
17575,50,36489,6,0,0,40,<=50K
17576,33,154874,10,0,0,40,<=50K
17579,37,162164,9,0,0,40,<=50K
17580,40,239708,7,0,0,55,<=50K
17581,49,162856,10,0,0,40,<=50K
17582,48,85109,10,0,0,45,<=50K
17583,49,169042,9,0,625,40,<=50K
17584,22,436798,10,0,0,40,<=50K
17585,42,345363,9,0,0,40,<=50K
17586,36,49837,10,0,0,40,<=50K
17587,57,296516,10,0,0,50,<=50K
17588,30,180283,9,0,0,40,<=50K
17589,40,95639,9,0,0,40,<=50K
17590,42,33155,9,0,0,45,<=50K
17592,55,24694,10,0,0,40,<=50K
17593,25,443855,9,0,0,40,<=50K
17594,52,294691,9,0,0,40,<=50K
17595,33,301867,10,0,0,35,<=50K
17596,55,226875,9,4064,0,40,<=50K
17598,23,180339,12,0,0,65,<=50K
17599,55,207489,13,0,0,50,<=50K
17600,43,336643,9,0,0,50,<=50K
17601,31,143653,11,0,0,50,<=50K
17602,62,101475,12,0,0,40,<=50K
17603,42,263871,9,0,0,8,<=50K
17605,29,95465,9,0,0,42,<=50K
17606,26,257910,10,0,0,60,<=50K
17608,37,126738,9,0,0,72,<=50K
17610,61,133164,4,0,0,48,<=50K
17611,28,104617,4,0,0,99,<=50K
17613,51,258735,9,0,0,81,<=50K
17615,35,166193,9,0,0,40,<=50K
17616,27,206125,6,0,0,60,<=50K
17617,44,346594,9,0,0,40,<=50K
17618,25,108301,9,0,0,20,<=50K
17619,32,73498,4,0,0,40,<=50K
17621,27,181280,14,0,0,30,<=50K
17624,25,164488,13,0,0,40,<=50K
17625,41,307468,9,0,0,50,<=50K
17628,52,137658,7,0,0,40,<=50K
17629,32,101562,13,0,0,45,<=50K
17630,33,136331,9,0,0,40,<=50K
17631,35,259846,9,0,0,55,<=50K
17632,48,98719,9,0,0,44,<=50K
17633,62,168682,4,0,0,5,<=50K
17634,40,198953,12,0,0,2,<=50K
17635,41,29115,10,0,0,20,<=50K
17636,28,173673,3,0,0,40,<=50K
17637,23,67958,10,0,0,30,<=50K
17639,51,94174,10,0,0,35,<=50K
17640,63,122442,10,0,0,48,<=50K
17641,63,154675,9,0,0,40,<=50K
17643,20,238685,7,0,0,40,<=50K
17645,40,169031,9,0,0,40,<=50K
17647,41,216968,13,0,0,40,<=50K
17649,20,126822,10,0,0,15,<=50K
17651,35,54953,9,0,0,40,<=50K
17652,31,222654,13,0,0,40,<=50K
17655,28,125321,9,0,0,40,<=50K
17657,37,224947,11,0,0,40,<=50K
17658,43,438427,10,0,0,40,<=50K
17659,26,384276,9,0,0,40,<=50K
17660,26,196805,10,0,0,65,<=50K
17661,27,242097,11,0,0,50,<=50K
17662,33,184306,13,0,0,45,<=50K
17663,45,161954,13,0,0,40,<=50K
17664,65,258561,13,0,0,20,<=50K
17666,59,212783,9,0,0,38,<=50K
17667,18,205004,10,0,0,26,<=50K
17668,44,387844,8,0,0,40,<=50K
17669,37,83880,10,0,0,40,<=50K
17670,27,161155,9,0,0,40,<=50K
17673,19,97261,9,0,0,40,<=50K
17674,36,437890,9,0,0,90,<=50K
17676,63,169983,7,2176,0,30,<=50K
17677,37,126675,10,0,0,57,<=50K
17678,46,175754,14,0,1876,60,<=50K
17679,31,121768,12,0,0,35,<=50K
17680,23,180052,9,0,0,40,<=50K
17681,22,124454,10,0,0,30,<=50K
17682,49,190115,9,0,1672,44,<=50K
17683,36,222584,9,0,0,40,<=50K
17684,38,22245,10,0,0,50,<=50K
17686,24,228960,12,0,0,40,<=50K
17687,26,132572,13,0,0,40,<=50K
17688,47,103020,4,0,0,40,<=50K
17690,31,50649,14,0,0,50,<=50K
17691,42,137698,3,0,0,35,<=50K
17693,56,202220,10,0,0,38,<=50K
17695,17,207791,6,0,0,20,<=50K
17696,21,540712,9,0,1719,25,<=50K
17697,50,321770,9,0,0,40,<=50K
17698,49,202053,9,0,0,32,<=50K
17699,34,143699,9,0,0,15,<=50K
17703,23,32732,13,0,0,15,<=50K
17704,24,390867,14,0,0,40,<=50K
17705,31,101697,11,0,0,40,<=50K
17706,36,279721,9,0,0,40,<=50K
17707,58,223400,12,0,0,35,<=50K
17708,46,206357,3,0,0,40,<=50K
17710,48,184682,9,0,0,18,<=50K
17711,21,78170,9,0,0,42,<=50K
17712,39,201410,9,0,0,40,<=50K
17713,21,189013,10,0,0,35,<=50K
17716,29,214706,9,0,0,40,<=50K
17718,43,234220,9,0,0,40,<=50K
17719,22,237720,9,0,0,40,<=50K
17721,69,286983,10,0,0,40,<=50K
17722,17,140027,7,0,0,25,<=50K
17723,18,115258,7,0,0,12,<=50K
17724,54,155408,9,0,0,40,<=50K
17725,65,117963,9,0,0,45,<=50K
17726,28,158737,8,0,0,40,<=50K
17727,27,199471,11,0,0,38,<=50K
17730,33,108116,9,0,0,40,<=50K
17731,26,366900,9,0,0,40,<=50K
17734,51,268639,10,0,2057,60,<=50K
17735,26,358975,10,0,0,50,<=50K
17737,44,248249,4,0,0,50,<=50K
17738,36,460437,5,0,0,40,<=50K
17739,42,187294,10,0,0,40,<=50K
17740,44,115932,12,0,0,40,<=50K
17742,21,27049,10,0,0,20,<=50K
17746,27,160786,7,0,0,45,<=50K
17748,60,24872,10,0,0,30,<=50K
17749,24,110371,8,0,0,40,<=50K
17750,24,376474,9,0,0,40,<=50K
17751,22,304602,9,0,0,40,<=50K
17752,32,143699,10,0,0,40,<=50K
17753,22,238917,2,0,0,24,<=50K
17754,51,200618,13,0,0,40,<=50K
17759,37,98725,13,0,0,42,<=50K
17762,18,118847,9,0,0,24,<=50K
17763,46,282538,11,0,0,40,<=50K
17765,23,291011,9,0,0,40,<=50K
17767,19,188669,10,0,0,25,<=50K
17768,37,178948,13,0,0,45,<=50K
17770,39,160808,10,0,0,40,<=50K
17772,46,318331,9,0,0,40,<=50K
17773,47,109921,9,0,0,32,<=50K
17774,33,87605,9,0,0,40,<=50K
17775,69,89477,10,0,0,14,<=50K
17776,21,48301,10,0,0,40,<=50K
17777,27,220748,9,0,0,48,<=50K
17779,23,250743,10,0,0,40,<=50K
17780,26,78258,11,0,0,36,<=50K
17781,42,31387,16,0,0,40,<=50K
17782,36,289190,9,0,0,40,<=50K
17783,24,604537,9,0,0,40,<=50K
17784,35,328466,5,0,0,40,<=50K
17785,42,403187,9,0,0,40,<=50K
17788,27,204648,11,0,0,40,<=50K
17791,18,365683,9,0,0,16,<=50K
17793,31,203488,9,0,0,40,<=50K
17794,26,106406,10,0,0,40,<=50K
17795,67,172756,2,2062,0,34,<=50K
17797,51,249339,9,0,0,40,<=50K
17798,26,94652,10,0,0,40,<=50K
17800,25,130302,9,0,0,40,<=50K
17802,43,336042,9,0,0,40,<=50K
17803,23,193586,10,0,0,40,<=50K
17805,60,313852,14,0,0,25,<=50K
17806,38,30509,14,0,1669,55,<=50K
17807,21,32639,10,0,0,20,<=50K
17808,18,234953,10,0,0,25,<=50K
17810,43,350379,3,0,0,40,<=50K
17811,26,176967,7,0,0,65,<=50K
17814,38,130813,9,0,0,40,<=50K
17815,43,35236,10,0,0,84,<=50K
17816,58,33350,9,0,0,35,<=50K
17817,55,177380,9,0,0,29,<=50K
17818,39,216129,12,0,0,35,<=50K
17819,38,335104,13,0,0,35,<=50K
17820,54,199741,9,0,2001,35,<=50K
17821,57,165881,15,0,0,40,<=50K
17822,35,387777,12,0,0,52,<=50K
17824,36,188834,9,0,0,40,<=50K
17825,58,290661,9,0,0,40,<=50K
17826,39,155603,10,0,2205,40,<=50K
17827,25,114838,15,0,0,8,<=50K
17828,54,168553,13,0,0,40,<=50K
17829,23,103064,13,0,0,40,<=50K
17830,37,123833,10,0,0,60,<=50K
17831,60,55621,12,0,0,40,<=50K
17832,66,189834,4,0,0,20,<=50K
17833,36,217926,12,0,0,50,<=50K
17835,29,163003,13,2202,0,40,<=50K
17836,25,194352,13,0,0,44,<=50K
17837,62,54878,9,0,0,25,<=50K
17838,23,393248,10,0,0,40,<=50K
17839,38,279315,9,0,0,40,<=50K
17841,49,34998,10,0,0,60,<=50K
17843,57,132717,13,0,0,45,<=50K
17844,46,186078,10,0,0,45,<=50K
17847,26,41521,9,0,0,35,<=50K
17848,40,346847,11,0,0,40,<=50K
17849,39,107233,9,0,0,40,<=50K
17850,39,150125,12,0,0,40,<=50K
17851,31,400535,10,0,0,40,<=50K
17852,31,409622,13,0,0,36,<=50K
17853,27,136448,13,0,0,40,<=50K
17854,36,202950,13,0,0,50,<=50K
17856,57,237691,9,0,0,40,<=50K
17857,24,170277,9,0,0,35,<=50K
17858,30,160784,10,0,0,45,<=50K
17859,28,33798,8,0,0,50,<=50K
17860,22,197838,13,0,0,40,<=50K
17861,31,223212,4,0,0,50,<=50K
17863,20,283969,10,0,0,15,<=50K
17864,25,374163,8,0,0,60,<=50K
17865,49,118567,10,0,0,40,<=50K
17866,21,147655,9,0,0,35,<=50K
17869,41,235167,3,0,0,32,<=50K
17870,23,53245,13,0,1602,12,<=50K
17872,41,247082,9,0,0,50,<=50K
17873,30,123397,9,0,0,40,<=50K
17874,29,133327,10,0,0,40,<=50K
17875,31,102270,4,0,0,40,<=50K
17876,64,45817,5,0,0,50,<=50K
17877,55,240988,5,0,0,40,<=50K
17878,19,386378,9,0,0,35,<=50K
17880,18,76142,7,0,0,8,<=50K
17881,68,73773,9,0,0,24,<=50K
17882,50,281504,10,0,0,40,<=50K
17883,36,293358,10,0,0,48,<=50K
17886,20,213719,9,0,0,20,<=50K
17887,18,101795,6,0,0,40,<=50K
17888,32,228265,9,0,0,30,<=50K
17889,49,130206,9,0,0,40,<=50K
17890,34,324254,9,0,0,40,<=50K
17891,22,223019,9,0,0,40,<=50K
17892,40,189666,9,0,0,45,<=50K
17893,35,139086,9,0,0,40,<=50K
17894,26,359327,10,0,0,50,<=50K
17895,44,75065,8,0,0,60,<=50K
17896,55,139843,9,0,0,60,<=50K
17897,21,34310,11,0,2603,40,<=50K
17898,54,346014,10,0,0,40,<=50K
17899,39,163278,10,2202,0,44,<=50K
17900,52,31460,9,0,0,38,<=50K
17902,67,63552,4,0,0,35,<=50K
17903,58,300623,9,0,0,40,<=50K
17904,27,177072,10,0,0,16,<=50K
17905,66,37331,9,0,0,15,<=50K
17906,41,167725,10,0,0,40,<=50K
17907,18,131180,7,0,0,16,<=50K
17909,50,275181,3,0,0,37,<=50K
17910,31,398988,10,0,0,40,<=50K
17911,32,222654,6,0,0,40,<=50K
17912,37,111129,10,0,0,45,<=50K
17913,26,137795,13,0,0,20,<=50K
17914,33,242150,11,0,0,50,<=50K
17915,35,237873,9,0,0,40,<=50K
17916,44,367749,13,0,0,45,<=50K
17917,26,206600,13,0,0,40,<=50K
17918,48,247043,9,0,0,40,<=50K
17919,40,187702,13,0,0,40,<=50K
17920,62,41718,6,0,0,35,<=50K
17922,18,118938,7,0,0,18,<=50K
17923,48,224870,9,0,0,38,<=50K
17924,45,178341,14,0,0,50,<=50K
17925,35,61343,10,0,0,45,<=50K
17926,35,36989,9,0,0,40,<=50K
17927,34,226296,9,0,0,51,<=50K
17928,29,186624,9,0,0,40,<=50K
17929,19,172582,10,0,0,30,<=50K
17930,53,227392,10,0,0,60,<=50K
17931,49,187563,10,0,0,40,<=50K
17932,71,137499,9,0,0,16,<=50K
17933,38,239397,4,0,0,36,<=50K
17934,39,327164,14,0,0,45,<=50K
17935,23,140798,13,0,0,40,<=50K
17937,52,194580,3,0,0,40,<=50K
17939,20,235442,10,0,0,35,<=50K
17940,30,128065,10,0,0,45,<=50K
17941,56,91545,6,0,0,36,<=50K
17942,26,154604,9,0,0,40,<=50K
17943,36,192150,9,0,0,40,<=50K
17944,26,216522,13,0,0,42,<=50K
17946,24,206861,13,0,0,40,<=50K
17947,41,97632,10,0,0,32,<=50K
17948,27,189530,10,0,0,35,<=50K
17949,28,381789,10,0,2339,40,<=50K
17950,57,368797,9,0,0,40,<=50K
17951,21,41183,10,0,0,20,<=50K
17952,50,191062,9,0,0,40,<=50K
17953,27,132963,9,0,0,40,<=50K
17954,58,153551,13,0,0,60,<=50K
17955,27,66473,13,0,0,50,<=50K
17956,36,240323,9,0,0,17,<=50K
17958,33,128016,9,0,0,40,<=50K
17959,19,29526,10,0,0,18,<=50K
17960,26,342953,9,0,0,40,<=50K
17961,37,215476,9,0,0,30,<=50K
17962,53,231919,9,0,0,45,<=50K
17963,32,52537,10,0,0,38,<=50K
17964,18,27920,7,0,0,25,<=50K
17966,40,199303,13,0,0,40,<=50K
17967,50,233369,10,0,0,40,<=50K
17970,28,195607,9,0,0,40,<=50K
17971,34,245173,9,0,1669,45,<=50K
17972,37,138441,9,0,0,40,<=50K
17973,25,67467,9,0,0,40,<=50K
17975,21,213341,7,0,1762,40,<=50K
17976,26,37202,13,0,0,45,<=50K
17977,47,140219,9,0,0,40,<=50K
17978,18,298860,8,0,0,20,<=50K
17979,22,51362,13,0,0,16,<=50K
17980,36,199947,10,0,0,30,<=50K
17981,59,32552,9,0,0,48,<=50K
17982,33,183845,9,0,0,38,<=50K
17983,33,181091,6,0,0,35,<=50K
17984,53,135643,13,0,0,50,<=50K
17985,44,96249,10,3411,0,40,<=50K
17986,55,181220,9,0,0,50,<=50K
17987,56,133025,9,0,0,50,<=50K
17988,54,124865,10,0,0,35,<=50K
17989,51,45599,9,0,0,40,<=50K
17990,31,194293,10,2463,0,38,<=50K
17992,44,121130,9,0,0,40,<=50K
17993,22,138768,10,0,0,50,<=50K
17994,43,98989,9,0,0,40,<=50K
17995,26,126327,12,0,0,40,<=50K
17996,30,113364,13,0,0,18,<=50K
17997,30,326199,5,2580,0,40,<=50K
17998,46,376789,9,0,0,15,<=50K
17999,27,137063,13,0,0,50,<=50K
18000,26,279145,9,0,0,50,<=50K
18002,25,245369,9,0,0,35,<=50K
18003,30,49593,15,0,0,40,<=50K
18007,43,156403,6,0,0,40,<=50K
18008,71,128529,9,0,0,20,<=50K
18010,46,148489,9,0,0,40,<=50K
18011,44,387770,10,0,0,15,<=50K
18012,42,115511,16,0,0,50,<=50K
18017,26,291586,13,0,0,20,<=50K
18018,24,142227,13,0,0,30,<=50K
18019,17,104025,7,0,0,18,<=50K
18020,45,148254,14,0,0,35,<=50K
18022,22,222490,10,0,0,30,<=50K
18023,63,57674,14,0,0,48,<=50K
18024,22,233624,9,0,0,43,<=50K
18025,27,42734,10,0,0,25,<=50K
18026,33,233107,5,0,0,33,<=50K
18027,64,143110,13,0,0,30,<=50K
18029,44,115896,11,0,0,40,<=50K
18030,31,303851,9,0,0,50,<=50K
18031,44,172475,9,0,0,40,<=50K
18032,53,30008,6,0,0,35,<=50K
18033,33,147921,9,0,0,40,<=50K
18034,34,172716,8,0,0,40,<=50K
18035,27,155057,9,0,0,70,<=50K
18036,43,152569,11,0,2339,36,<=50K
18037,80,132728,9,0,0,20,<=50K
18038,31,195136,12,0,0,32,<=50K
18040,53,293941,13,0,0,40,<=50K
18041,58,182123,9,0,0,44,<=50K
18045,23,211601,10,0,0,40,<=50K
18046,31,119411,9,0,0,50,<=50K
18047,52,240013,14,0,0,70,<=50K
18048,24,95552,9,0,0,40,<=50K
18049,45,183710,5,0,0,40,<=50K
18051,52,380633,3,0,0,40,<=50K
18052,54,53407,9,0,0,40,<=50K
18055,28,375313,9,0,0,50,<=50K
18056,21,278391,10,0,0,16,<=50K
18057,23,212888,10,0,0,40,<=50K
18058,36,487085,4,0,0,40,<=50K
18059,22,174461,10,0,0,15,<=50K
18060,55,133201,14,0,0,50,<=50K
18061,71,77253,9,0,0,17,<=50K
18063,17,181608,6,0,0,12,<=50K
18065,32,154571,10,0,0,40,<=50K
18067,27,150080,13,0,0,40,<=50K
18069,40,151294,9,0,0,48,<=50K
18070,30,48829,9,0,1602,30,<=50K
18071,17,193769,5,0,0,20,<=50K
18072,33,277455,14,0,0,40,<=50K
18073,72,225780,16,0,0,30,<=50K
18075,65,255386,9,0,0,40,<=50K
18077,32,174789,9,0,0,40,<=50K
18078,26,245628,10,0,0,40,<=50K
18079,22,228752,9,0,0,40,<=50K
18081,31,192900,10,0,0,40,<=50K
18082,28,190391,13,0,0,50,<=50K
18084,34,113198,12,0,0,28,<=50K
18086,27,93206,10,0,0,40,<=50K
18088,47,111961,9,0,0,30,<=50K
18089,20,219122,10,0,0,40,<=50K
18090,24,111445,9,0,0,38,<=50K
18092,37,223020,11,0,0,32,<=50K
18093,42,303155,12,0,0,40,<=50K
18094,20,41035,10,0,0,20,<=50K
18095,68,159191,10,0,0,40,<=50K
18096,22,244408,10,0,0,40,<=50K
18097,72,473748,9,0,0,30,<=50K
18098,45,71823,10,0,0,20,<=50K
18099,30,83066,9,0,0,40,<=50K
18100,33,150154,9,0,0,40,<=50K
18102,56,178033,10,4416,0,60,<=50K
18103,25,159909,11,0,0,40,<=50K
18104,41,190885,9,0,0,40,<=50K
18105,25,243786,13,0,0,37,<=50K
18107,36,159016,9,0,0,38,<=50K
18109,58,193434,9,0,0,20,<=50K
18110,26,245029,13,0,0,40,<=50K
18113,44,344920,13,0,1617,20,<=50K
18114,44,169980,7,0,0,60,<=50K
18115,28,155397,13,0,0,55,<=50K
18116,42,245317,6,0,0,50,<=50K
18117,41,74182,9,0,0,40,<=50K
18118,39,280570,13,0,0,45,<=50K
18119,64,30664,11,0,0,30,<=50K
18120,20,109952,10,0,0,25,<=50K
18122,31,243442,9,0,0,50,<=50K
18124,32,328060,5,0,0,40,<=50K
18125,33,48702,11,0,0,65,<=50K
18127,36,484024,9,0,0,40,<=50K
18128,40,208470,9,0,0,40,<=50K
18130,40,29927,9,0,0,45,<=50K
18131,46,98012,11,0,0,40,<=50K
18133,30,207301,9,0,1980,40,<=50K
18134,26,168403,9,0,0,40,<=50K
18135,25,66935,13,0,0,40,<=50K
18136,35,42044,12,0,0,40,<=50K
18137,29,184806,15,0,0,50,<=50K
18138,39,1455435,12,0,0,40,<=50K
18139,44,445382,10,0,0,40,<=50K
18144,23,278107,9,0,1573,30,<=50K
18145,27,96219,13,0,0,45,<=50K
18147,58,205410,9,0,0,40,<=50K
18148,36,416745,12,0,0,48,<=50K
18150,21,72119,10,0,0,45,<=50K
18152,49,195949,9,0,0,40,<=50K
18154,29,439263,9,0,0,35,<=50K
18156,29,59932,13,0,0,40,<=50K
18157,65,172815,10,0,0,40,<=50K
18158,26,40915,13,0,0,25,<=50K
18160,44,121781,10,0,0,37,<=50K
18161,51,130667,9,0,0,6,<=50K
18162,41,147110,9,0,0,25,<=50K
18163,22,237811,12,0,0,35,<=50K
18164,36,128640,10,0,0,25,<=50K
18165,18,111476,7,0,0,40,<=50K
18166,33,289716,6,0,0,40,<=50K
18168,49,323773,7,0,0,40,<=50K
18169,41,176663,9,0,0,40,<=50K
18170,52,155233,10,0,0,40,<=50K
18171,40,143327,10,0,0,40,<=50K
18172,53,177212,10,0,0,40,<=50K
18173,45,123088,9,0,0,50,<=50K
18174,30,47085,6,0,0,40,<=50K
18175,56,102106,9,0,0,40,<=50K
18176,24,235894,9,0,0,40,<=50K
18177,71,172046,4,0,0,50,<=50K
18178,20,197207,9,0,0,30,<=50K
18179,26,152452,13,0,0,50,<=50K
18180,34,172928,9,0,0,65,<=50K
18181,36,214896,5,0,0,40,<=50K
18182,49,116338,9,0,653,60,<=50K
18184,22,59924,9,0,0,40,<=50K
18185,30,194141,10,0,1617,40,<=50K
18186,51,95128,9,0,0,40,<=50K
18187,46,292504,10,0,0,40,<=50K
18188,32,45796,9,0,0,45,<=50K
18190,52,104280,10,0,0,50,<=50K
18191,57,172291,9,0,0,40,<=50K
18192,35,180988,10,0,0,39,<=50K
18194,59,556688,5,0,0,12,<=50K
18195,36,22494,10,0,0,40,<=50K
18197,67,256821,9,0,0,20,<=50K
18198,31,117346,10,0,0,48,<=50K
18199,31,62374,9,0,0,50,<=50K
18200,28,314659,10,0,0,42,<=50K
18201,72,114761,4,0,0,20,<=50K
18202,36,93225,9,0,0,40,<=50K
18204,56,124771,9,0,0,40,<=50K
18205,35,27408,10,0,0,40,<=50K
18207,44,271792,13,0,0,40,<=50K
18208,26,64289,9,0,0,40,<=50K
18209,51,183390,9,0,0,40,<=50K
18211,30,234919,10,0,0,40,<=50K
18212,20,88231,10,0,0,40,<=50K
18213,21,154422,10,0,0,40,<=50K
18216,54,118793,9,0,0,45,<=50K
18217,32,30499,13,0,0,32,<=50K
18220,43,308498,9,0,0,40,<=50K
18221,48,172695,11,0,0,40,<=50K
18222,42,29962,13,0,0,48,<=50K
18223,62,200332,9,0,0,40,<=50K
18224,31,291702,9,0,0,40,<=50K
18225,22,67234,9,0,0,60,<=50K
18226,45,168038,13,0,0,32,<=50K
18227,34,137814,10,0,0,45,<=50K
18228,64,126233,9,0,0,20,<=50K
18229,42,79036,13,0,0,65,<=50K
18230,60,327474,9,0,0,70,<=50K
18231,44,145160,9,0,0,58,<=50K
18232,67,37092,4,0,0,4,<=50K
18233,45,129387,12,0,0,40,<=50K
18236,32,143162,6,0,0,40,<=50K
18237,23,133515,9,0,0,35,<=50K
18238,28,168901,13,0,0,40,<=50K
18239,55,750972,4,0,0,41,<=50K
18242,27,91189,9,0,0,40,<=50K
18243,37,290609,9,0,0,40,<=50K
18244,22,31102,10,0,0,4,<=50K
18245,44,216921,6,0,0,70,<=50K
18246,23,120046,12,0,0,40,<=50K
18247,41,324629,13,0,0,40,<=50K
18249,29,160279,9,0,0,40,<=50K
18253,22,160398,10,0,0,38,<=50K
18254,28,129460,5,0,0,40,<=50K
18255,30,252752,13,0,0,40,<=50K
18256,20,58222,10,0,0,20,<=50K
18257,28,424884,6,0,0,30,<=50K
18259,19,46400,10,0,0,24,<=50K
18260,42,223934,12,0,0,40,<=50K
18261,34,84119,9,0,0,40,<=50K
18263,23,195532,13,0,0,40,<=50K
18264,50,191299,9,0,0,50,<=50K
18266,57,162301,9,0,0,45,<=50K
18267,35,143152,10,3908,0,27,<=50K
18268,24,92609,13,0,0,45,<=50K
18269,27,247819,10,0,0,15,<=50K
18271,45,142719,9,0,0,40,<=50K
18272,80,86111,16,0,0,30,<=50K
18273,23,35633,10,0,0,50,<=50K
18276,50,173630,9,0,0,60,<=50K
18277,90,311184,13,0,0,20,<=50K
18278,55,49737,10,0,0,50,<=50K
18279,72,183616,9,0,0,50,<=50K
18280,65,129426,10,0,0,40,<=50K
18281,37,454915,6,0,0,40,<=50K
18282,39,55568,9,0,0,40,<=50K
18283,38,29874,11,0,0,40,<=50K
18288,30,130021,4,2829,0,40,<=50K
18289,50,173630,9,0,0,35,<=50K
18290,28,410351,10,0,0,30,<=50K
18291,34,399386,11,0,0,53,<=50K
18292,55,157932,9,0,0,40,<=50K
18293,20,133061,9,0,0,40,<=50K
18294,19,46400,10,0,0,32,<=50K
18295,21,107895,10,0,0,35,<=50K
18296,39,63021,10,0,0,20,<=50K
18298,33,27959,9,0,0,40,<=50K
18299,26,179569,10,0,0,40,<=50K
18301,31,113129,10,0,0,65,<=50K
18302,32,316470,3,0,0,60,<=50K
18303,60,89884,9,0,0,50,<=50K
18305,21,315303,10,0,0,20,<=50K
18306,27,254500,10,0,0,36,<=50K
18307,33,419895,3,0,0,40,<=50K
18308,43,159549,9,0,0,40,<=50K
18310,18,258474,6,0,0,40,<=50K
18312,37,50837,4,0,0,50,<=50K
18313,58,137506,9,0,0,40,<=50K
18316,24,183594,9,0,0,40,<=50K
18317,26,341353,13,0,0,15,<=50K
18318,43,247981,9,5455,0,50,<=50K
18319,34,193565,7,0,0,40,<=50K
18320,38,39606,13,0,0,40,<=50K
18322,31,233371,9,0,0,45,<=50K
18324,26,269060,13,0,0,40,<=50K
18325,28,179949,9,0,0,20,<=50K
18326,22,32950,10,0,1902,37,<=50K
18327,26,160445,9,0,0,40,<=50K
18329,39,81487,10,0,625,40,<=50K
18330,23,314539,9,0,0,40,<=50K
18331,62,337721,9,0,0,8,<=50K
18333,39,255407,9,0,0,40,<=50K
18334,43,92775,11,0,0,40,<=50K
18335,33,33308,10,0,0,70,<=50K
18336,68,493363,13,0,0,20,<=50K
18338,32,107218,13,0,0,40,<=50K
18339,25,123586,10,0,0,40,<=50K
18340,53,158352,3,0,0,24,<=50K
18342,62,176753,9,0,0,40,<=50K
18343,20,122346,9,0,0,40,<=50K
18344,26,463194,9,0,0,40,<=50K
18345,23,162228,9,0,0,40,<=50K
18346,43,115005,9,0,0,40,<=50K
18347,29,183285,10,0,0,36,<=50K
18348,34,169605,6,0,0,36,<=50K
18349,24,450695,10,0,0,35,<=50K
18351,19,63918,10,0,0,40,<=50K
18353,40,289309,10,0,0,48,<=50K
18354,45,101825,9,0,0,45,<=50K
18355,43,206833,9,0,0,45,<=50K
18356,22,77873,5,0,0,30,<=50K
18358,72,194548,10,0,0,3,<=50K
18359,29,206351,13,0,0,40,<=50K
18360,47,198200,13,0,0,50,<=50K
18361,24,140001,9,0,0,35,<=50K
18362,22,287988,10,0,0,15,<=50K
18363,21,143604,9,0,0,40,<=50K
18365,37,196529,10,2354,0,40,<=50K
18366,74,192413,15,0,0,40,<=50K
18367,70,139889,10,2653,0,70,<=50K
18368,27,104917,11,0,0,40,<=50K
18369,32,161478,13,0,0,46,<=50K
18370,30,35644,7,0,0,50,<=50K
18371,29,116751,11,0,0,56,<=50K
18372,18,238867,7,0,1602,40,<=50K
18374,39,179668,10,0,0,70,<=50K
18375,21,57951,10,0,0,30,<=50K
18376,31,176711,9,0,0,38,<=50K
18377,33,368675,10,0,0,40,<=50K
18379,29,173851,9,0,0,40,<=50K
18380,34,90705,10,0,1485,40,<=50K
18381,52,216342,13,0,0,55,<=50K
18382,35,140752,9,0,0,25,<=50K
18383,33,116508,6,0,0,40,<=50K
18384,40,224361,5,0,0,5,<=50K
18386,66,196736,2,0,0,30,<=50K
18388,36,185607,9,0,0,30,<=50K
18389,17,244856,7,0,0,40,<=50K
18390,32,198068,9,0,0,40,<=50K
18391,39,97136,9,0,0,40,<=50K
18392,19,164658,10,0,0,60,<=50K
18395,47,97419,13,0,0,40,<=50K
18396,49,208872,9,0,1672,98,<=50K
18397,32,205528,9,0,0,40,<=50K
18398,28,146042,9,0,0,50,<=50K
18399,39,222641,13,0,0,40,<=50K
18400,27,376936,9,0,0,50,<=50K
18402,24,155913,13,0,0,44,<=50K
18404,19,214678,9,0,0,30,<=50K
18406,50,166565,9,0,0,40,<=50K
18407,32,257043,9,0,0,42,<=50K
18410,43,38876,9,0,0,50,<=50K
18411,29,187073,13,0,0,40,<=50K
18413,90,313749,13,0,0,10,<=50K
18415,24,243368,1,0,0,36,<=50K
18416,24,32921,10,0,0,50,<=50K
18417,24,117167,10,0,0,53,<=50K
18419,30,114691,13,0,0,40,<=50K
18420,46,99385,13,0,0,40,<=50K
18421,19,210308,10,0,1721,30,<=50K
18422,39,252327,5,0,0,35,<=50K
18423,43,90582,9,0,0,40,<=50K
18424,35,190194,9,0,0,40,<=50K
18425,65,264188,9,0,0,24,<=50K
18426,34,243776,9,0,0,40,<=50K
18427,41,67065,11,0,0,40,<=50K
18428,24,204209,10,0,0,60,<=50K
18429,24,226668,9,0,0,35,<=50K
18432,37,118681,9,0,0,38,<=50K
18434,58,116901,9,0,0,25,<=50K
18435,36,405644,9,0,0,35,<=50K
18436,33,293550,10,4064,0,40,<=50K
18437,42,328581,14,0,0,55,<=50K
18438,31,217962,10,0,0,40,<=50K
18439,57,158827,9,0,0,40,<=50K
18441,23,159709,9,0,0,40,<=50K
18442,35,140474,10,0,0,40,<=50K
18444,39,83242,10,0,0,60,<=50K
18445,36,143385,9,0,0,40,<=50K
18446,29,167544,12,0,0,13,<=50K
18447,25,122175,9,0,0,40,<=50K
18449,24,230475,9,0,0,44,<=50K
18451,70,206232,6,0,0,50,<=50K
18453,51,163671,13,0,1902,40,<=50K
18454,38,140583,14,0,0,70,<=50K
18456,28,246974,9,0,0,40,<=50K
18460,29,250819,10,0,0,40,<=50K
18461,21,196508,10,0,0,40,<=50K
18464,50,271160,10,0,0,40,<=50K
18465,65,173674,9,0,0,14,<=50K
18466,64,257790,9,0,0,38,<=50K
18467,44,322391,7,0,0,30,<=50K
18469,17,104232,6,0,0,10,<=50K
18470,17,86786,6,0,0,40,<=50K
18471,43,88233,10,0,0,60,<=50K
18472,32,240888,12,0,0,40,<=50K
18474,20,129240,10,0,0,20,<=50K
18475,23,160968,10,0,0,10,<=50K
18476,34,236861,9,0,0,45,<=50K
18477,30,109282,10,0,0,20,<=50K
18478,32,215047,4,0,0,40,<=50K
18480,28,55360,10,0,0,40,<=50K
18483,28,183597,16,594,0,50,<=50K
18484,37,115289,10,0,0,40,<=50K
18485,56,258883,10,0,0,40,<=50K
18486,27,69132,13,0,0,40,<=50K
18487,34,207301,9,0,0,20,<=50K
18488,37,179671,9,0,0,40,<=50K
18490,19,327397,9,0,0,30,<=50K
18491,60,200235,11,0,0,40,<=50K
18492,54,108435,10,2829,0,30,<=50K
18495,48,250674,11,0,0,60,<=50K
18496,57,176897,9,0,0,60,<=50K
18498,62,174201,5,0,0,25,<=50K
18499,45,167617,10,0,0,40,<=50K
18500,55,254949,9,0,0,40,<=50K
18501,62,319582,9,0,0,32,<=50K
18502,25,248990,6,0,0,40,<=50K
18503,49,144396,7,0,0,38,<=50K
18504,32,200469,10,3887,0,40,<=50K
18505,25,55636,9,0,0,40,<=50K
18506,39,185624,10,0,0,50,<=50K
18507,27,125442,10,0,0,50,<=50K
18509,30,243841,9,0,0,40,<=50K
18510,21,34616,10,0,0,20,<=50K
18512,33,174789,10,0,0,50,<=50K
18513,33,280111,7,0,0,38,<=50K
18514,70,236055,4,0,0,35,<=50K
18515,25,237865,10,0,0,42,<=50K
18516,17,194612,7,0,0,25,<=50K
18517,20,173851,10,0,0,40,<=50K
18518,19,372483,10,0,0,35,<=50K
18520,31,174201,12,0,0,40,<=50K
18521,26,272618,13,0,0,55,<=50K
18522,52,74660,14,0,0,40,<=50K
18523,26,201481,13,0,0,40,<=50K
18524,38,175232,9,0,0,45,<=50K
18525,25,336440,10,0,0,40,<=50K
18526,22,46645,13,0,0,9,<=50K
18529,30,31510,12,0,0,50,<=50K
18532,59,190514,7,0,0,20,<=50K
18533,49,165513,10,0,0,40,<=50K
18534,65,178931,9,3818,0,40,<=50K
18537,44,165815,5,0,0,40,<=50K
18539,36,235371,9,0,0,40,<=50K
18543,29,255949,13,0,0,40,<=50K
18544,52,186272,9,0,0,40,<=50K
18545,37,282872,9,0,1628,40,<=50K
18546,21,111676,10,0,0,40,<=50K
18547,36,199501,10,0,0,38,<=50K
18548,24,151443,9,0,0,30,<=50K
18549,31,145935,9,0,0,40,<=50K
18550,54,230387,9,0,0,35,<=50K
18551,44,127592,13,0,0,40,<=50K
18552,18,210828,10,0,0,30,<=50K
18553,41,297186,9,0,0,40,<=50K
18554,37,116554,14,0,0,70,<=50K
18555,30,144593,9,0,0,40,<=50K
18556,26,147719,13,0,0,20,<=50K
18557,68,89011,16,0,0,50,<=50K
18558,31,38158,10,0,0,40,<=50K
18559,48,178686,9,0,0,40,<=50K
18560,80,172826,9,0,0,8,<=50K
18561,26,155752,10,0,0,40,<=50K
18562,63,100099,5,0,0,40,<=50K
18563,19,231688,10,0,0,20,<=50K
18564,30,147215,10,0,0,30,<=50K
18565,42,50122,9,0,0,60,<=50K
18567,32,113364,13,0,0,40,<=50K
18568,50,289390,9,0,0,47,<=50K
18569,73,77884,9,0,0,40,<=50K
18570,32,390157,13,0,0,40,<=50K
18572,58,234328,13,0,0,40,<=50K
18574,24,410439,10,0,0,15,<=50K
18576,23,166527,10,0,0,40,<=50K
18577,42,109912,12,0,0,40,<=50K
18578,30,210906,9,0,0,40,<=50K
18579,38,405284,13,0,0,35,<=50K
18580,28,138269,9,0,0,40,<=50K
18581,19,25429,8,0,0,20,<=50K
18582,45,231672,9,0,0,40,<=50K
18583,26,258550,13,0,0,40,<=50K
18584,33,268147,5,0,0,40,<=50K
18585,29,54411,9,0,0,50,<=50K
18587,23,157951,10,0,0,50,<=50K
18589,37,238049,5,0,0,30,<=50K
18590,31,197252,4,0,0,40,<=50K
18591,56,216636,8,0,1651,40,<=50K
18592,25,183575,7,0,0,40,<=50K
18593,17,19752,7,0,0,25,<=50K
18594,37,103925,9,0,0,68,<=50K
18595,60,31577,11,0,0,40,<=50K
18596,59,61298,13,0,0,40,<=50K
18599,28,389857,9,0,0,16,<=50K
18600,33,192644,9,0,0,40,<=50K
18601,24,216129,9,0,1408,50,<=50K
18603,33,67482,11,0,0,99,<=50K
18604,29,108775,9,0,0,40,<=50K
18605,23,279243,10,0,0,40,<=50K
18606,20,278391,10,0,0,25,<=50K
18607,60,349898,9,0,0,44,<=50K
18608,44,219441,6,0,0,35,<=50K
18609,18,173255,9,1055,0,25,<=50K
18610,52,29623,8,0,0,40,<=50K
18611,31,217460,9,0,0,45,<=50K
18613,33,163110,9,3781,0,40,<=50K
18614,20,238685,10,0,0,32,<=50K
18616,33,213308,11,0,0,50,<=50K
18617,25,193773,9,0,0,35,<=50K
18618,63,114011,9,0,0,20,<=50K
18619,63,52144,10,0,0,35,<=50K
18620,43,347934,9,0,0,30,<=50K
18621,58,293399,7,0,0,40,<=50K
18622,70,118630,11,0,0,35,<=50K
18625,20,188950,10,0,0,25,<=50K
18626,35,189382,9,0,0,40,<=50K
18627,62,24515,5,0,0,40,<=50K
18628,41,283116,9,1506,0,50,<=50K
18629,43,182217,13,0,0,35,<=50K
18630,19,552354,8,0,0,40,<=50K
18631,46,163021,9,0,0,40,<=50K
18634,45,183092,12,0,0,40,<=50K
18635,48,30289,6,0,0,30,<=50K
18636,29,77572,12,0,0,40,<=50K
18638,36,469056,9,0,0,25,<=50K
18639,58,145574,7,0,0,40,<=50K
18640,43,302041,9,0,0,40,<=50K
18641,59,32552,13,0,0,4,<=50K
18642,42,185413,13,0,0,40,<=50K
18644,23,163870,10,0,0,40,<=50K
18645,21,240063,10,0,0,25,<=50K
18646,48,208748,3,0,0,40,<=50K
18647,32,84119,9,0,0,40,<=50K
18649,66,261062,14,0,0,40,<=50K
18650,23,336010,13,0,0,32,<=50K
18652,17,138293,7,0,0,15,<=50K
18655,21,170070,10,0,0,10,<=50K
18656,24,149457,10,0,0,40,<=50K
18658,25,378322,9,0,2001,50,<=50K
18659,29,196912,13,0,0,40,<=50K
18661,34,80933,9,0,0,40,<=50K
18663,27,120155,9,0,0,39,<=50K
18664,47,167159,9,4650,0,40,<=50K
18666,44,161240,9,0,0,40,<=50K
18667,31,126402,9,0,0,60,<=50K
18668,23,148709,9,0,0,35,<=50K
18670,31,80058,9,0,0,64,<=50K
18671,45,274689,6,0,0,60,<=50K
18672,42,157367,9,0,0,35,<=50K
18674,33,33727,14,0,0,40,<=50K
18676,25,146117,10,0,0,42,<=50K
18677,33,160216,14,0,0,32,<=50K
18679,22,50163,5,0,0,40,<=50K
18682,43,144218,8,0,0,60,<=50K
18683,37,94334,4,0,0,25,<=50K
18685,51,35295,9,0,0,45,<=50K
18686,47,133969,13,2885,0,65,<=50K
18687,36,35429,10,0,0,60,<=50K
18688,73,205580,3,0,0,6,<=50K
18689,32,177794,14,0,0,40,<=50K
18690,34,167474,9,0,0,50,<=50K
18691,51,35211,9,0,0,40,<=50K
18692,20,117244,9,0,0,45,<=50K
18693,57,194850,10,0,0,40,<=50K
18694,19,144911,10,0,0,20,<=50K
18696,55,101338,6,0,0,40,<=50K
18697,60,148522,10,0,0,40,<=50K
18698,19,97261,9,0,0,40,<=50K
18699,35,166606,9,0,0,40,<=50K
18700,20,229414,9,0,0,30,<=50K
18701,34,209213,13,0,0,15,<=50K
18703,73,127858,10,3273,0,40,<=50K
18704,27,302406,14,0,0,55,<=50K
18705,37,29054,11,0,0,84,<=50K
18706,73,336007,9,0,0,40,<=50K
18708,36,101481,9,0,0,40,<=50K
18710,49,233639,7,0,0,50,<=50K
18711,68,31725,9,0,0,40,<=50K
18712,34,54850,13,0,1590,50,<=50K
18713,30,293512,11,0,0,40,<=50K
18714,28,375655,13,0,0,50,<=50K
18716,25,203408,10,0,0,40,<=50K
18717,26,162302,10,0,0,40,<=50K
18719,32,100135,9,0,0,40,<=50K
18720,60,41517,7,0,0,20,<=50K
18721,18,102182,8,0,0,30,<=50K
18722,36,414683,13,0,0,40,<=50K
18723,26,194352,13,0,0,40,<=50K
18724,24,194096,9,0,0,45,<=50K
18725,90,153602,9,6767,0,40,<=50K
18726,20,215495,10,0,0,40,<=50K
18727,27,164607,13,0,0,50,<=50K
18728,58,34878,13,0,0,50,<=50K
18730,65,315728,9,2329,0,75,<=50K
18731,28,22422,9,0,0,40,<=50K
18732,36,178222,13,0,0,60,<=50K
18734,23,300275,9,0,0,48,<=50K
18735,69,197288,9,0,0,35,<=50K
18736,58,157786,9,0,0,40,<=50K
18737,22,110684,9,0,0,20,<=50K
18738,58,140729,13,0,0,35,<=50K
18740,44,37997,9,0,0,60,<=50K
18741,31,61308,6,0,0,40,<=50K
18742,46,171199,13,0,0,40,<=50K
18743,48,128432,9,0,0,40,<=50K
18744,46,195023,10,0,0,40,<=50K
18745,43,122473,5,0,625,40,<=50K
18746,43,171888,10,0,0,40,<=50K
18747,17,183784,6,0,0,15,<=50K
18748,20,219262,10,0,0,40,<=50K
18749,22,71379,10,0,0,35,<=50K
18750,19,234519,10,0,0,35,<=50K
18751,35,96824,10,0,0,40,<=50K
18752,29,242597,13,0,0,40,<=50K
18753,18,127388,10,0,0,40,<=50K
18754,25,204536,9,0,0,35,<=50K
18755,54,143804,6,0,0,40,<=50K
18756,23,80680,10,0,0,16,<=50K
18757,36,301227,3,0,0,35,<=50K
18758,26,201930,9,0,0,50,<=50K
18759,25,176616,9,0,0,40,<=50K
18760,46,353219,5,0,0,40,<=50K
18761,41,126076,10,0,0,50,<=50K
18762,31,156493,9,0,0,40,<=50K
18764,52,561489,14,0,0,50,<=50K
18765,22,100345,9,0,0,43,<=50K
18766,18,36275,9,0,0,25,<=50K
18767,46,110794,10,0,0,40,<=50K
18768,34,143766,10,0,0,40,<=50K
18769,30,76313,9,0,0,48,<=50K
18770,31,121308,7,0,0,40,<=50K
18771,21,216672,9,0,0,40,<=50K
18772,41,89942,9,3674,0,45,<=50K
18774,30,158291,13,0,0,40,<=50K
18775,21,455361,5,0,0,35,<=50K
18776,44,225263,10,0,1408,46,<=50K
18780,26,142506,13,0,0,35,<=50K
18781,47,148576,15,0,0,35,<=50K
18782,36,185325,9,0,0,37,<=50K
18783,32,27939,10,0,0,60,<=50K
18784,21,383603,6,0,0,35,<=50K
18785,30,140790,9,0,0,45,<=50K
18786,34,226629,9,0,0,40,<=50K
18787,51,228516,9,0,0,45,<=50K
18788,55,119762,6,0,0,50,<=50K
18789,43,299197,10,0,0,40,<=50K
18790,37,149297,9,0,0,30,<=50K
18791,28,202558,10,0,0,40,<=50K
18792,39,175232,10,0,0,50,<=50K
18793,35,157473,9,0,0,40,<=50K
18794,59,409842,14,0,0,20,<=50K
18795,26,105787,9,0,0,36,<=50K
18796,68,144056,9,3818,0,40,<=50K
18798,21,205838,9,0,0,37,<=50K
18799,23,115326,10,0,0,20,<=50K
18800,17,186890,6,0,0,30,<=50K
18801,23,304386,9,0,0,40,<=50K
18802,34,24529,9,0,0,15,<=50K
18803,33,183557,12,0,0,40,<=50K
18804,31,342730,12,0,0,45,<=50K
18805,31,182191,13,4064,0,30,<=50K
18806,56,67841,9,0,0,40,<=50K
18807,21,351381,9,0,0,40,<=50K
18808,45,293691,9,0,1590,40,<=50K
18810,26,190027,6,0,0,30,<=50K
18811,41,343944,7,0,0,40,<=50K
18813,47,72333,9,0,0,40,<=50K
18815,35,334999,9,0,0,45,<=50K
18816,44,274363,9,0,0,50,<=50K
18818,25,52536,12,0,1594,25,<=50K
18819,44,187720,11,0,0,40,<=50K
18820,57,104996,10,0,0,42,<=50K
18821,24,214555,10,0,0,40,<=50K
18822,38,52963,13,0,0,50,<=50K
18823,33,190511,4,2176,0,35,<=50K
18824,25,75821,10,0,0,40,<=50K
18829,27,187746,10,0,0,40,<=50K
18830,22,157145,11,0,0,50,<=50K
18831,30,227551,9,0,0,40,<=50K
18832,90,115306,14,0,0,40,<=50K
18833,39,169249,9,0,0,40,<=50K
18834,34,221966,13,0,0,45,<=50K
18836,19,28119,10,0,0,4,<=50K
18837,19,323810,6,0,0,40,<=50K
18838,29,210498,9,0,0,40,<=50K
18839,66,174995,12,2290,0,30,<=50K
18840,38,161141,10,0,0,45,<=50K
18841,44,210534,3,0,0,40,<=50K
18842,34,112650,4,0,0,40,<=50K
18843,35,318891,12,0,0,40,<=50K
18844,29,375655,13,0,0,40,<=50K
18845,22,228465,9,0,0,40,<=50K
18846,33,102130,10,0,0,40,<=50K
18848,35,177305,10,0,2377,40,<=50K
18849,41,34037,9,0,0,40,<=50K
18850,27,116613,10,0,0,50,<=50K
18851,25,175540,9,0,0,50,<=50K
18854,36,209993,2,0,0,20,<=50K
18855,25,206002,9,0,0,40,<=50K
18856,37,201259,7,0,0,65,<=50K
18857,26,202286,13,0,0,40,<=50K
18858,53,96062,10,0,1740,40,<=50K
18859,36,578377,14,0,0,40,<=50K
18861,53,324021,10,0,0,40,<=50K
18862,37,107737,9,0,0,45,<=50K
18863,41,129865,9,0,0,40,<=50K
18864,53,103586,13,0,0,55,<=50K
18865,23,187513,10,0,0,32,<=50K
18866,28,172891,9,0,0,50,<=50K
18867,53,207449,6,0,0,40,<=50K
18869,33,408813,13,0,0,50,<=50K
18870,27,209292,9,0,0,32,<=50K
18872,31,209538,10,0,0,55,<=50K
18874,44,889965,9,3137,0,30,<=50K
18875,37,298444,14,0,0,40,<=50K
18876,39,163237,9,0,0,60,<=50K
18877,18,311795,8,0,0,20,<=50K
18880,35,153535,9,0,0,36,<=50K
18881,43,249771,9,0,0,99,<=50K
18884,27,34701,13,0,0,40,<=50K
18885,46,106252,10,0,0,40,<=50K
18886,54,138944,9,0,0,44,<=50K
18889,26,162312,10,0,0,20,<=50K
18891,36,359249,10,0,0,40,<=50K
18894,26,130931,9,0,0,40,<=50K
18896,48,105138,9,0,0,40,<=50K
18897,30,178383,10,0,0,40,<=50K
18900,44,232421,9,0,0,32,<=50K
18901,30,130369,11,0,0,40,<=50K
18902,68,336329,9,0,0,10,<=50K
18903,26,337867,13,0,0,40,<=50K
18904,26,104614,13,0,0,40,<=50K
18905,41,223548,2,0,0,40,<=50K
18907,48,64479,13,0,0,47,<=50K
18908,55,284095,9,0,0,37,<=50K
18909,50,221336,10,0,0,40,<=50K
18911,52,208302,9,0,0,36,<=50K
18912,24,412156,9,0,0,40,<=50K
18915,31,186420,14,0,0,25,<=50K
18919,46,314770,10,0,0,48,<=50K
18920,45,135044,9,0,0,40,<=50K
18921,39,319248,6,0,0,25,<=50K
18922,34,236415,10,0,0,18,<=50K
18924,19,133983,10,0,0,20,<=50K
18925,56,81220,10,0,0,40,<=50K
18926,47,151087,9,0,0,40,<=50K
18928,25,190628,10,0,0,40,<=50K
18929,43,106982,13,0,0,40,<=50K
18931,66,213477,4,0,0,10,<=50K
18933,32,257068,10,0,0,37,<=50K
18934,58,37591,13,0,0,40,<=50K
18936,27,211184,9,0,0,52,<=50K
18937,21,136610,8,0,0,32,<=50K
18939,40,240698,9,0,0,60,<=50K
18940,65,172906,9,0,0,40,<=50K
18942,18,163085,9,0,0,20,<=50K
18944,44,218062,10,0,0,40,<=50K
18945,20,201799,10,0,0,13,<=50K
18946,29,150717,11,0,0,40,<=50K
18949,43,156771,6,0,0,40,<=50K
18950,23,216639,13,0,0,40,<=50K
18951,41,82161,9,0,0,40,<=50K
18952,30,159159,10,0,0,30,<=50K
18953,58,310014,13,0,0,25,<=50K
18954,50,133014,11,0,0,40,<=50K
18956,21,399022,9,0,0,24,<=50K
18957,33,179758,9,0,0,20,<=50K
18958,52,48947,10,0,0,45,<=50K
18959,47,201865,9,0,0,40,<=50K
18963,31,257863,10,0,0,15,<=50K
18964,19,28967,10,0,0,40,<=50K
18965,45,379393,10,0,0,45,<=50K
18966,45,152752,11,0,0,3,<=50K
18967,34,154874,9,4416,0,30,<=50K
18968,27,154210,7,0,0,35,<=50K
18969,37,335716,9,0,0,40,<=50K
18970,20,94744,9,0,0,20,<=50K
18972,24,240137,2,0,0,55,<=50K
18973,39,80004,9,0,0,40,<=50K
18974,18,109702,10,0,0,30,<=50K
18975,62,39610,10,0,0,80,<=50K
18976,24,90046,13,0,0,40,<=50K
18977,37,193855,9,0,0,45,<=50K
18978,46,206889,13,0,0,25,<=50K
18979,44,86298,9,0,0,40,<=50K
18981,25,323139,13,0,0,35,<=50K
18982,44,237993,15,0,0,45,<=50K
18983,24,36058,13,0,0,50,<=50K
18984,61,163393,9,0,0,20,<=50K
18985,45,93535,14,0,0,40,<=50K
18986,33,112952,10,0,0,48,<=50K
18988,26,73392,9,0,0,30,<=50K
18989,40,507086,9,0,0,32,<=50K
18991,24,276851,9,0,1762,40,<=50K
18992,25,39901,13,0,0,60,<=50K
18993,31,33124,13,0,0,50,<=50K
18994,55,419732,10,0,0,38,<=50K
18995,46,171095,12,0,0,38,<=50K
18996,58,199278,13,0,0,38,<=50K
18997,56,235205,9,0,0,40,<=50K
19000,35,72338,9,0,0,56,<=50K
19003,17,198830,7,0,0,10,<=50K
19004,21,267040,6,0,0,40,<=50K
19007,56,659558,8,0,0,40,<=50K
19008,39,181661,9,0,0,40,<=50K
19009,31,186144,4,0,0,40,<=50K
19010,20,178517,10,0,0,40,<=50K
19011,65,131417,3,1797,0,21,<=50K
19012,44,57233,10,0,0,45,<=50K
19013,33,379798,9,0,0,40,<=50K
19015,38,107302,9,0,0,50,<=50K
19016,31,127651,6,0,1741,40,<=50K
19017,33,102884,13,0,0,20,<=50K
19018,49,241753,9,0,0,40,<=50K
19019,28,173611,9,0,0,40,<=50K
19020,29,232666,9,0,0,40,<=50K
19021,23,352207,11,0,0,20,<=50K
19024,27,177057,9,0,0,40,<=50K
19026,21,251603,9,0,0,40,<=50K
19030,21,313702,10,0,0,40,<=50K
19032,34,227359,10,0,0,42,<=50K
19033,21,196827,12,0,0,10,<=50K
19034,44,118550,9,0,0,33,<=50K
19035,26,285004,13,0,0,35,<=50K
19038,52,76860,9,0,0,8,<=50K
19039,44,167280,13,0,0,40,<=50K
19040,42,334783,9,0,0,40,<=50K
19042,31,226443,13,0,0,40,<=50K
19043,30,366065,10,0,0,40,<=50K
19044,23,225724,10,0,0,25,<=50K
19045,81,132204,2,0,0,20,<=50K
19046,39,258276,13,3137,0,40,<=50K
19047,38,197711,6,0,0,40,<=50K
19048,21,30619,10,0,0,38,<=50K
19049,28,335015,9,0,0,40,<=50K
19050,34,61272,13,0,0,40,<=50K
19051,47,106544,9,0,0,40,<=50K
19052,36,144169,9,0,0,50,<=50K
19053,27,40295,9,0,0,99,<=50K
19054,56,266091,13,2907,0,52,<=50K
19055,57,143030,9,0,0,30,<=50K
19056,42,192397,10,0,0,38,<=50K
19057,43,114351,9,0,0,35,<=50K
19058,48,63466,9,0,0,32,<=50K
19059,53,132304,9,0,0,40,<=50K
19060,58,128162,9,0,0,24,<=50K
19061,19,125938,8,0,0,40,<=50K
19063,41,203451,10,0,0,15,<=50K
19064,31,109917,4,0,0,40,<=50K
19065,31,114937,13,0,0,35,<=50K
19066,53,231196,9,0,0,40,<=50K
19067,19,238474,10,0,0,25,<=50K
19070,51,360131,3,0,0,40,<=50K
19071,62,141308,10,0,0,40,<=50K
19073,45,119835,4,0,0,48,<=50K
19074,28,296537,9,0,0,45,<=50K
19076,62,39630,13,0,0,40,<=50K
19077,57,213975,9,0,0,30,<=50K
19079,23,55465,10,0,0,40,<=50K
19081,21,211301,10,0,0,8,<=50K
19082,51,200450,9,0,0,48,<=50K
19083,61,176731,9,0,0,40,<=50K
19085,76,125784,13,0,0,40,<=50K
19086,24,152176,10,0,0,39,<=50K
19087,31,111423,13,0,0,55,<=50K
19089,58,30111,10,0,0,40,<=50K
19090,18,214989,10,0,1602,24,<=50K
19091,19,272800,8,0,0,25,<=50K
19092,44,195881,10,0,0,45,<=50K
19093,41,170924,10,0,0,7,<=50K
19094,21,131473,10,0,0,20,<=50K
19095,40,149466,9,0,0,35,<=50K
19096,25,190418,10,0,0,30,<=50K
19097,62,167889,16,0,0,40,<=50K
19098,42,177989,9,0,0,40,<=50K
19099,35,186035,11,0,0,40,<=50K
19100,19,195805,9,0,0,12,<=50K
19101,60,54800,9,0,0,40,<=50K
19102,20,100605,9,0,0,40,<=50K
19103,23,253190,12,0,0,25,<=50K
19104,18,203301,9,0,0,40,<=50K
19106,19,278304,10,0,0,15,<=50K
19107,51,93193,9,0,0,40,<=50K
19108,41,158688,13,0,0,50,<=50K
19109,18,327612,6,0,0,20,<=50K
19110,41,210844,10,0,0,40,<=50K
19111,27,147340,10,0,0,40,<=50K
19112,71,130436,2,0,0,28,<=50K
19113,25,206600,8,0,0,40,<=50K
19114,73,284680,9,0,0,20,<=50K
19115,45,127738,10,0,0,40,<=50K
19117,50,287927,9,0,0,16,<=50K
19118,44,249332,9,0,0,40,<=50K
19119,44,290403,11,0,0,40,<=50K
19122,42,178470,9,0,0,40,<=50K
19123,20,62865,9,0,0,45,<=50K
19124,66,107196,9,0,0,18,<=50K
19125,19,86860,10,0,0,15,<=50K
19126,60,130684,10,0,0,55,<=50K
19127,46,164682,11,0,0,40,<=50K
19128,42,198316,11,0,0,35,<=50K
19129,59,261816,10,0,0,52,<=50K
19131,47,97176,9,0,0,40,<=50K
19132,58,95835,10,0,0,36,<=50K
19134,17,280670,6,0,0,40,<=50K
19135,19,136306,7,0,0,24,<=50K
19136,28,65171,10,0,0,70,<=50K
19137,37,25864,9,0,0,40,<=50K
19138,30,149531,9,0,0,50,<=50K
19139,36,33887,10,0,0,40,<=50K
19141,59,106748,4,0,0,99,<=50K
19142,45,131826,10,0,0,40,<=50K
19144,37,133328,9,0,0,40,<=50K
19145,26,164737,10,0,0,40,<=50K
19146,53,99064,5,0,0,40,<=50K
19147,44,59460,9,0,0,15,<=50K
19148,27,208725,13,0,0,40,<=50K
19149,22,138513,10,0,0,40,<=50K
19150,41,121055,9,0,0,40,<=50K
19151,53,149784,9,0,0,40,<=50K
19152,58,114495,9,0,0,40,<=50K
19153,34,133278,8,0,0,53,<=50K
19155,32,440129,10,0,0,38,<=50K
19157,27,145284,9,0,0,40,<=50K
19158,25,177147,10,0,0,40,<=50K
19159,40,141537,6,0,0,40,<=50K
19160,36,48093,10,0,0,92,<=50K
19161,23,314819,9,0,0,40,<=50K
19162,44,123572,5,0,0,40,<=50K
19163,19,170800,9,0,0,60,<=50K
19164,42,332401,13,0,0,40,<=50K
19165,60,193038,10,0,0,15,<=50K
19167,45,106910,9,0,0,40,<=50K
19168,67,163726,3,0,0,49,<=50K
19169,36,609935,13,0,0,48,<=50K
19170,52,314627,14,0,0,40,<=50K
19171,28,115945,16,0,0,18,<=50K
19172,83,272248,9,0,0,20,<=50K
19173,17,167878,7,0,0,20,<=50K
19174,27,176972,11,0,0,40,<=50K
19175,35,31095,11,0,0,60,<=50K
19176,40,130834,10,0,0,40,<=50K
19177,23,207415,12,0,0,25,<=50K
19178,51,264457,7,0,0,40,<=50K
19179,51,340588,2,0,0,54,<=50K
19180,82,42435,6,0,0,20,<=50K
19181,28,107411,9,0,0,45,<=50K
19183,29,106179,13,0,0,35,<=50K
19184,19,247679,9,0,0,45,<=50K
19185,30,171598,13,0,0,50,<=50K
19186,23,234460,4,0,0,40,<=50K
19188,27,182540,7,0,0,40,<=50K
19189,35,172694,9,0,0,40,<=50K
19190,17,29571,8,0,0,15,<=50K
19191,27,130438,9,0,0,40,<=50K
19192,27,213421,15,0,0,50,<=50K
19194,64,133144,9,0,0,16,<=50K
19195,62,24050,9,0,0,15,<=50K
19196,26,276967,10,0,0,40,<=50K
19197,40,184857,9,0,0,40,<=50K
19199,35,192251,9,0,0,40,<=50K
19200,25,190650,13,0,0,40,<=50K
19201,52,255927,10,0,0,24,<=50K
19203,30,216811,9,0,0,40,<=50K
19205,28,120471,9,0,0,40,<=50K
19206,17,183066,6,0,0,25,<=50K
19207,46,298786,10,0,0,40,<=50K
19209,21,253612,10,1055,0,32,<=50K
19210,18,207438,9,0,0,40,<=50K
19211,17,148522,7,0,1721,15,<=50K
19212,90,139660,10,0,0,37,<=50K
19213,23,165474,10,0,0,40,<=50K
19215,19,67929,10,0,0,50,<=50K
19216,69,229418,9,0,0,40,<=50K
19217,23,41356,12,0,0,32,<=50K
19218,28,185127,10,0,0,54,<=50K
19220,57,148315,9,0,0,30,<=50K
19221,30,145692,10,0,1974,40,<=50K
19222,48,210424,9,914,0,40,<=50K
19223,73,198526,9,0,0,32,<=50K
19224,25,521400,3,0,0,40,<=50K
19226,36,124818,9,0,0,40,<=50K
19227,28,190836,9,3411,0,40,<=50K
19228,57,71367,9,0,0,40,<=50K
19229,31,303032,10,0,0,40,<=50K
19230,35,98989,5,0,0,38,<=50K
19231,40,390781,9,0,0,48,<=50K
19232,32,54782,10,0,0,40,<=50K
19233,35,202683,13,0,0,40,<=50K
19234,26,213081,9,0,0,40,<=50K
19235,27,89718,10,0,0,40,<=50K
19236,17,225106,6,0,1602,18,<=50K
19237,29,253262,10,0,0,40,<=50K
19238,18,78181,7,0,0,30,<=50K
19239,20,158206,10,0,0,30,<=50K
19240,69,337720,9,0,0,24,<=50K
19241,18,391257,10,0,0,40,<=50K
19242,56,134756,9,0,0,40,<=50K
19243,40,183404,10,0,0,8,<=50K
19244,46,192793,10,0,0,40,<=50K
19245,41,203943,8,0,0,40,<=50K
19246,53,89400,10,0,0,40,<=50K
19248,23,139187,7,0,0,50,<=50K
19251,45,164210,10,0,0,40,<=50K
19253,17,198797,7,0,0,20,<=50K
19255,22,117618,13,0,0,25,<=50K
19256,30,119164,13,0,0,40,<=50K
19257,40,92036,13,0,0,40,<=50K
19258,36,77146,14,0,0,40,<=50K
19259,25,191803,12,0,0,50,<=50K
19260,29,54932,9,0,0,40,<=50K
19261,29,251694,13,0,0,50,<=50K
19262,22,268145,13,0,0,40,<=50K
19263,56,104842,13,0,0,50,<=50K
19265,37,212512,9,3464,0,50,<=50K
19266,53,133436,4,0,0,40,<=50K
19267,23,309055,10,0,0,20,<=50K
19268,18,59202,9,0,0,10,<=50K
19269,36,32709,10,3325,0,45,<=50K
19271,31,117963,9,0,0,60,<=50K
19273,18,308889,7,0,0,20,<=50K
19274,45,144940,14,0,0,40,<=50K
19275,64,102041,7,0,0,40,<=50K
19276,26,335998,9,0,0,38,<=50K
19277,53,29557,10,0,0,40,<=50K
19278,27,210313,9,0,0,28,<=50K
19279,32,190784,10,0,0,40,<=50K
19283,61,181033,9,0,0,60,<=50K
19284,41,344572,9,0,0,40,<=50K
19285,46,170165,9,0,0,37,<=50K
19286,32,178835,9,0,0,40,<=50K
19287,29,118230,9,0,0,35,<=50K
19288,48,149640,14,0,0,40,<=50K
19289,32,30271,10,0,0,30,<=50K
19290,21,154165,9,0,0,35,<=50K
19293,51,280093,9,0,0,40,<=50K
19295,27,199172,13,0,0,40,<=50K
19296,70,177199,9,0,0,3,<=50K
19297,33,258932,9,0,0,40,<=50K
19299,39,258037,14,0,0,40,<=50K
19300,32,116677,9,0,0,40,<=50K
19301,30,59496,10,0,0,40,<=50K
19302,43,34218,10,0,0,40,<=50K
19303,31,200246,5,0,0,40,<=50K
19304,64,316246,13,0,0,40,<=50K
19305,37,239161,10,0,0,52,<=50K
19306,49,173411,9,0,0,40,<=50K
19307,29,259226,7,0,0,48,<=50K
19308,35,195516,9,0,0,40,<=50K
19309,37,200598,12,0,1740,45,<=50K
19311,21,415913,10,0,0,40,<=50K
19312,23,147253,12,0,0,40,<=50K
19313,35,199674,9,0,0,40,<=50K
19315,23,377121,10,0,0,25,<=50K
19316,21,400635,10,0,0,20,<=50K
19317,45,513660,13,0,0,40,<=50K
19318,24,175069,13,0,0,50,<=50K
19319,38,82552,9,594,0,50,<=50K
19320,28,78388,6,0,0,38,<=50K
19321,23,171705,9,0,0,48,<=50K
19322,39,315640,13,0,0,60,<=50K
19324,68,192829,12,0,0,43,<=50K
19327,41,327606,8,0,0,40,<=50K
19328,48,34845,9,0,0,40,<=50K
19329,33,58582,9,0,0,40,<=50K
19330,48,155659,11,0,0,40,<=50K
19331,23,210029,10,0,0,20,<=50K
19332,26,381618,5,0,0,45,<=50K
19334,35,226789,14,0,0,75,<=50K
19336,46,111163,9,0,0,38,<=50K
19337,72,76860,9,0,0,1,<=50K
19338,18,92112,9,0,0,30,<=50K
19339,62,136787,9,0,0,40,<=50K
19340,22,29810,10,0,0,30,<=50K
19342,26,266022,10,0,0,50,<=50K
19343,35,142874,12,0,0,36,<=50K
19344,25,72338,9,0,0,40,<=50K
19349,37,34180,9,0,0,40,<=50K
19350,38,183279,10,0,0,43,<=50K
19351,33,35309,13,0,0,40,<=50K
19352,23,259109,12,0,0,40,<=50K
19357,26,322547,13,0,0,45,<=50K
19358,39,300760,9,0,0,50,<=50K
19359,28,232782,10,0,0,40,<=50K
19360,29,174645,7,0,0,52,<=50K
19361,43,164693,11,0,0,50,<=50K
19362,23,206861,10,0,0,25,<=50K
19365,45,116360,9,0,0,35,<=50K
19366,48,278530,9,0,0,40,<=50K
19371,22,107882,13,0,0,35,<=50K
19372,32,182691,9,0,0,60,<=50K
19373,27,203776,12,0,0,55,<=50K
19374,22,201268,13,0,0,15,<=50K
19375,44,29762,9,0,0,68,<=50K
19376,34,186346,9,0,0,40,<=50K
19377,28,196690,9,0,0,40,<=50K
19379,45,194772,10,0,0,55,<=50K
19380,17,95446,6,0,0,15,<=50K
19381,53,257126,8,0,0,45,<=50K
19383,55,98361,9,0,0,35,<=50K
19384,44,124924,11,0,0,44,<=50K
19385,40,111971,9,0,0,30,<=50K
19386,58,130714,14,0,0,50,<=50K
19388,62,147627,5,1055,0,22,<=50K
19389,31,149507,11,3464,0,38,<=50K
19390,31,164870,7,0,0,40,<=50K
19391,30,236861,9,0,1876,45,<=50K
19392,37,220314,9,0,0,40,<=50K
19393,38,329980,9,0,1876,40,<=50K
19394,58,318537,8,0,0,40,<=50K
19396,28,334368,11,4650,0,40,<=50K
19397,46,109227,10,0,0,70,<=50K
19398,34,118551,13,0,0,40,<=50K
19399,39,163057,10,0,0,99,<=50K
19400,61,253101,10,0,0,20,<=50K
19401,30,20098,11,0,0,40,<=50K
19402,31,196227,9,0,0,40,<=50K
19403,21,175374,9,0,0,40,<=50K
19404,50,234037,9,0,0,58,<=50K
19405,47,341762,9,0,0,33,<=50K
19406,20,174714,9,0,0,40,<=50K
19407,23,222835,13,0,0,30,<=50K
19408,46,251786,2,0,0,40,<=50K
19409,20,164219,9,0,0,45,<=50K
19411,30,236993,10,0,0,30,<=50K
19412,43,105896,10,0,0,40,<=50K
19413,23,211527,10,0,0,60,<=50K
19415,25,185287,10,0,0,40,<=50K
19418,26,89389,10,0,0,40,<=50K
19420,48,171986,9,0,0,15,<=50K
19421,26,167848,9,0,0,40,<=50K
19422,41,213019,14,0,0,40,<=50K
19423,25,211424,13,0,0,40,<=50K
19424,33,168981,11,0,0,55,<=50K
19425,24,122348,13,0,0,40,<=50K
19426,31,139753,13,0,0,40,<=50K
19427,24,176178,12,0,0,2,<=50K
19428,41,145220,5,0,0,40,<=50K
19429,38,188612,10,0,0,45,<=50K
19430,19,445728,9,0,0,40,<=50K
19431,19,318002,9,0,0,40,<=50K
19432,24,235722,9,0,0,40,<=50K
19433,59,367984,13,0,0,40,<=50K
19435,49,411273,6,0,0,40,<=50K
19439,22,116800,12,0,0,60,<=50K
19440,21,99199,10,0,0,10,<=50K
19441,50,162327,10,0,0,50,<=50K
19442,44,100479,12,0,0,48,<=50K
19443,36,32587,10,0,0,40,<=50K
19446,35,61343,9,0,0,90,<=50K
19447,48,81154,11,0,0,48,<=50K
19448,23,162945,9,0,2377,40,<=50K
19449,37,225504,14,0,0,50,<=50K
19452,36,198587,13,0,0,40,<=50K
19453,26,34965,10,0,0,12,<=50K
19455,23,263899,9,0,0,12,<=50K
19456,29,204984,9,0,0,50,<=50K
19457,53,217568,9,0,0,40,<=50K
19458,52,48343,11,0,0,40,<=50K
19460,31,253354,6,0,0,40,<=50K
19461,19,258026,9,0,0,16,<=50K
19462,64,211360,9,0,0,30,<=50K
19463,55,191367,9,0,0,40,<=50K
19465,20,123901,9,0,0,40,<=50K
19467,45,32356,13,0,0,51,<=50K
19468,17,206506,6,0,0,10,<=50K
19469,38,218729,9,0,0,25,<=50K
19471,22,136767,9,0,0,30,<=50K
19472,63,219540,9,0,0,40,<=50K
19473,36,114059,13,0,0,45,<=50K
19475,43,310969,15,0,0,40,<=50K
19477,41,217455,9,0,0,40,<=50K
19478,36,410489,13,0,0,45,<=50K
19481,23,184271,13,0,0,36,<=50K
19482,46,231347,10,0,0,20,<=50K
19484,47,244025,9,0,0,56,<=50K
19485,46,46537,14,0,0,40,<=50K
19488,32,328199,11,0,0,40,<=50K
19489,90,84553,9,0,0,40,<=50K
19490,63,221072,13,0,0,49,<=50K
19491,23,123983,11,0,0,40,<=50K
19492,76,191024,13,0,0,30,<=50K
19493,23,167868,11,0,0,40,<=50K
19495,81,247232,6,2936,0,28,<=50K
19496,17,143791,6,0,0,12,<=50K
19498,58,129786,6,0,0,40,<=50K
19500,25,236267,9,0,0,40,<=50K
19503,25,292058,9,0,0,30,<=50K
19505,23,119665,9,0,0,60,<=50K
19508,29,118337,9,0,0,60,<=50K
19509,27,173800,14,0,0,20,<=50K
19510,55,289257,10,0,0,40,<=50K
19511,30,190912,7,0,1651,40,<=50K
19512,45,140581,10,0,0,40,<=50K
19513,50,174102,9,0,0,40,<=50K
19514,22,316509,9,0,0,50,<=50K
19515,80,20101,9,0,0,32,<=50K
19516,30,187279,9,0,0,44,<=50K
19517,20,259496,10,0,0,20,<=50K
19518,29,181466,9,0,0,35,<=50K
19519,56,178202,10,0,0,40,<=50K
19520,63,188976,13,0,0,40,<=50K
19521,20,203027,9,0,0,40,<=50K
19522,38,142022,9,0,0,40,<=50K
19523,31,119033,9,0,0,40,<=50K
19524,21,216181,10,0,0,35,<=50K
19526,25,244408,13,0,0,40,<=50K
19527,31,198953,10,0,0,38,<=50K
19528,28,173110,9,0,0,40,<=50K
19529,38,66326,9,0,0,99,<=50K
19530,30,181091,13,0,0,40,<=50K
19532,27,133929,13,0,0,36,<=50K
19533,26,86483,10,0,0,40,<=50K
19534,47,167787,9,0,0,40,<=50K
19535,27,208577,9,0,2258,50,<=50K
19536,43,216697,10,0,0,32,<=50K
19537,32,118457,13,0,0,55,<=50K
19538,20,298635,10,0,0,30,<=50K
19539,21,212780,8,0,0,20,<=50K
19540,32,159187,11,0,0,40,<=50K
19541,37,237995,11,0,0,48,<=50K
19542,45,160724,9,0,0,40,<=50K
19544,54,185936,5,0,0,15,<=50K
19545,24,161198,13,0,0,25,<=50K
19546,28,113635,7,0,0,30,<=50K
19547,23,214542,10,0,0,40,<=50K
19548,54,172991,9,0,0,40,<=50K
19551,71,180117,6,0,0,40,<=50K
19552,51,317396,10,0,0,40,<=50K
19553,52,237868,10,0,0,5,<=50K
19554,30,323069,13,0,0,40,<=50K
19556,38,309122,6,0,0,40,<=50K
19558,43,40024,7,0,0,42,<=50K
19560,24,184216,10,0,0,40,<=50K
19561,29,256211,2,0,0,40,<=50K
19562,55,205422,6,0,0,40,<=50K
19564,43,196308,9,0,0,40,<=50K
19565,28,389713,9,0,0,40,<=50K
19566,54,82566,12,0,0,45,<=50K
19570,38,188503,10,6497,0,35,<=50K
19571,60,92845,3,0,0,40,<=50K
19572,19,29083,9,0,0,25,<=50K
19573,22,234474,10,0,0,25,<=50K
19575,44,111891,10,0,0,35,<=50K
19578,28,188278,13,0,0,50,<=50K
19579,30,303485,10,0,0,40,<=50K
19580,39,67187,9,0,0,40,<=50K
19581,43,114508,9,0,0,40,<=50K
19582,24,204172,13,0,0,40,<=50K
19583,27,162973,11,0,0,56,<=50K
19584,64,192695,3,0,0,70,<=50K
19586,28,163320,9,0,0,40,<=50K
19587,61,128230,9,0,0,30,<=50K
19588,27,246440,7,0,0,40,<=50K
19589,49,50567,10,0,0,32,<=50K
19590,20,117476,10,0,0,40,<=50K
19591,41,315834,13,0,1876,40,<=50K
19592,28,214881,9,0,0,40,<=50K
19593,36,195516,9,0,0,40,<=50K
19594,44,218653,13,0,0,40,<=50K
19596,40,164647,10,0,0,38,<=50K
19597,19,129151,9,0,0,40,<=50K
19598,54,319697,10,0,0,40,<=50K
19599,55,193374,9,0,0,40,<=50K
19600,57,167864,11,0,0,40,<=50K
19601,29,197932,10,0,0,30,<=50K
19602,51,102904,9,0,0,43,<=50K
19603,44,216907,9,0,0,37,<=50K
19604,35,331395,11,0,0,42,<=50K
19605,40,171424,9,0,0,40,<=50K
19606,46,35406,4,0,0,32,<=50K
19608,33,213002,13,0,1408,36,<=50K
19609,32,27882,10,0,2205,40,<=50K
19610,22,340543,9,0,0,40,<=50K
19611,39,70240,10,0,0,40,<=50K
19612,18,87169,9,0,0,40,<=50K
19613,43,253759,9,0,0,45,<=50K
19614,46,194431,9,0,0,40,<=50K
19616,40,170649,10,0,0,8,<=50K
19618,40,26929,14,0,0,40,<=50K
19619,23,399022,9,0,0,35,<=50K
19620,64,50171,9,0,0,10,<=50K
19621,36,218490,11,0,0,60,<=50K
19622,48,164423,9,0,0,40,<=50K
19624,18,60981,6,0,0,30,<=50K
19625,17,70868,7,0,0,16,<=50K
19626,36,150601,15,0,0,50,<=50K
19628,36,76767,10,0,0,39,<=50K
19629,20,218178,9,0,0,40,<=50K
19630,22,615367,13,0,0,60,<=50K
19632,39,51264,7,0,0,40,<=50K
19633,57,197642,10,0,0,40,<=50K
19634,30,229895,6,0,0,40,<=50K
19637,38,305597,9,0,0,40,<=50K
19638,34,301591,9,0,0,35,<=50K
19639,47,229646,9,0,0,40,<=50K
19640,28,51461,9,0,0,40,<=50K
19641,25,206600,6,0,0,24,<=50K
19642,25,176836,10,0,0,60,<=50K
19645,43,174051,13,0,0,48,<=50K
19646,27,38918,9,0,1876,75,<=50K
19647,32,170017,9,0,0,50,<=50K
19648,44,98466,6,0,0,35,<=50K
19649,19,188864,9,0,0,20,<=50K
19651,21,43475,9,0,0,40,<=50K
19652,26,557236,9,0,0,40,<=50K
19653,68,32779,9,0,419,12,<=50K
19654,31,161765,10,0,2051,57,<=50K
19656,33,171215,14,0,0,40,<=50K
19657,49,52590,9,0,0,40,<=50K
19658,24,183751,7,0,0,65,<=50K
19659,30,149507,9,0,0,42,<=50K
19661,18,123714,7,0,0,40,<=50K
19662,30,190385,10,0,0,37,<=50K
19663,51,334273,9,0,0,40,<=50K
19664,52,343440,10,0,0,40,<=50K
19665,52,208302,9,0,0,30,<=50K
19666,23,280164,9,0,0,32,<=50K
19667,23,174714,6,0,0,60,<=50K
19668,36,184655,9,0,0,48,<=50K
19669,19,140459,7,0,0,25,<=50K
19670,53,108815,9,0,0,60,<=50K
19671,17,152652,7,0,0,25,<=50K
19672,69,269499,9,0,0,8,<=50K
19673,46,33373,13,0,0,40,<=50K
19674,33,243674,9,0,0,46,<=50K
19675,40,225432,10,0,0,45,<=50K
19676,56,215839,10,0,0,60,<=50K
19677,29,195520,14,0,0,40,<=50K
19678,41,70092,10,0,0,38,<=50K
19679,22,189888,9,0,0,45,<=50K
19680,28,64307,4,0,0,40,<=50K
19681,31,94235,13,0,0,46,<=50K
19682,35,62333,13,0,0,40,<=50K
19683,38,260997,10,0,0,40,<=50K
19684,17,146268,6,0,0,10,<=50K
19685,39,147258,6,0,0,40,<=50K
19686,27,207948,10,0,0,40,<=50K
19687,50,180607,9,0,0,40,<=50K
19688,56,104996,9,0,0,40,<=50K
19689,80,562336,9,0,0,20,<=50K
19690,38,334366,10,0,0,15,<=50K
19692,26,220656,13,0,0,38,<=50K
19693,43,96483,9,0,0,40,<=50K
19694,45,51744,13,0,0,42,<=50K
19696,30,393965,12,0,0,25,<=50K
19697,24,41838,10,2407,0,40,<=50K
19698,43,143046,10,0,0,20,<=50K
19700,54,183248,9,0,0,40,<=50K
19703,18,338632,7,0,0,16,<=50K
19704,38,89559,10,0,0,40,<=50K
19705,41,32533,11,0,0,45,<=50K
19706,22,255969,8,0,0,48,<=50K
19708,70,346053,9,0,0,40,<=50K
19710,60,44915,14,0,0,10,<=50K
19711,24,111450,6,0,0,65,<=50K
19712,61,171429,7,0,0,36,<=50K
19713,35,190964,13,0,0,40,<=50K
19714,19,109005,10,0,0,40,<=50K
19715,52,404453,9,0,0,40,<=50K
19717,39,163204,9,0,0,40,<=50K
19718,33,192256,13,0,0,50,<=50K
19719,52,181755,9,0,0,40,<=50K
19720,41,183105,9,0,0,44,<=50K
19721,37,335168,10,0,0,55,<=50K
19723,27,180262,10,0,0,40,<=50K
19724,38,127865,14,0,0,40,<=50K
19728,22,202745,9,0,0,55,<=50K
19730,20,266467,9,0,0,40,<=50K
19731,34,345259,16,0,0,99,<=50K
19732,24,204935,14,0,0,56,<=50K
19734,24,190457,10,0,0,40,<=50K
19735,43,180138,9,0,0,45,<=50K
19736,38,166585,9,0,0,40,<=50K
19737,42,29962,9,0,0,40,<=50K
19738,27,191129,10,0,0,40,<=50K
19739,18,378707,6,0,0,20,<=50K
19741,48,240629,9,0,0,65,<=50K
19742,40,233320,4,0,0,25,<=50K
19744,57,29375,9,0,0,35,<=50K
19746,41,140886,9,0,0,40,<=50K
19747,90,226968,4,0,0,40,<=50K
19748,66,151793,4,0,0,10,<=50K
19749,34,56460,9,0,2179,12,<=50K
19750,23,72887,9,0,0,1,<=50K
19751,35,261646,9,0,0,55,<=50K
19752,32,178615,9,2407,0,40,<=50K
19754,32,377836,11,0,0,40,<=50K
19755,31,56510,10,0,0,40,<=50K
19756,32,337696,10,0,0,50,<=50K
19757,40,183765,9,0,0,40,<=50K
19758,27,107846,9,0,0,30,<=50K
19759,34,22641,9,0,0,40,<=50K
19761,29,114801,10,0,0,40,<=50K
19762,41,190591,9,0,0,20,<=50K
19764,22,228480,9,0,0,20,<=50K
19766,20,157595,9,0,0,40,<=50K
19767,18,152171,7,0,0,10,<=50K
19769,49,240841,4,0,0,35,<=50K
19770,58,94345,9,0,0,40,<=50K
19771,23,289116,9,0,0,50,<=50K
19773,49,79627,10,0,0,40,<=50K
19774,23,210781,13,0,0,15,<=50K
19775,17,161981,6,0,0,40,<=50K
19776,20,493443,7,0,0,40,<=50K
19778,64,312242,10,0,0,3,<=50K
19779,34,185408,10,0,0,40,<=50K
19780,63,101077,12,0,0,35,<=50K
19781,51,147200,9,0,0,40,<=50K
19782,40,166327,10,0,0,35,<=50K
19783,55,178644,5,0,0,55,<=50K
19784,35,126675,9,0,0,46,<=50K
19785,30,158420,13,0,0,25,<=50K
19786,47,83046,13,0,0,18,<=50K
19787,29,46609,6,0,0,40,<=50K
19788,17,170320,7,0,0,8,<=50K
19790,55,141877,13,0,0,40,<=50K
19792,50,177705,13,0,0,40,<=50K
19795,60,114413,12,0,0,30,<=50K
19796,53,189511,9,0,0,40,<=50K
19798,45,246431,13,0,0,30,<=50K
19799,31,147654,9,0,0,40,<=50K
19800,32,443546,9,0,0,40,<=50K
19801,37,281751,10,0,0,30,<=50K
19802,28,263128,10,0,0,60,<=50K
19803,26,292692,8,0,0,40,<=50K
19806,42,317078,9,0,0,40,<=50K
19808,32,207400,9,0,0,40,<=50K
19811,38,238980,10,0,0,40,<=50K
19812,49,407495,9,0,0,70,<=50K
19814,61,226989,9,4865,0,40,<=50K
19815,45,287190,12,0,0,35,<=50K
19816,31,111363,13,0,0,40,<=50K
19818,20,183594,10,0,0,50,<=50K
19819,64,49194,7,0,0,30,<=50K
19820,20,117618,10,0,0,40,<=50K
19821,24,172496,14,0,0,50,<=50K
19823,23,174413,13,0,0,40,<=50K
19824,34,189843,9,0,0,40,<=50K
19825,54,198546,14,0,0,38,<=50K
19826,21,82497,10,0,0,30,<=50K
19827,23,193090,13,0,0,30,<=50K
19828,79,172220,4,2964,0,30,<=50K
19830,42,234277,9,0,0,35,<=50K
19831,60,163729,9,2597,0,40,<=50K
19832,37,434097,12,0,0,40,<=50K
19833,47,192053,9,0,1590,40,<=50K
19834,20,178628,10,0,0,40,<=50K
19835,53,96827,13,0,0,40,<=50K
19836,34,154667,9,0,0,40,<=50K
19837,43,160246,10,0,0,40,<=50K
19838,24,166036,10,0,0,60,<=50K
19839,23,186813,9,0,0,40,<=50K
19840,29,162312,11,0,0,40,<=50K
19841,58,183893,10,0,0,40,<=50K
19843,40,111829,14,0,0,40,<=50K
19844,43,175669,10,0,0,40,<=50K
19845,25,104097,14,0,0,40,<=50K
19846,23,117618,13,0,0,24,<=50K
19847,34,202450,9,0,0,50,<=50K
19848,26,109570,10,0,0,35,<=50K
19851,21,136975,9,0,0,40,<=50K
19852,45,167523,9,0,2179,45,<=50K
19853,33,240979,10,0,0,40,<=50K
19855,39,151023,10,114,0,45,<=50K
19857,29,153167,10,0,0,40,<=50K
19858,52,61735,7,0,0,40,<=50K
19860,24,388885,9,0,0,48,<=50K
19862,34,87209,14,0,0,60,<=50K
19863,53,168539,5,0,0,70,<=50K
19864,31,179013,9,0,0,40,<=50K
19865,58,196643,9,0,0,15,<=50K
19867,32,156464,9,0,0,40,<=50K
19868,57,35884,9,0,0,40,<=50K
19869,32,182714,9,0,0,45,<=50K
19870,77,344425,5,0,0,10,<=50K
19871,37,177277,10,0,0,40,<=50K
19872,51,70767,9,0,0,40,<=50K
19873,33,520078,12,0,0,60,<=50K
19874,53,321770,9,0,0,35,<=50K
19875,32,158416,9,0,0,50,<=50K
19876,30,312667,10,0,0,40,<=50K
19877,19,208656,10,594,0,20,<=50K
19878,33,31481,13,0,0,24,<=50K
19879,31,259531,11,0,0,40,<=50K
19880,28,186239,10,0,0,40,<=50K
19881,19,162954,8,0,0,20,<=50K
19882,27,249315,9,0,0,60,<=50K
19883,21,308237,3,0,0,40,<=50K
19884,24,103064,13,0,0,40,<=50K
19885,46,185847,9,0,0,54,<=50K
19886,31,168521,13,0,0,40,<=50K
19888,21,353628,6,0,0,38,<=50K
19889,38,273285,7,0,0,32,<=50K
19890,31,272069,11,0,0,40,<=50K
19892,46,309212,9,0,0,25,<=50K
19894,23,324637,10,0,0,30,<=50K
19897,29,119004,9,0,2179,40,<=50K
19899,70,315868,13,0,0,40,<=50K
19902,17,126832,6,0,0,30,<=50K
19903,18,126071,9,0,0,40,<=50K
19905,41,282964,10,0,0,40,<=50K
19906,28,328518,13,0,0,40,<=50K
19907,23,283499,9,0,0,40,<=50K
19908,32,286675,10,0,0,40,<=50K
19909,56,136472,4,0,0,48,<=50K
19910,36,132879,9,0,0,45,<=50K
19911,26,314798,9,0,0,50,<=50K
19912,62,143943,13,0,0,7,<=50K
19913,35,134367,12,0,0,40,<=50K
19914,25,366796,13,0,0,40,<=50K
19915,28,195573,9,0,0,50,<=50K
19916,21,33616,10,0,0,25,<=50K
19917,31,164190,6,0,0,40,<=50K
19918,23,380281,12,0,0,25,<=50K
19921,54,156003,9,0,0,40,<=50K
19922,33,55699,9,3908,0,40,<=50K
19924,40,198790,7,0,0,30,<=50K
19926,27,236481,15,0,0,10,<=50K
19927,55,143266,9,0,0,25,<=50K
19928,53,192386,9,0,0,45,<=50K
19929,23,99543,8,0,0,46,<=50K
19930,66,169435,9,0,0,16,<=50K
19932,39,119272,6,0,0,40,<=50K
19933,21,211601,10,0,0,40,<=50K
19934,26,154785,10,0,0,35,<=50K
19935,21,213041,9,0,0,40,<=50K
19936,59,229939,9,0,0,40,<=50K
19937,61,175331,6,0,0,40,<=50K
19939,22,46561,11,0,0,40,<=50K
19940,47,161311,9,0,0,30,<=50K
19941,50,98215,9,0,0,40,<=50K
19942,67,118363,13,0,2206,5,<=50K
19943,59,181242,6,0,0,40,<=50K
19946,28,315287,9,0,0,40,<=50K
19947,34,269723,9,2977,0,50,<=50K
19948,63,34098,6,0,0,56,<=50K
19949,48,50880,10,0,0,40,<=50K
19951,26,276309,10,0,0,20,<=50K
19952,47,175925,6,0,2179,52,<=50K
19953,29,164607,11,0,0,50,<=50K
19954,30,224462,9,0,0,40,<=50K
19955,19,92863,9,0,0,20,<=50K
19956,27,179565,13,0,0,37,<=50K
19957,59,31137,9,0,0,70,<=50K
19958,19,199495,9,0,0,40,<=50K
19959,45,175262,5,0,0,40,<=50K
19960,37,220585,9,0,0,40,<=50K
19961,44,231793,16,0,0,38,<=50K
19962,34,191342,13,0,0,38,<=50K
19963,30,186420,13,0,0,35,<=50K
19965,56,279340,7,0,0,40,<=50K
19966,19,174478,9,0,0,40,<=50K
19967,37,151771,4,0,0,40,<=50K
19969,21,120326,10,0,0,40,<=50K
19970,34,246439,9,0,0,45,<=50K
19971,27,144133,13,0,0,50,<=50K
19972,44,145522,14,0,0,40,<=50K
19973,33,312055,13,0,0,40,<=50K
19974,32,235847,10,0,0,50,<=50K
19975,37,187748,10,0,0,40,<=50K
19976,26,396482,13,0,0,48,<=50K
19977,49,261688,9,5013,0,60,<=50K
19978,20,39477,10,0,0,30,<=50K
19979,37,143058,10,0,0,40,<=50K
19980,22,216867,3,0,0,48,<=50K
19981,44,230592,13,0,0,35,<=50K
19982,30,40338,9,0,0,40,<=50K
19983,55,115457,9,0,0,40,<=50K
19984,36,374983,7,0,0,40,<=50K
19985,29,285419,8,0,0,40,<=50K
19986,19,385901,10,0,0,22,<=50K
19987,45,187581,11,0,0,40,<=50K
19989,42,68729,10,0,0,40,<=50K
19990,27,333990,11,0,0,40,<=50K
19991,20,117767,10,0,0,25,<=50K
19992,43,184378,13,0,0,35,<=50K
19993,21,232591,9,0,0,40,<=50K
19994,33,143851,13,0,0,40,<=50K
19996,34,202498,8,0,0,40,<=50K
19997,72,268861,4,0,0,99,<=50K
20000,63,205246,9,0,0,40,<=50K
20002,25,197871,13,0,0,50,<=50K
20003,72,201375,12,0,0,40,<=50K
20004,55,194290,9,0,0,40,<=50K
20006,41,95168,9,0,0,40,<=50K
20007,20,137876,10,0,0,40,<=50K
20009,71,108390,10,3432,0,20,<=50K
20011,35,214891,9,0,0,40,<=50K
20012,18,133654,9,0,0,40,<=50K
20013,23,147548,9,0,0,30,<=50K
20014,57,73051,13,0,0,40,<=50K
20015,56,60166,2,0,0,65,<=50K
20016,25,454934,10,0,0,35,<=50K
20017,64,338355,11,0,0,15,<=50K
20018,35,185621,13,0,0,40,<=50K
20019,61,101500,11,0,0,40,<=50K
20020,36,36397,13,0,0,55,<=50K
20021,18,276540,8,0,0,15,<=50K
20022,21,293968,10,0,0,20,<=50K
20023,43,35523,12,0,0,35,<=50K
20024,32,186993,9,0,0,40,<=50K
20026,48,176917,9,0,0,55,<=50K
20027,40,105936,13,0,0,40,<=50K
20029,22,34506,10,0,0,25,<=50K
20030,42,178074,9,0,0,40,<=50K
20031,60,116961,4,0,0,20,<=50K
20032,34,191930,10,0,0,40,<=50K
20033,27,130807,12,0,0,40,<=50K
20034,47,94100,13,0,0,65,<=50K
20035,65,144822,5,0,0,45,<=50K
20036,61,102191,14,0,0,99,<=50K
20037,18,90934,10,0,0,28,<=50K
20038,49,296892,9,0,0,40,<=50K
20040,26,258768,10,2174,0,75,<=50K
20041,30,189759,13,0,0,40,<=50K
20043,23,133061,9,0,0,80,<=50K
20044,65,175202,9,0,0,24,<=50K
20045,32,27051,13,0,0,44,<=50K
20048,24,258298,11,0,0,45,<=50K
20049,58,174040,10,0,0,40,<=50K
20050,32,177566,10,0,0,50,<=50K
20053,35,144322,12,0,0,50,<=50K
20054,24,190015,9,0,0,40,<=50K
20056,38,151322,9,0,0,40,<=50K
20058,38,107125,10,0,0,60,<=50K
20059,49,265295,9,0,0,40,<=50K
20060,25,189219,13,0,0,16,<=50K
20061,56,147989,10,0,0,40,<=50K
20062,32,185732,7,0,0,40,<=50K
20063,22,153516,13,0,0,40,<=50K
20064,23,191910,10,0,0,40,<=50K
20065,33,216145,9,0,0,40,<=50K
20066,42,202872,10,0,0,12,<=50K
20067,62,39630,9,0,0,48,<=50K
20068,24,114292,5,0,0,40,<=50K
20069,26,206721,13,0,0,40,<=50K
20073,65,172949,9,2414,0,20,<=50K
20075,43,223861,11,0,0,40,<=50K
20077,35,183892,6,0,0,40,<=50K
20078,48,47022,9,0,0,48,<=50K
20080,45,387074,11,0,0,40,<=50K
20081,56,105363,13,4508,0,40,<=50K
20082,59,195467,14,0,0,40,<=50K
20083,56,170217,9,0,0,40,<=50K
20084,21,156807,9,0,0,10,<=50K
20085,26,255193,7,3411,0,40,<=50K
20086,38,273640,9,0,0,40,<=50K
20087,27,191177,10,0,0,40,<=50K
20090,63,404547,9,0,0,30,<=50K
20092,20,382153,10,0,0,25,<=50K
20094,21,228424,6,0,0,40,<=50K
20095,51,168539,12,0,0,40,<=50K
20097,39,89419,11,0,0,40,<=50K
20099,21,314645,10,0,0,43,<=50K
20100,65,85787,4,0,0,40,<=50K
20101,54,279881,11,0,0,40,<=50K
20102,39,194287,4,0,1602,35,<=50K
20103,24,141040,10,0,0,40,<=50K
20104,36,222294,13,0,0,40,<=50K
20107,64,182979,9,0,0,40,<=50K
20108,43,223277,10,0,0,40,<=50K
20109,44,67065,11,594,0,25,<=50K
20110,47,160647,9,0,0,40,<=50K
20111,32,45796,8,0,0,40,<=50K
20112,20,110597,10,0,0,30,<=50K
20113,33,166961,10,0,0,38,<=50K
20114,52,318975,9,0,0,40,<=50K
20115,49,305657,4,0,0,40,<=50K
20116,31,120857,9,0,0,18,<=50K
20117,62,158712,9,0,0,6,<=50K
20118,44,304530,10,0,0,55,<=50K
20119,28,327533,9,3908,0,40,<=50K
20121,40,26880,10,0,0,40,<=50K
20122,46,70754,4,0,0,50,<=50K
20123,22,184665,9,0,0,40,<=50K
20124,37,245372,13,0,0,15,<=50K
20125,62,252668,14,0,0,70,<=50K
20128,44,106900,9,0,0,68,<=50K
20130,36,127772,13,0,0,40,<=50K
20131,26,117217,13,0,0,45,<=50K
20133,21,198050,9,0,0,28,<=50K
20138,25,170786,5,0,0,40,<=50K
20139,32,250585,13,0,0,50,<=50K
20141,26,306513,10,0,0,40,<=50K
20143,23,109307,11,0,0,40,<=50K
20145,55,396878,10,0,0,25,<=50K
20146,23,344278,10,0,0,25,<=50K
20148,42,227890,13,0,1485,40,<=50K
20149,29,107812,10,0,0,15,<=50K
20150,48,185143,14,0,0,40,<=50K
20151,36,143068,10,0,0,40,<=50K
20153,46,266337,11,0,0,40,<=50K
20154,34,321787,10,0,0,40,<=50K
20155,27,21306,12,0,0,40,<=50K
20156,18,271935,9,0,0,40,<=50K
20157,18,148952,10,0,0,24,<=50K
20158,42,196626,4,0,0,40,<=50K
20159,64,108082,10,0,0,40,<=50K
20161,20,304076,7,0,0,20,<=50K
20166,27,330466,13,0,0,40,<=50K
20167,52,208302,9,0,0,60,<=50K
20168,60,135285,14,0,0,40,<=50K
20171,25,71351,2,0,0,25,<=50K
20172,63,84737,4,0,0,40,<=50K
20173,54,375134,11,0,0,40,<=50K
20174,21,207103,9,0,0,40,<=50K
20175,27,199314,13,0,0,40,<=50K
20176,63,289741,14,41310,0,50,<=50K
20177,37,240837,9,0,0,30,<=50K
20178,22,283499,9,0,0,35,<=50K
20179,54,97778,4,0,0,40,<=50K
20180,54,21698,6,0,0,40,<=50K
20181,60,232618,9,0,0,40,<=50K
20182,19,175820,7,0,0,25,<=50K
20183,25,63996,9,0,0,40,<=50K
20184,51,182985,9,0,0,40,<=50K
20185,47,380127,9,0,0,40,<=50K
20186,44,111483,6,0,0,50,<=50K
20187,18,31008,10,0,0,30,<=50K
20188,57,96346,9,0,0,57,<=50K
20189,22,317528,10,0,0,34,<=50K
20190,36,223020,10,0,0,20,<=50K
20191,33,173998,9,0,1485,38,<=50K
20192,39,115076,10,0,0,40,<=50K
20194,41,173858,9,0,0,40,<=50K
20195,35,193241,10,0,0,38,<=50K
20196,40,50644,12,1506,0,40,<=50K
20197,30,178841,13,0,0,40,<=50K
20198,25,177017,9,0,1504,37,<=50K
20202,34,321709,12,0,0,25,<=50K
20203,22,166371,9,0,0,40,<=50K
20204,18,210574,9,0,0,20,<=50K
20206,45,474617,9,5455,0,40,<=50K
20207,19,264390,10,0,2001,40,<=50K
20208,33,144949,13,0,0,65,<=50K
20209,45,90803,10,0,0,40,<=50K
20211,40,178417,9,0,0,35,<=50K
20213,25,182227,9,0,1579,40,<=50K
20214,22,117606,13,0,0,32,<=50K
20215,52,349502,10,0,0,45,<=50K
20217,32,169583,16,0,0,70,<=50K
20218,26,485117,13,0,0,20,<=50K
20219,24,35603,10,0,0,40,<=50K
20220,37,175390,9,0,0,40,<=50K
20221,49,184986,9,0,0,40,<=50K
20222,43,174395,14,0,0,50,<=50K
20223,35,187711,9,0,0,40,<=50K
20225,17,224073,7,0,0,20,<=50K
20227,40,65545,14,0,0,55,<=50K
20228,26,456618,10,2597,0,40,<=50K
20230,21,206681,10,0,0,15,<=50K
20231,54,222020,6,0,0,70,<=50K
20232,40,137304,13,0,0,40,<=50K
20233,51,141645,10,0,0,40,<=50K
20234,60,218085,9,0,0,50,<=50K
20235,22,52596,10,0,0,8,<=50K
20236,20,197997,9,0,0,40,<=50K
20237,21,191444,7,0,0,40,<=50K
20238,21,40767,10,0,0,40,<=50K
20239,43,172577,10,0,0,44,<=50K
20244,20,224424,8,0,0,40,<=50K
20245,41,214985,9,0,0,40,<=50K
20246,55,147098,5,0,0,50,<=50K
20247,39,149833,13,0,0,40,<=50K
20249,80,252466,11,0,0,24,<=50K
20250,59,132717,6,0,0,40,<=50K
20253,56,144380,10,0,0,50,<=50K
20254,69,660461,9,0,0,20,<=50K
20256,33,197424,9,5013,0,40,<=50K
20259,51,193720,9,0,0,40,<=50K
20260,42,106698,10,0,0,32,<=50K
20261,66,214469,9,0,0,13,<=50K
20263,26,333108,9,0,0,40,<=50K
20264,43,35210,10,0,0,40,<=50K
20265,28,140845,6,0,155,40,<=50K
20266,25,335376,13,0,0,30,<=50K
20267,17,170455,7,0,0,8,<=50K
20269,34,93834,9,0,0,8,<=50K
20270,24,404416,10,0,0,40,<=50K
20271,41,206916,13,0,0,30,<=50K
20272,65,143175,10,0,0,45,<=50K
20274,19,285750,9,0,0,30,<=50K
20275,43,235556,10,0,0,45,<=50K
20279,21,231160,10,0,0,25,<=50K
20280,36,47310,9,0,0,40,<=50K
20281,33,214635,9,0,0,36,<=50K
20282,50,65160,13,0,0,40,<=50K
20284,34,263307,13,0,0,45,<=50K
20286,39,232854,9,0,0,40,<=50K
20287,44,442035,10,0,0,40,<=50K
20289,40,283724,5,0,0,49,<=50K
20291,21,228649,10,0,0,20,<=50K
20293,47,249935,7,0,0,8,<=50K
20294,19,533147,9,0,0,30,<=50K
20295,22,137862,10,0,0,16,<=50K
20296,20,249543,10,0,0,16,<=50K
20299,17,147339,6,0,0,15,<=50K
20300,41,256647,9,0,0,40,<=50K
20301,28,111696,9,0,1974,40,<=50K
20302,20,150084,10,0,0,25,<=50K
20303,24,285457,9,0,0,40,<=50K
20304,33,303867,10,0,0,50,<=50K
20306,26,151626,9,0,0,40,<=50K
20308,24,176189,9,0,0,40,<=50K
20310,41,41090,9,0,2002,60,<=50K
20312,21,225541,10,0,0,40,<=50K
20313,33,203488,10,0,0,45,<=50K
20314,23,296613,10,0,0,32,<=50K
20315,40,99373,6,0,0,40,<=50K
20316,47,109705,9,0,0,40,<=50K
20317,41,144947,13,0,0,40,<=50K
20318,38,617898,13,0,0,50,<=50K
20319,50,38310,4,0,0,40,<=50K
20320,45,248993,9,0,0,40,<=50K
20322,33,69311,9,0,0,40,<=50K
20323,34,143766,12,0,0,40,<=50K
20324,65,213477,14,0,0,28,<=50K
20325,24,275691,7,0,0,39,<=50K
20326,26,59367,13,0,0,40,<=50K
20327,55,35551,9,0,0,40,<=50K
20328,66,236784,13,0,0,8,<=50K
20329,43,193755,13,0,0,40,<=50K
20330,37,315291,13,0,0,40,<=50K
20331,22,290504,9,0,0,40,<=50K
20332,21,256240,7,0,0,40,<=50K
20333,69,199591,15,0,0,25,<=50K
20334,27,178709,14,0,0,40,<=50K
20336,24,187937,13,0,0,40,<=50K
20337,18,157131,7,0,0,10,<=50K
20338,53,188772,9,0,0,30,<=50K
20339,26,157617,9,0,0,40,<=50K
20341,21,122322,10,0,0,60,<=50K
20342,39,409189,3,0,0,40,<=50K
20344,76,236878,9,0,0,30,<=50K
20345,19,216647,10,0,0,30,<=50K
20347,54,327769,10,0,0,40,<=50K
20348,23,194723,13,0,0,40,<=50K
20349,44,31251,4,0,0,40,<=50K
20350,27,212506,10,0,0,40,<=50K
20351,23,23037,8,0,0,40,<=50K
20352,37,29054,9,0,0,50,<=50K
20354,21,184678,10,0,0,35,<=50K
20356,63,125954,9,2174,0,40,<=50K
20357,35,73715,7,0,0,40,<=50K
20358,47,209212,5,0,0,56,<=50K
20359,41,287037,10,0,0,40,<=50K
20360,50,64667,9,0,0,60,<=50K
20361,26,366662,9,0,0,50,<=50K
20364,51,384248,10,0,0,50,<=50K
20365,41,332703,9,0,625,40,<=50K
20367,32,317809,13,4064,0,50,<=50K
20369,40,182629,13,0,0,40,<=50K
20370,56,267652,13,0,0,40,<=50K
20371,50,410186,9,0,0,40,<=50K
20372,28,365411,5,0,0,42,<=50K
20373,28,205337,9,0,0,40,<=50K
20374,19,100999,7,0,0,30,<=50K
20375,44,197462,9,0,0,40,<=50K
20378,31,50178,10,0,0,40,<=50K
20380,21,248512,10,0,0,40,<=50K
20383,35,143589,13,0,0,40,<=50K
20384,35,219902,11,0,0,40,<=50K
20385,29,419722,12,3674,0,40,<=50K
20388,38,29430,10,0,0,40,<=50K
20389,50,30731,11,0,0,50,<=50K
20392,33,219034,7,0,0,40,<=50K
20394,46,358886,9,0,0,40,<=50K
20395,36,248708,12,0,0,40,<=50K
20396,41,77937,8,0,0,40,<=50K
20397,30,30063,9,0,0,32,<=50K
20398,29,253799,8,0,0,42,<=50K
20399,60,41553,10,0,0,40,<=50K
20400,24,59146,9,0,0,48,<=50K
20401,42,343609,10,0,0,50,<=50K
20402,26,216010,9,0,0,40,<=50K
20403,37,164526,13,0,0,40,<=50K
20404,27,150958,3,0,0,48,<=50K
20405,26,244495,9,0,0,48,<=50K
20406,23,199336,11,0,0,50,<=50K
20408,49,118701,9,0,0,40,<=50K
20409,46,219611,10,0,0,40,<=50K
20410,21,184568,9,0,0,40,<=50K
20411,48,246891,15,0,0,60,<=50K
20412,70,243436,5,0,0,45,<=50K
20413,44,68318,14,0,0,55,<=50K
20414,58,56331,13,0,0,40,<=50K
20415,41,190591,12,0,0,40,<=50K
20416,54,140359,4,0,3900,40,<=50K
20418,28,122540,6,0,0,40,<=50K
20419,65,212562,7,0,0,20,<=50K
20420,35,112497,9,0,0,35,<=50K
20421,82,147729,3,0,0,20,<=50K
20424,68,50351,14,6360,0,20,<=50K
20425,42,306496,9,0,0,40,<=50K
20426,24,210029,9,0,2001,37,<=50K
20427,54,163894,10,0,0,40,<=50K
20428,22,113936,10,0,0,40,<=50K
20429,43,316820,10,0,0,84,<=50K
20430,17,53367,5,0,0,35,<=50K
20431,46,95256,9,0,0,50,<=50K
20433,37,66686,9,0,0,40,<=50K
20434,70,207627,9,2228,0,24,<=50K
20436,47,186805,9,0,0,35,<=50K
20437,31,154297,9,0,0,24,<=50K
20438,23,103064,9,0,0,40,<=50K
20439,17,93235,8,0,1721,25,<=50K
20440,63,440607,1,0,0,30,<=50K
20443,23,378460,10,0,0,20,<=50K
20445,24,153583,10,0,0,40,<=50K
20446,34,114639,10,0,0,20,<=50K
20447,37,344480,10,0,0,65,<=50K
20448,24,188300,7,0,0,40,<=50K
20449,32,105938,9,0,0,40,<=50K
20450,42,217826,9,0,0,25,<=50K
20451,20,379525,10,0,0,10,<=50K
20453,37,127918,10,0,0,20,<=50K
20454,47,27067,9,0,0,40,<=50K
20455,25,250038,5,0,0,45,<=50K
20457,60,308608,9,0,0,50,<=50K
20458,64,213574,9,2635,0,10,<=50K
20459,32,235109,13,0,0,40,<=50K
20460,33,374905,6,0,0,40,<=50K
20461,71,118876,13,0,0,14,<=50K
20462,55,223716,10,0,0,40,<=50K
20463,85,166027,9,0,0,50,<=50K
20464,57,275943,4,0,0,40,<=50K
20466,25,109080,10,0,0,55,<=50K
20468,57,195876,9,0,0,40,<=50K
20469,30,390879,11,0,0,36,<=50K
20470,19,197748,7,0,0,20,<=50K
20472,28,44216,9,0,0,40,<=50K
20473,43,114537,13,0,0,40,<=50K
20475,19,274830,9,0,0,15,<=50K
20476,24,321763,9,0,0,38,<=50K
20478,22,167787,9,0,0,40,<=50K
20479,64,352712,11,0,0,55,<=50K
20480,55,316027,4,0,0,40,<=50K
20481,26,213412,7,0,0,40,<=50K
20482,80,202483,9,0,0,16,<=50K
20483,79,146244,16,0,0,40,<=50K
20485,43,81243,13,0,1876,40,<=50K
20487,46,57929,9,0,0,25,<=50K
20489,51,99064,11,5013,0,40,<=50K
20492,68,204082,10,0,0,45,<=50K
20495,22,297380,9,0,0,40,<=50K
20496,32,425622,9,0,0,55,<=50K
20497,65,145628,6,0,0,40,<=50K
20498,28,115549,10,0,0,60,<=50K
20499,37,245482,9,0,0,40,<=50K
20500,40,142444,13,0,0,45,<=50K
20501,40,134026,7,0,0,40,<=50K
20502,52,177366,9,0,0,20,<=50K
20503,35,38245,10,0,0,60,<=50K
20504,62,215944,3,0,0,30,<=50K
20505,49,115784,11,0,0,45,<=50K
20506,49,170165,9,0,0,55,<=50K
20508,45,116163,9,0,0,40,<=50K
20509,37,405644,2,0,0,77,<=50K
20511,36,41624,6,0,0,70,<=50K
20514,25,108542,10,0,0,40,<=50K
20515,28,212318,9,0,0,55,<=50K
20516,57,173090,9,0,0,32,<=50K
20517,46,26781,9,0,0,40,<=50K
20519,28,189241,7,0,0,40,<=50K
20520,25,164229,9,2597,0,40,<=50K
20521,35,240467,9,0,0,40,<=50K
20524,43,263502,9,0,0,40,<=50K
20525,38,47707,9,0,0,40,<=50K
20526,26,231638,10,0,0,40,<=50K
20528,36,111128,9,0,0,40,<=50K
20530,23,280134,9,0,0,40,<=50K
20531,34,609789,9,0,0,30,<=50K
20532,41,184466,7,0,0,55,<=50K
20533,44,216411,11,0,0,40,<=50K
20534,48,324173,11,0,0,50,<=50K
20536,43,598995,13,0,0,42,<=50K
20538,44,262241,9,0,0,40,<=50K
20539,28,308136,9,0,0,40,<=50K
20540,55,148590,6,0,0,40,<=50K
20541,52,195635,9,0,2051,38,<=50K
20542,30,228406,9,0,0,40,<=50K
20544,21,305466,10,0,0,70,<=50K
20547,33,121195,9,0,0,50,<=50K
20548,23,216853,11,0,0,25,<=50K
20550,18,212936,10,0,0,15,<=50K
20551,21,213055,10,0,0,40,<=50K
20553,30,73514,13,0,0,45,<=50K
20554,21,307371,10,0,0,15,<=50K
20556,38,119992,10,0,0,40,<=50K
20558,24,327518,11,0,0,45,<=50K
20559,24,220323,10,0,0,40,<=50K
20560,39,421633,10,0,0,30,<=50K
20561,43,154210,9,2829,0,60,<=50K
20562,43,35034,13,0,0,21,<=50K
20564,30,270218,13,0,0,40,<=50K
20565,25,254933,7,0,0,40,<=50K
20566,45,61751,9,0,0,35,<=50K
20567,22,137876,10,0,0,20,<=50K
20570,24,233856,9,0,0,45,<=50K
20571,18,198616,8,594,0,20,<=50K
20573,22,203182,10,0,0,43,<=50K
20574,28,221317,10,0,0,40,<=50K
20575,38,186934,10,0,0,45,<=50K
20576,68,351402,16,0,0,70,<=50K
20577,40,179580,9,0,0,40,<=50K
20580,31,59969,9,0,0,35,<=50K
20581,33,162930,13,0,0,50,<=50K
20582,54,192654,13,0,0,65,<=50K
20583,63,117681,9,0,0,25,<=50K
20584,67,179285,13,0,0,30,<=50K
20585,47,217161,9,0,0,14,<=50K
20586,67,116517,13,0,0,35,<=50K
20587,33,170336,9,0,0,19,<=50K
20588,33,256529,9,0,0,80,<=50K
20589,25,227886,13,0,0,40,<=50K
20590,25,141706,10,0,0,40,<=50K
20591,35,361888,10,0,0,40,<=50K
20594,18,216730,7,0,0,12,<=50K
20595,54,155755,9,4416,0,25,<=50K
20596,30,609789,7,0,0,60,<=50K
20597,29,136017,6,0,0,48,<=50K
20601,39,160916,12,0,0,45,<=50K
20604,23,189924,10,0,0,40,<=50K
20605,34,31740,4,0,0,40,<=50K
20606,42,120837,9,0,2042,48,<=50K
20608,72,166253,9,0,0,2,<=50K
20611,27,153546,13,0,0,40,<=50K
20612,18,189041,9,0,0,40,<=50K
20614,27,151626,9,0,0,40,<=50K
20615,27,37302,7,0,0,50,<=50K
20616,28,109001,9,0,0,40,<=50K
20617,40,195488,9,0,0,45,<=50K
20618,43,216116,14,0,0,37,<=50K
20619,26,118497,9,0,0,50,<=50K
20620,48,101233,11,0,0,15,<=50K
20621,41,349703,12,0,0,40,<=50K
20622,32,226883,9,0,0,40,<=50K
20623,23,214635,9,0,0,40,<=50K
20624,35,169672,7,0,0,65,<=50K
20625,42,71458,10,0,0,50,<=50K
20626,27,142621,13,4101,0,40,<=50K
20627,34,125279,9,0,0,40,<=50K
20628,25,197303,13,0,0,40,<=50K
20630,34,69251,10,0,0,40,<=50K
20631,39,160123,9,0,0,40,<=50K
20632,33,137310,9,0,0,40,<=50K
20633,25,323229,13,0,0,40,<=50K
20634,45,138626,11,2174,0,50,<=50K
20635,46,102359,13,0,0,40,<=50K
20636,23,151888,9,4650,0,50,<=50K
20637,37,404661,10,0,0,40,<=50K
20640,35,230268,10,0,0,40,<=50K
20643,45,319637,9,0,0,40,<=50K
20644,71,149040,8,0,0,40,<=50K
20646,19,117201,10,0,0,22,<=50K
20647,38,81965,11,0,0,40,<=50K
20648,42,182302,9,0,0,40,<=50K
20650,48,216214,7,0,0,40,<=50K
20652,32,115066,9,0,0,40,<=50K
20653,19,120277,9,0,0,30,<=50K
20654,57,134286,10,0,0,35,<=50K
20655,55,26716,6,0,0,60,<=50K
20656,48,174533,7,0,0,40,<=50K
20657,46,175958,8,0,0,45,<=50K
20658,36,218948,5,0,0,40,<=50K
20660,26,206199,9,0,0,40,<=50K
20663,31,109020,13,0,0,40,<=50K
20664,77,158847,11,0,0,25,<=50K
20665,25,130302,9,0,0,40,<=50K
20666,38,156728,13,0,0,56,<=50K
20667,33,424719,13,0,0,40,<=50K
20668,51,217647,10,0,0,40,<=50K
20669,20,33087,11,0,0,40,<=50K
20670,40,241895,9,0,0,40,<=50K
20671,20,38455,6,0,0,40,<=50K
20672,41,81054,10,0,0,25,<=50K
20673,44,163215,8,0,0,40,<=50K
20674,35,156728,9,0,0,40,<=50K
20675,35,127930,9,0,0,60,<=50K
20676,46,227310,10,0,0,40,<=50K
20677,24,96844,10,0,0,17,<=50K
20678,18,245199,10,0,0,40,<=50K
20679,37,46385,9,0,0,40,<=50K
20680,58,186385,16,0,0,8,<=50K
20681,55,252714,11,0,0,40,<=50K
20682,68,154897,9,0,0,30,<=50K
20685,48,102092,9,0,0,40,<=50K
20686,42,32533,10,0,0,45,<=50K
20687,45,278151,9,0,0,40,<=50K
20688,43,338290,10,0,0,40,<=50K
20689,37,34378,10,0,0,35,<=50K
20691,36,265881,9,0,0,40,<=50K
20692,60,276009,9,0,0,30,<=50K
20693,27,193898,9,0,0,50,<=50K
20695,47,306473,12,0,0,40,<=50K
20696,33,37232,10,0,0,80,<=50K
20697,19,56424,8,0,0,20,<=50K
20698,33,165235,13,0,0,35,<=50K
20700,33,106976,9,0,0,40,<=50K
20701,57,109015,10,0,0,48,<=50K
20703,36,183739,9,0,2002,40,<=50K
20705,33,156015,11,0,0,40,<=50K
20706,41,185132,13,0,0,45,<=50K
20707,20,188274,10,0,0,10,<=50K
20708,28,50512,13,2202,0,50,<=50K
20709,24,147719,14,0,0,20,<=50K
20710,31,414525,8,0,0,60,<=50K
20711,38,289148,9,0,0,40,<=50K
20712,40,176069,13,0,0,45,<=50K
20713,55,199713,13,0,0,15,<=50K
20714,49,297884,9,4064,0,50,<=50K
20715,33,204829,9,0,0,45,<=50K
20716,52,155433,3,0,0,40,<=50K
20717,24,32950,13,0,0,35,<=50K
20718,46,233511,13,0,0,48,<=50K
20719,20,210781,10,0,0,20,<=50K
20720,50,190762,3,0,0,40,<=50K
20721,22,83315,9,0,0,40,<=50K
20722,32,343872,10,0,0,35,<=50K
20724,62,302142,9,2961,0,30,<=50K
20726,26,357933,10,0,0,15,<=50K
20727,20,211293,10,0,0,14,<=50K
20728,37,199265,10,0,0,50,<=50K
20729,40,202872,10,0,0,24,<=50K
20730,22,195075,10,0,0,38,<=50K
20732,41,187802,10,0,0,50,<=50K
20733,24,97212,12,0,0,40,<=50K
20734,40,47902,9,0,0,40,<=50K
20737,56,274475,5,0,0,40,<=50K
20738,20,105244,10,0,0,50,<=50K
20739,55,165695,9,0,0,40,<=50K
20740,29,253801,9,0,0,40,<=50K
20741,37,305597,9,0,0,40,<=50K
20742,61,352448,13,0,0,60,<=50K
20743,26,242768,13,0,0,38,<=50K
20744,49,201080,10,0,0,55,<=50K
20745,18,159032,4,0,0,40,<=50K
20746,30,149568,5,0,0,40,<=50K
20747,24,229553,9,0,0,20,<=50K
20748,24,155775,9,0,0,40,<=50K
20749,37,120074,9,0,0,40,<=50K
20750,37,257588,9,0,0,40,<=50K
20751,36,177907,10,0,0,65,<=50K
20752,40,309311,9,0,0,40,<=50K
20753,44,138975,9,0,0,55,<=50K
20754,43,187778,9,0,0,20,<=50K
20755,19,35865,10,0,0,35,<=50K
20756,50,234373,14,0,1485,40,<=50K
20757,17,151141,6,0,0,30,<=50K
20758,39,144688,9,0,0,50,<=50K
20759,43,248094,9,0,0,40,<=50K
20760,43,248094,9,0,0,40,<=50K
20762,31,55849,10,0,0,40,<=50K
20763,25,121712,13,0,0,40,<=50K
20764,30,164552,13,0,1876,40,<=50K
20765,55,223127,5,0,0,40,<=50K
20766,55,190514,4,0,0,75,<=50K
20767,29,203797,10,0,0,40,<=50K
20769,30,105908,9,0,0,40,<=50K
20770,33,232356,9,0,1672,55,<=50K
20771,23,210526,9,0,0,40,<=50K
20772,71,193530,7,0,0,75,<=50K
20773,22,22966,10,0,0,6,<=50K
20774,21,43535,10,0,0,40,<=50K
20775,62,72486,9,0,0,24,<=50K
20776,22,229997,10,0,0,40,<=50K
20777,49,183013,9,0,0,40,<=50K
20778,31,113364,12,0,0,20,<=50K
20779,27,197380,12,0,0,40,<=50K
20781,26,213385,10,0,0,20,<=50K
20782,30,108464,10,0,0,40,<=50K
20783,17,31007,6,0,0,30,<=50K
20784,26,35917,10,0,0,50,<=50K
20785,45,99385,9,0,0,40,<=50K
20787,31,241885,9,0,0,45,<=50K
20788,51,24344,12,0,0,40,<=50K
20789,56,149686,5,0,0,40,<=50K
20790,24,154432,13,0,0,35,<=50K
20791,29,331875,8,0,0,40,<=50K
20792,26,259585,10,0,0,24,<=50K
20793,51,104748,10,0,0,45,<=50K
20794,32,144949,9,0,0,40,<=50K
20796,30,302438,9,0,0,40,<=50K
20797,41,129155,7,0,0,40,<=50K
20798,49,115784,10,0,0,40,<=50K
20801,43,244945,13,0,0,60,<=50K
20802,76,243768,3,0,0,20,<=50K
20805,27,89813,9,0,0,40,<=50K
20807,55,184702,9,0,0,40,<=50K
20808,21,275291,10,0,0,12,<=50K
20809,20,258298,10,0,0,20,<=50K
20810,39,139743,9,0,0,20,<=50K
20812,20,103840,9,0,0,42,<=50K
20813,28,274579,9,0,0,60,<=50K
20814,56,156842,10,0,0,40,<=50K
20815,39,101020,8,0,0,40,<=50K
20818,54,168723,9,0,0,40,<=50K
20821,42,196797,9,0,0,38,<=50K
20822,50,207246,10,0,0,75,<=50K
20824,23,272185,11,0,0,33,<=50K
20825,27,190650,13,0,0,25,<=50K
20826,81,147097,13,0,0,5,<=50K
20827,47,266281,7,6849,0,40,<=50K
20828,57,96779,3,0,0,40,<=50K
20830,33,188352,14,0,0,50,<=50K
20831,37,359131,9,0,0,48,<=50K
20832,53,198824,13,0,0,40,<=50K
20833,27,68393,13,0,0,40,<=50K
20835,42,45363,12,0,0,50,<=50K
20837,58,292379,13,0,0,40,<=50K
20838,20,482732,9,0,0,24,<=50K
20839,19,198663,9,0,0,40,<=50K
20840,39,230329,9,0,0,35,<=50K
20841,51,29887,9,0,0,44,<=50K
20842,52,194259,9,0,0,40,<=50K
20844,50,108446,10,0,0,40,<=50K
20845,36,220696,9,0,0,40,<=50K
20846,30,32008,13,0,0,72,<=50K
20847,30,191777,10,0,0,40,<=50K
20849,76,127016,4,0,0,40,<=50K
20851,24,157894,10,0,0,40,<=50K
20852,26,345405,9,2885,0,40,<=50K
20855,22,190968,10,2407,0,40,<=50K
20856,23,212803,13,0,0,35,<=50K
20857,51,168660,9,0,0,50,<=50K
20858,58,234481,6,0,0,40,<=50K
20859,38,131461,5,0,0,24,<=50K
20861,55,126117,9,0,0,40,<=50K
20863,42,296749,10,0,0,45,<=50K
20866,27,213152,10,0,0,40,<=50K
20868,61,253101,13,0,0,24,<=50K
20870,44,193882,11,0,1340,40,<=50K
20871,63,71800,4,0,0,41,<=50K
20872,46,170092,14,0,0,43,<=50K
20873,47,198223,10,0,0,40,<=50K
20874,37,359796,10,0,0,40,<=50K
20875,43,110556,9,0,0,40,<=50K
20877,48,112860,6,0,0,35,<=50K
20878,61,224784,12,0,0,90,<=50K
20880,79,142171,4,1409,0,35,<=50K
20881,44,221172,9,0,0,30,<=50K
20882,54,256916,9,0,0,45,<=50K
20883,22,157332,10,0,0,40,<=50K
20885,18,240183,9,0,0,20,<=50K
20886,25,204338,6,0,0,40,<=50K
20887,24,122166,10,0,0,40,<=50K
20891,59,171015,10,0,0,34,<=50K
20892,46,91262,10,0,0,40,<=50K
20894,19,263338,9,0,0,15,<=50K
20895,22,129508,9,0,0,28,<=50K
20896,41,192107,13,0,0,40,<=50K
20897,33,93930,9,0,0,40,<=50K
20898,26,207537,9,0,0,40,<=50K
20899,22,138542,10,0,0,35,<=50K
20901,22,198244,9,0,0,39,<=50K
20902,34,90614,12,0,2042,10,<=50K
20903,23,211160,8,0,0,40,<=50K
20904,20,194630,9,3781,0,50,<=50K
20905,25,161478,13,0,0,40,<=50K
20907,44,167005,10,4386,0,55,<=50K
20908,55,342121,10,0,0,40,<=50K
20909,77,71676,10,0,1944,1,<=50K
20912,42,145175,10,0,0,40,<=50K
20913,45,259323,10,0,0,40,<=50K
20914,23,154978,9,0,0,40,<=50K
20915,60,163946,5,0,0,40,<=50K
20916,23,127768,10,0,0,40,<=50K
20917,52,98588,9,0,0,40,<=50K
20919,20,194848,10,0,0,40,<=50K
20920,20,34446,9,0,0,20,<=50K
20921,23,177265,9,0,0,45,<=50K
20922,30,142977,10,0,0,65,<=50K
20924,30,154882,15,0,0,35,<=50K
20925,17,60562,5,0,0,20,<=50K
20926,22,142566,9,0,0,40,<=50K
20927,25,176162,13,0,0,40,<=50K
20930,18,184416,6,0,0,30,<=50K
20931,58,68624,9,0,0,45,<=50K
20932,30,229504,9,0,0,50,<=50K
20933,59,340591,6,3942,0,40,<=50K
20934,29,262208,10,0,0,30,<=50K
20935,26,236008,11,0,0,40,<=50K
20936,39,214284,13,0,0,10,<=50K
20938,21,205940,10,0,0,40,<=50K
20939,22,195179,10,0,0,24,<=50K
20940,25,469697,10,0,0,40,<=50K
20941,19,140242,10,0,0,20,<=50K
20942,44,214415,10,0,0,40,<=50K
20943,35,452283,9,0,0,40,<=50K
20944,40,244172,9,0,0,40,<=50K
20945,19,231972,7,0,0,20,<=50K
20947,32,30497,11,0,0,40,<=50K
20948,52,189216,9,0,0,65,<=50K
20949,36,268292,9,0,0,41,<=50K
20950,38,69306,10,0,0,40,<=50K
20951,57,111224,13,0,0,39,<=50K
20952,22,309348,10,0,0,15,<=50K
20953,80,174995,9,0,0,8,<=50K
20954,20,210781,10,0,0,35,<=50K
20955,40,286750,7,0,0,36,<=50K
20956,36,321274,13,0,0,50,<=50K
20957,27,192936,9,0,0,40,<=50K
20958,52,72743,9,0,0,50,<=50K
20959,43,187861,9,0,0,44,<=50K
20960,35,179579,9,0,0,40,<=50K
20961,29,663394,9,0,0,40,<=50K
20962,27,302422,10,0,0,40,<=50K
20963,24,154373,9,0,0,25,<=50K
20965,26,109609,10,0,0,30,<=50K
20966,47,184402,9,0,0,32,<=50K
20967,20,224640,10,0,0,40,<=50K
20968,19,405526,9,0,0,40,<=50K
20969,34,36385,14,0,2258,50,<=50K
20970,20,147884,9,0,0,40,<=50K
20971,23,164231,7,0,0,35,<=50K
20972,25,383306,13,0,0,40,<=50K
20973,21,417668,9,0,0,36,<=50K
20974,25,161007,9,0,0,40,<=50K
20975,63,99823,10,0,0,32,<=50K
20976,25,37379,13,0,0,50,<=50K
20977,28,148645,9,0,0,40,<=50K
20979,28,123147,10,4865,0,40,<=50K
20981,41,107327,11,0,0,40,<=50K
20982,52,146565,12,4865,0,30,<=50K
20983,36,267556,9,4064,0,40,<=50K
20985,27,194690,5,0,0,50,<=50K
20986,32,145983,10,0,0,40,<=50K
20988,50,128478,9,0,0,70,<=50K
20989,21,250647,10,0,0,30,<=50K
20990,60,226949,9,0,0,37,<=50K
20991,47,157901,7,0,0,36,<=50K
20993,32,40444,14,0,0,50,<=50K
20994,61,54373,10,0,0,40,<=50K
20995,21,52753,9,0,1504,40,<=50K
20997,36,305714,9,0,0,70,<=50K
20998,38,167440,9,0,0,20,<=50K
20999,59,291529,6,0,0,52,<=50K
21000,43,243380,10,0,0,40,<=50K
21001,19,38619,7,0,0,10,<=50K
21002,42,230684,13,5013,0,40,<=50K
21003,33,132601,10,0,0,45,<=50K
21004,47,193285,9,5013,0,40,<=50K
21006,28,339372,10,0,0,40,<=50K
21007,61,101265,10,0,0,43,<=50K
21008,23,117789,13,0,0,60,<=50K
21009,31,312667,5,0,0,40,<=50K
21010,38,255503,7,0,0,55,<=50K
21011,21,221955,5,0,0,40,<=50K
21012,22,139190,9,0,0,50,<=50K
21017,33,199539,9,0,0,65,<=50K
21018,23,346480,9,0,0,50,<=50K
21020,31,219619,9,0,0,48,<=50K
21021,28,127491,9,5721,0,40,<=50K
21022,26,253899,13,0,0,40,<=50K
21025,19,530454,9,0,0,50,<=50K
21026,46,101430,7,0,0,40,<=50K
21028,31,90668,6,0,0,40,<=50K
21030,41,238355,3,0,0,40,<=50K
21031,22,194031,10,0,0,15,<=50K
21032,25,117833,13,0,1876,40,<=50K
21034,44,219591,10,0,0,40,<=50K
21035,25,221757,9,0,0,40,<=50K
21036,30,80625,13,0,0,40,<=50K
21039,34,24504,9,0,0,40,<=50K
21041,21,100462,11,2174,0,60,<=50K
21042,27,192936,13,0,0,40,<=50K
21043,29,145011,10,0,0,40,<=50K
21045,36,37778,14,0,0,70,<=50K
21046,27,60288,14,0,0,40,<=50K
21047,57,84231,10,0,0,48,<=50K
21048,24,52028,2,0,0,5,<=50K
21049,63,318763,10,0,0,22,<=50K
21051,34,113530,13,0,0,40,<=50K
21052,27,321896,9,0,0,40,<=50K
21053,31,145791,11,0,0,40,<=50K
21054,31,131425,13,0,0,40,<=50K
21055,55,145214,10,4650,0,20,<=50K
21056,64,142166,9,0,0,99,<=50K
21057,20,494784,9,0,0,35,<=50K
21059,35,184655,7,0,0,50,<=50K
21060,41,26669,10,0,0,40,<=50K
21061,38,191479,10,0,0,40,<=50K
21062,21,86625,10,0,0,40,<=50K
21064,42,242564,4,0,2205,40,<=50K
21066,42,436107,12,0,0,50,<=50K
21069,23,283796,8,0,0,30,<=50K
21070,20,161092,10,0,0,14,<=50K
21071,26,265230,13,0,0,40,<=50K
21072,56,61885,13,0,2001,65,<=50K
21073,40,150471,12,0,0,40,<=50K
21074,19,183041,7,0,0,24,<=50K
21075,33,176673,9,0,0,40,<=50K
21076,45,235891,12,0,0,40,<=50K
21078,29,164040,9,0,0,40,<=50K
21080,48,99127,12,0,0,45,<=50K
21081,38,334999,9,0,0,45,<=50K
21082,29,543477,10,0,0,40,<=50K
21083,35,65876,9,0,0,40,<=50K
21084,59,105866,13,0,0,30,<=50K
21085,27,214858,9,0,0,40,<=50K
21087,70,280307,13,0,0,20,<=50K
21088,30,97723,9,0,0,45,<=50K
21090,76,259612,9,0,0,15,<=50K
21091,25,236977,9,0,0,40,<=50K
21092,39,347814,12,0,0,56,<=50K
21093,36,197495,13,0,0,40,<=50K
21094,23,227594,8,0,0,40,<=50K
21095,60,165441,4,0,0,40,<=50K
21096,20,337488,10,0,0,30,<=50K
21098,20,396722,10,0,0,40,<=50K
21099,22,146538,9,0,0,40,<=50K
21100,24,51973,13,0,0,20,<=50K
21101,41,144778,9,0,0,40,<=50K
21102,35,169672,10,0,0,40,<=50K
21103,23,240137,3,0,0,55,<=50K
21105,17,172050,7,0,0,16,<=50K
21106,43,178976,9,0,0,40,<=50K
21107,33,176185,8,0,2258,42,<=50K
21108,30,158200,15,0,0,40,<=50K
21110,54,226735,9,0,0,45,<=50K
21111,39,148015,9,0,0,52,<=50K
21112,32,199529,10,0,1980,40,<=50K
21113,61,35001,4,2885,0,40,<=50K
21114,24,67586,11,0,0,35,<=50K
21115,22,88126,13,0,0,40,<=50K
21117,18,452452,6,0,0,20,<=50K
21118,20,378546,9,0,0,25,<=50K
21119,53,186087,9,0,0,40,<=50K
21120,32,27856,10,0,0,40,<=50K
21121,68,234859,10,0,0,30,<=50K
21122,28,71733,10,0,0,15,<=50K
21123,28,207473,10,0,0,40,<=50K
21125,21,253190,10,0,0,48,<=50K
21126,52,92968,13,0,0,40,<=50K
21127,25,209286,10,0,0,40,<=50K
21129,33,112358,10,0,0,32,<=50K
21130,49,176341,13,0,0,40,<=50K
21131,58,247276,4,0,0,30,<=50K
21133,67,257557,4,10566,0,40,<=50K
21134,42,177937,13,0,0,50,<=50K
21136,61,167138,9,0,0,40,<=50K
21137,34,213887,10,0,0,40,<=50K
21138,28,185647,10,0,0,45,<=50K
21139,19,143360,9,0,0,34,<=50K
21140,31,176862,10,0,0,40,<=50K
21141,32,97614,10,0,0,40,<=50K
21142,76,224680,15,0,1258,20,<=50K
21143,53,196763,12,0,0,60,<=50K
21144,46,306183,9,0,0,37,<=50K
21145,43,343061,4,4508,0,40,<=50K
21148,59,195835,4,0,0,40,<=50K
21149,19,106273,10,0,0,38,<=50K
21151,63,110610,6,0,0,50,<=50K
21152,44,191982,10,0,0,10,<=50K
21153,46,247286,10,0,0,40,<=50K
21154,22,219042,6,0,0,40,<=50K
21155,36,224566,12,0,1669,45,<=50K
21157,58,113398,9,0,0,25,<=50K
21158,25,170428,13,0,0,28,<=50K
21160,36,162424,9,0,0,45,<=50K
21161,29,263005,14,0,0,45,<=50K
21162,49,26502,13,6497,0,45,<=50K
21164,43,114859,10,0,0,17,<=50K
21165,46,405309,9,0,0,40,<=50K
21166,43,323627,10,0,0,12,<=50K
21167,40,106698,12,0,0,40,<=50K
21168,43,51506,8,0,0,40,<=50K
21169,48,117251,9,0,0,32,<=50K
21170,26,106705,9,0,0,28,<=50K
21171,30,217296,11,0,0,35,<=50K
21173,43,143368,9,0,0,40,<=50K
21174,53,86600,9,0,0,40,<=50K
21175,74,117017,10,0,0,16,<=50K
21176,64,104756,10,0,0,8,<=50K
21178,32,481096,3,0,0,10,<=50K
21179,23,281668,6,0,0,40,<=50K
21182,24,187397,10,1151,0,40,<=50K
21183,63,181153,9,0,0,35,<=50K
21184,25,375170,10,0,0,35,<=50K
21185,37,360743,10,0,0,40,<=50K
21186,28,420054,9,0,0,40,<=50K
21187,31,137681,10,0,0,40,<=50K
21192,52,145333,13,0,0,60,<=50K
21194,26,195327,9,0,0,40,<=50K
21195,55,196126,13,0,0,40,<=50K
21196,17,175465,6,0,0,14,<=50K
21197,27,197905,10,0,0,40,<=50K
21199,35,172571,13,0,0,50,<=50K
21200,17,25051,6,0,0,16,<=50K
21202,22,183083,10,0,0,35,<=50K
21204,33,283921,10,0,0,40,<=50K
21207,26,202091,9,0,0,40,<=50K
21208,21,285127,9,0,0,40,<=50K
21211,19,165505,10,0,0,20,<=50K
21212,22,122272,13,0,0,35,<=50K
21217,28,31842,13,0,0,40,<=50K
21218,29,143582,9,0,0,35,<=50K
21220,22,317019,10,0,0,30,<=50K
21221,47,158451,10,0,0,45,<=50K
21222,60,225883,10,0,0,27,<=50K
21225,62,26966,10,0,0,40,<=50K
21227,59,35411,9,0,0,40,<=50K
21228,41,190885,9,0,0,40,<=50K
21229,31,182162,9,0,0,37,<=50K
21230,18,352640,9,0,0,40,<=50K
21231,64,213945,9,0,0,50,<=50K
21232,51,135102,9,0,0,65,<=50K
21233,47,102583,13,0,0,35,<=50K
21235,32,241802,9,0,0,40,<=50K
21236,39,347434,5,0,0,43,<=50K
21237,37,305259,12,0,0,48,<=50K
21238,29,140830,9,0,0,40,<=50K
21239,44,291568,9,0,0,40,<=50K
21242,19,252752,9,0,0,35,<=50K
21243,65,404601,9,2414,0,30,<=50K
21246,61,95929,5,0,0,40,<=50K
21247,30,187618,9,0,0,50,<=50K
21248,61,92178,7,0,0,40,<=50K
21251,32,272376,12,0,0,40,<=50K
21253,37,278924,9,0,0,40,<=50K
21254,53,324568,7,0,0,45,<=50K
21256,29,211299,11,0,0,45,<=50K
21257,48,192791,9,0,0,40,<=50K
21259,28,46868,14,0,0,40,<=50K
21262,18,142647,10,0,0,20,<=50K
21263,60,116230,4,0,0,40,<=50K
21264,38,108907,9,0,0,40,<=50K
21265,19,495982,10,0,0,10,<=50K
21266,18,334026,7,0,0,25,<=50K
21267,33,268571,10,0,0,40,<=50K
21268,33,213813,10,0,0,40,<=50K
21269,29,241667,14,0,0,45,<=50K
21270,37,160920,10,0,0,45,<=50K
21272,19,41609,10,0,0,10,<=50K
21273,28,129460,6,0,2238,35,<=50K
21275,23,167424,10,0,0,35,<=50K
21276,47,270079,4,0,0,40,<=50K
21277,21,325923,10,0,0,35,<=50K
21278,19,194905,10,0,0,12,<=50K
21284,35,167735,7,6849,0,40,<=50K
21285,50,146310,5,0,0,40,<=50K
21286,20,256504,10,0,0,6,<=50K
21287,17,121425,7,0,0,16,<=50K
21288,33,146440,10,0,1740,40,<=50K
21289,57,155259,10,0,0,40,<=50K
21290,53,98829,13,0,0,50,<=50K
21292,62,134768,14,0,0,35,<=50K
21293,35,556902,9,0,0,40,<=50K
21294,27,47907,13,0,0,43,<=50K
21295,23,114357,9,0,0,50,<=50K
21296,27,189462,14,0,1504,45,<=50K
21297,39,90646,11,0,0,40,<=50K
21298,25,232914,13,0,0,38,<=50K
21299,24,192201,10,0,0,20,<=50K
21300,23,27776,9,0,0,40,<=50K
21302,30,100734,13,0,0,38,<=50K
21303,34,111746,9,0,0,45,<=50K
21304,32,184833,6,0,0,40,<=50K
21305,18,414721,7,0,1602,23,<=50K
21306,20,151780,11,0,0,35,<=50K
21308,18,137363,8,0,0,20,<=50K
21309,41,172307,5,0,0,40,<=50K
21310,21,273403,11,0,0,50,<=50K
21312,61,97030,10,0,0,30,<=50K
21313,30,54608,10,0,0,48,<=50K
21317,47,207140,9,0,0,38,<=50K
21318,19,138153,10,0,0,10,<=50K
21319,29,46987,9,0,0,55,<=50K
21321,34,229531,12,0,0,60,<=50K
21322,42,320744,9,3908,0,45,<=50K
21323,26,257405,3,0,0,40,<=50K
21324,20,432052,10,0,0,15,<=50K
21326,20,38001,10,0,0,20,<=50K
21327,27,101618,9,0,0,50,<=50K
21329,39,115215,9,0,0,40,<=50K
21330,33,178449,10,0,0,49,<=50K
21331,42,185267,11,0,0,32,<=50K
21332,23,410439,9,0,0,25,<=50K
21334,27,83517,9,0,0,60,<=50K
21335,43,194726,9,0,0,35,<=50K
21336,23,322674,10,0,0,40,<=50K
21337,40,34540,14,0,0,44,<=50K
21339,30,194901,9,0,0,40,<=50K
21340,59,117059,7,0,0,40,<=50K
21341,65,78875,10,2290,0,40,<=50K
21342,28,51461,14,0,0,60,<=50K
21343,79,266119,13,0,0,40,<=50K
21345,54,175262,4,0,0,40,<=50K
21346,27,208249,9,0,0,62,<=50K
21348,22,110622,13,0,0,15,<=50K
21349,34,146980,9,0,0,65,<=50K
21350,18,112974,7,0,0,3,<=50K
21352,28,163265,5,4508,0,40,<=50K
21353,18,210932,9,0,0,40,<=50K
21354,46,145290,10,0,0,40,<=50K
21355,23,198992,9,0,0,35,<=50K
21356,77,174887,10,0,0,6,<=50K
21359,29,49087,13,0,0,50,<=50K
21360,41,126622,7,0,0,40,<=50K
21361,41,174189,5,0,0,40,<=50K
21362,34,118605,12,0,0,55,<=50K
21363,49,377622,12,0,0,50,<=50K
21364,49,157272,9,0,0,50,<=50K
21365,30,78530,9,0,0,40,<=50K
21366,28,190391,13,0,0,40,<=50K
21367,62,162678,13,0,0,40,<=50K
21368,41,103980,10,0,0,52,<=50K
21369,20,293726,10,0,0,40,<=50K
21370,61,98350,1,0,0,40,<=50K
21371,30,207668,13,0,0,60,<=50K
21372,29,41013,15,0,0,55,<=50K
21373,50,188186,14,0,1590,45,<=50K
21376,62,167652,11,0,0,40,<=50K
21377,57,173580,10,0,0,40,<=50K
21378,35,273612,13,0,0,45,<=50K
21379,26,195555,13,0,0,40,<=50K
21380,60,186446,4,0,0,40,<=50K
21381,22,418405,10,0,0,40,<=50K
21382,62,41793,14,0,0,50,<=50K
21383,26,183965,9,0,0,40,<=50K
21384,26,354784,10,0,0,20,<=50K
21386,32,732102,13,0,0,40,<=50K
21387,66,97847,13,0,0,50,<=50K
21388,24,196678,1,0,0,30,<=50K
21389,19,320014,10,0,0,25,<=50K
21391,37,295127,9,0,0,40,<=50K
21393,37,187411,13,0,0,50,<=50K
21394,22,121070,10,0,0,35,<=50K
21395,34,212163,10,0,0,25,<=50K
21396,35,108198,9,0,0,15,<=50K
21397,42,294431,14,0,0,40,<=50K
21399,29,266070,13,0,0,80,<=50K
21400,34,346122,9,0,0,40,<=50K
21402,62,236096,9,0,0,40,<=50K
21403,35,187711,9,0,0,40,<=50K
21404,37,238959,9,0,0,40,<=50K
21405,47,93557,9,0,0,40,<=50K
21406,37,329980,10,0,0,40,<=50K
21407,22,125010,11,0,0,30,<=50K
21409,31,289731,10,0,0,40,<=50K
21410,74,33114,6,1797,0,30,<=50K
21411,63,206052,9,0,0,40,<=50K
21412,30,191385,7,0,0,40,<=50K
21413,44,268804,9,0,0,30,<=50K
21415,35,199753,10,0,0,60,<=50K
21416,50,92486,10,0,0,40,<=50K
21417,18,171088,10,0,0,10,<=50K
21418,33,112820,11,0,0,40,<=50K
21419,59,32855,4,0,0,70,<=50K
21420,17,142964,7,0,0,20,<=50K
21422,51,147015,10,0,0,50,<=50K
21423,26,291968,13,0,0,40,<=50K
21425,55,238216,9,0,0,40,<=50K
21426,36,323726,10,0,0,40,<=50K
21428,19,218471,9,0,1602,30,<=50K
21431,39,139703,9,0,0,28,<=50K
21432,39,206190,9,0,0,45,<=50K
21434,55,169133,13,0,0,40,<=50K
21436,31,354464,9,0,0,40,<=50K
21437,19,124651,7,0,0,25,<=50K
21438,30,60426,9,0,0,40,<=50K
21439,47,98726,13,0,0,40,<=50K
21440,31,133861,12,0,0,40,<=50K
21441,32,180303,13,0,0,47,<=50K
21442,33,221324,11,0,0,40,<=50K
21443,31,325658,9,0,0,40,<=50K
21444,32,210562,9,0,0,40,<=50K
21445,46,152249,9,0,0,35,<=50K
21446,29,178649,9,0,0,20,<=50K
21447,41,48997,9,0,0,40,<=50K
21450,23,203078,13,0,0,24,<=50K
21452,45,182677,9,0,0,40,<=50K
21454,47,105381,9,0,0,40,<=50K
21455,24,256240,4,0,0,60,<=50K
21457,53,150980,10,3137,0,40,<=50K
21458,38,141584,9,0,0,55,<=50K
21459,26,113571,9,0,0,70,<=50K
21460,18,154089,7,0,0,20,<=50K
21461,43,50197,6,0,0,40,<=50K
21462,26,132572,13,0,0,32,<=50K
21463,47,238185,13,0,0,40,<=50K
21465,21,357029,10,2105,0,20,<=50K
21466,32,213389,10,0,1726,38,<=50K
21469,58,143266,13,0,0,40,<=50K
21470,55,68006,4,0,0,60,<=50K
21471,40,287079,9,0,0,55,<=50K
21472,33,223212,9,0,0,40,<=50K
21474,49,182211,9,0,0,55,<=50K
21477,25,305472,12,0,0,48,<=50K
21478,57,548256,8,0,0,40,<=50K
21479,29,40295,9,0,0,40,<=50K
21480,28,112403,9,2354,0,40,<=50K
21483,28,127833,9,0,0,40,<=50K
21484,19,201743,10,0,0,20,<=50K
21485,40,240027,10,0,0,45,<=50K
21486,28,129882,10,0,0,40,<=50K
21488,20,107658,10,0,0,10,<=50K
21490,19,146679,10,0,0,30,<=50K
21491,75,35724,9,0,0,8,<=50K
21492,24,42251,13,0,0,30,<=50K
21493,31,113838,9,0,0,45,<=50K
21494,28,282398,9,0,0,35,<=50K
21495,41,33331,9,0,0,45,<=50K
21496,23,41031,10,0,0,35,<=50K
21498,33,53042,8,0,0,40,<=50K
21499,34,174789,10,0,0,50,<=50K
21500,47,203067,13,0,0,50,<=50K
21502,45,216626,9,0,0,40,<=50K
21503,35,93034,9,0,0,40,<=50K
21506,39,366757,9,0,0,35,<=50K
21507,23,414545,10,0,0,40,<=50K
21508,25,295919,12,0,0,40,<=50K
21509,37,34378,2,0,0,40,<=50K
21511,25,476334,9,0,0,48,<=50K
21513,34,175856,10,0,0,40,<=50K
21515,33,118551,9,0,0,40,<=50K
21516,78,292019,4,0,0,20,<=50K
21518,61,137733,10,0,0,25,<=50K
21519,22,39432,9,0,0,40,<=50K
21520,29,138537,11,0,0,40,<=50K
21521,37,709445,9,0,0,40,<=50K
21522,35,194809,7,0,0,40,<=50K
21524,37,299090,9,0,0,30,<=50K
21525,18,159561,7,0,0,20,<=50K
21526,37,236328,6,0,0,48,<=50K
21528,25,196627,7,0,0,40,<=50K
21531,32,199655,10,0,1740,40,<=50K
21532,25,98756,10,0,0,50,<=50K
21533,50,161075,9,0,0,40,<=50K
21534,18,192485,8,0,0,20,<=50K
21535,25,201579,5,0,0,40,<=50K
21536,23,117606,13,0,0,40,<=50K
21537,51,177487,9,0,0,40,<=50K
21538,47,237731,9,2829,0,65,<=50K
21539,37,60313,9,0,0,40,<=50K
21541,27,169958,3,0,0,40,<=50K
21542,19,240686,7,0,0,25,<=50K
21543,52,124793,8,0,0,40,<=50K
21544,25,113948,11,0,0,45,<=50K
21545,17,241021,8,0,0,40,<=50K
21546,21,147655,9,0,0,40,<=50K
21547,41,38876,11,0,0,60,<=50K
21549,20,114813,6,0,0,40,<=50K
21550,24,136310,10,0,0,40,<=50K
21552,23,197552,10,0,0,35,<=50K
21553,33,69748,9,0,0,40,<=50K
21555,50,78649,10,0,0,40,<=50K
21556,37,188774,7,0,0,60,<=50K
21558,19,215891,10,0,0,10,<=50K
21559,40,144928,10,0,0,40,<=50K
21560,30,33688,9,0,1669,70,<=50K
21561,65,262446,7,0,0,20,<=50K
21562,44,191295,13,0,0,48,<=50K
21563,32,279173,13,0,0,45,<=50K
21565,28,202239,4,0,0,55,<=50K
21567,39,164156,12,0,0,55,<=50K
21568,59,196482,9,0,0,40,<=50K
21570,34,287315,9,0,0,40,<=50K
21571,20,117210,9,0,0,40,<=50K
21572,33,41610,13,0,0,40,<=50K
21574,31,80511,12,0,0,44,<=50K
21575,39,219155,9,0,0,43,<=50K
21576,35,106347,9,0,0,45,<=50K
21577,37,68899,9,0,2129,40,<=50K
21579,28,270887,12,0,0,65,<=50K
21580,17,205726,7,0,0,15,<=50K
21581,23,218899,13,0,0,60,<=50K
21583,19,248749,10,0,0,20,<=50K
21584,30,197558,9,0,0,40,<=50K
21585,27,176514,13,0,0,40,<=50K
21586,29,116820,9,0,0,50,<=50K
21591,43,281138,9,0,0,40,<=50K
21592,41,98061,9,0,0,40,<=50K
21593,34,260560,9,0,0,50,<=50K
21594,23,289909,10,0,0,45,<=50K
21595,51,59590,9,0,0,20,<=50K
21596,24,236769,12,0,0,40,<=50K
21598,24,291407,9,0,0,40,<=50K
21601,24,201680,9,0,0,40,<=50K
21603,31,150324,7,0,0,50,<=50K
21604,38,331609,10,0,0,47,<=50K
21607,25,122075,13,0,0,50,<=50K
21608,29,178778,10,0,0,40,<=50K
21609,29,276345,9,0,0,50,<=50K
21611,24,289448,11,0,0,40,<=50K
21612,31,173350,9,0,0,30,<=50K
21613,36,130589,10,0,0,45,<=50K
21615,25,297531,13,0,0,40,<=50K
21616,55,129762,9,0,0,40,<=50K
21617,21,182614,10,0,0,40,<=50K
21618,60,120067,5,0,0,45,<=50K
21619,41,182370,12,0,0,40,<=50K
21620,43,60949,9,0,0,40,<=50K
21622,47,188195,10,0,0,40,<=50K
21623,50,89534,9,0,0,40,<=50K
21625,23,183358,9,0,0,40,<=50K
21626,38,75024,4,0,0,40,<=50K
21627,30,251120,12,0,0,40,<=50K
21628,35,108946,9,0,0,40,<=50K
21629,25,93223,10,0,0,35,<=50K
21630,61,147393,15,0,0,20,<=50K
21631,71,45801,9,0,0,70,<=50K
21632,35,225385,9,0,0,40,<=50K
21633,35,23892,9,0,0,40,<=50K
21634,38,179668,9,0,0,40,<=50K
21635,27,404998,11,0,0,40,<=50K
21636,51,68882,2,0,0,35,<=50K
21637,55,194065,12,0,0,40,<=50K
21638,45,357540,13,0,2002,55,<=50K
21639,33,185336,11,0,0,40,<=50K
21640,25,152503,10,0,0,40,<=50K
21642,46,96552,10,0,0,17,<=50K
21643,34,169527,10,4386,0,20,<=50K
21644,52,254285,13,0,0,40,<=50K
21645,47,32509,10,0,0,40,<=50K
21646,46,125492,13,0,0,40,<=50K
21648,69,168794,4,0,0,48,<=50K
21650,36,215503,9,0,0,65,<=50K
21651,31,187560,9,2174,0,40,<=50K
21653,38,210991,13,0,1740,40,<=50K
21654,57,190748,10,0,0,35,<=50K
21655,24,117767,12,0,0,20,<=50K
21656,37,301070,9,0,0,45,<=50K
21659,38,131808,11,0,0,40,<=50K
21660,34,156292,9,0,0,40,<=50K
21661,21,124589,9,0,0,40,<=50K
21662,21,262819,10,0,0,20,<=50K
21663,61,95500,9,0,0,40,<=50K
21664,35,241306,9,0,0,45,<=50K
21665,29,238680,10,0,0,55,<=50K
21666,18,42293,6,0,0,30,<=50K
21667,41,168071,9,0,0,45,<=50K
21670,38,97759,8,0,0,17,<=50K
21671,51,107096,9,0,0,50,<=50K
21672,55,76860,9,0,0,40,<=50K
21673,20,70076,10,0,0,40,<=50K
21674,23,312017,10,0,0,40,<=50K
21675,24,174138,12,0,0,40,<=50K
21676,48,125892,13,0,0,40,<=50K
21677,22,210474,9,0,0,40,<=50K
21678,22,157332,10,0,0,15,<=50K
21679,28,30771,10,0,0,40,<=50K
21682,25,324609,9,0,0,40,<=50K
21683,48,268234,9,0,0,50,<=50K
21684,32,178109,9,0,0,43,<=50K
21685,31,25955,5,0,0,35,<=50K
21686,65,123484,9,0,0,25,<=50K
21687,56,129762,10,0,0,35,<=50K
21688,22,108506,11,0,0,75,<=50K
21689,27,241607,13,0,0,50,<=50K
21690,27,214385,9,0,0,40,<=50K
21691,30,183000,14,0,0,45,<=50K
21692,33,290763,10,0,0,40,<=50K
21694,19,97189,10,0,0,22,<=50K
21695,42,195096,9,4064,0,40,<=50K
21696,37,329088,9,0,0,40,<=50K
21697,26,58371,9,0,0,40,<=50K
21698,32,256371,8,0,0,40,<=50K
21699,43,35824,10,0,0,40,<=50K
21700,47,173271,9,0,0,40,<=50K
21702,24,86153,10,0,0,40,<=50K
21703,34,295855,7,0,0,70,<=50K
21704,33,327902,9,0,0,45,<=50K
21707,45,28119,9,0,0,7,<=50K
21708,42,197522,10,0,0,40,<=50K
21709,25,108542,13,0,0,35,<=50K
21711,25,126974,9,0,0,40,<=50K
21712,23,180060,13,0,0,50,<=50K
21713,35,38948,10,0,0,50,<=50K
21714,28,271572,5,0,0,52,<=50K
21716,26,238367,9,0,0,40,<=50K
21717,37,172232,9,0,0,30,<=50K
21718,22,153805,9,0,0,20,<=50K
21719,30,26543,13,0,0,40,<=50K
21720,42,109067,13,0,0,40,<=50K
21721,38,213716,11,0,0,30,<=50K
21722,49,149809,1,0,0,40,<=50K
21725,68,192052,10,0,2457,40,<=50K
21726,41,193524,9,0,1485,40,<=50K
21727,25,213385,9,0,0,40,<=50K
21728,23,38238,13,0,0,40,<=50K
21730,17,202344,6,0,0,25,<=50K
21731,45,43434,13,0,0,40,<=50K
21734,49,247378,10,0,0,20,<=50K
21736,29,184078,9,0,0,40,<=50K
21737,21,102942,10,0,2001,40,<=50K
21738,20,258430,10,0,0,19,<=50K
21739,59,244554,7,0,0,35,<=50K
21740,26,252565,6,0,0,55,<=50K
21741,25,262778,14,0,0,37,<=50K
21743,35,65706,9,0,0,40,<=50K
21745,66,350498,10,0,0,28,<=50K
21746,67,159542,3,0,0,40,<=50K
21747,33,142383,12,0,0,36,<=50K
21748,38,229236,9,0,0,40,<=50K
21749,72,56559,9,0,0,12,<=50K
21750,21,27049,10,0,0,12,<=50K
21751,39,36376,10,0,0,60,<=50K
21753,22,246965,10,0,0,12,<=50K
21755,24,268525,13,0,0,32,<=50K
21756,25,456604,7,0,0,40,<=50K
21757,26,223464,10,0,0,40,<=50K
21758,50,341797,9,0,0,40,<=50K
21759,23,174461,9,0,0,40,<=50K
21760,41,392167,6,0,0,48,<=50K
21761,60,210064,9,0,0,40,<=50K
21762,67,233182,9,0,0,7,<=50K
21763,77,177550,13,3818,0,14,<=50K
21764,62,143312,10,0,0,60,<=50K
21765,22,326334,10,0,0,35,<=50K
21766,37,179088,10,0,0,40,<=50K
21767,17,207637,7,0,0,10,<=50K
21769,31,36069,9,0,0,35,<=50K
21770,23,53245,13,0,0,40,<=50K
21771,27,399904,9,0,0,50,<=50K
21772,38,199346,10,0,0,45,<=50K
21773,23,343019,6,0,0,40,<=50K
21774,22,232742,10,0,0,40,<=50K
21775,61,390472,9,0,0,40,<=50K
21776,55,290124,3,0,0,40,<=50K
21777,23,242912,10,4650,0,40,<=50K
21778,39,70240,3,0,0,40,<=50K
21780,25,153841,10,0,0,40,<=50K
21781,25,137367,13,0,0,44,<=50K
21782,66,313255,10,0,0,24,<=50K
21783,30,100734,10,0,0,40,<=50K
21784,32,248584,9,0,0,40,<=50K
21786,18,335065,4,0,0,30,<=50K
21787,20,219262,7,0,0,60,<=50K
21788,20,186830,9,0,0,45,<=50K
21789,34,226385,14,0,0,40,<=50K
21790,33,609789,12,0,0,40,<=50K
21791,40,307767,9,0,0,60,<=50K
21793,30,104052,9,0,1741,42,<=50K
21794,41,160893,1,0,0,30,<=50K
21795,20,68358,10,0,0,12,<=50K
21797,44,71269,13,0,0,40,<=50K
21798,50,71898,3,0,0,35,<=50K
21799,38,212048,15,0,0,30,<=50K
21800,30,115040,9,0,0,25,<=50K
21801,45,111994,10,4650,0,40,<=50K
21802,25,210794,13,0,0,40,<=50K
21803,22,88126,10,0,0,40,<=50K
21804,25,570821,10,0,0,40,<=50K
21805,63,146196,13,0,0,40,<=50K
21807,26,63577,10,0,0,30,<=50K
21808,22,208946,10,0,0,40,<=50K
21809,41,26598,9,0,0,40,<=50K
21810,21,189203,11,0,0,40,<=50K
21811,39,183892,9,0,0,40,<=50K
21812,82,194590,11,0,0,8,<=50K
21813,18,188616,7,0,0,15,<=50K
21814,60,116707,7,0,0,40,<=50K
21815,22,99199,10,0,0,20,<=50K
21817,34,110476,9,0,0,40,<=50K
21818,50,157043,14,2202,0,30,<=50K
21819,53,150726,10,0,0,40,<=50K
21820,27,214695,9,0,0,60,<=50K
21821,37,172694,10,0,0,50,<=50K
21822,25,344804,9,0,0,50,<=50K
21823,33,319422,10,0,0,60,<=50K
21824,34,327902,13,0,0,55,<=50K
21825,35,438176,11,0,0,65,<=50K
21827,33,219838,6,0,0,40,<=50K
21829,25,156848,10,0,0,40,<=50K
21830,56,190257,4,0,0,40,<=50K
21832,36,65624,13,0,0,40,<=50K
21835,88,187097,15,0,0,40,<=50K
21836,60,264314,10,0,0,35,<=50K
21837,40,282678,14,0,0,20,<=50K
21838,21,188923,10,0,0,55,<=50K
21839,46,114797,9,0,0,36,<=50K
21840,56,245215,16,0,0,50,<=50K
21841,36,36270,9,0,0,60,<=50K
21842,67,107138,10,0,0,40,<=50K
21843,35,77820,10,0,0,60,<=50K
21844,20,39477,10,0,0,40,<=50K
21845,34,58305,9,0,1573,40,<=50K
21846,23,359759,9,0,0,40,<=50K
21847,19,249147,9,0,0,30,<=50K
21848,19,44797,10,0,0,15,<=50K
21849,25,164488,10,0,0,40,<=50K
21850,53,48413,9,0,0,40,<=50K
21851,18,261276,10,0,1602,40,<=50K
21852,31,36592,9,0,0,91,<=50K
21853,33,280923,4,0,0,40,<=50K
21854,33,29617,10,0,0,40,<=50K
21856,35,189240,10,0,0,40,<=50K
21857,20,37932,9,0,0,40,<=50K
21858,36,181705,7,0,0,40,<=50K
21859,36,147548,9,0,0,85,<=50K
21860,51,306784,9,0,0,30,<=50K
21861,45,260953,14,0,0,40,<=50K
21863,24,230229,3,0,0,40,<=50K
21864,28,46987,11,2174,0,36,<=50K
21865,63,301108,7,0,0,22,<=50K
21867,25,37741,13,0,0,40,<=50K
21869,44,150076,9,0,0,30,<=50K
21870,49,148254,9,0,0,28,<=50K
21871,52,183611,2,0,0,40,<=50K
21872,27,258768,13,0,0,40,<=50K
21873,35,287658,10,0,0,40,<=50K
21875,49,31267,4,0,0,40,<=50K
21877,28,250135,10,0,0,40,<=50K
21878,37,176073,10,0,0,50,<=50K
21879,65,23580,13,0,0,40,<=50K
21880,24,163665,13,0,0,40,<=50K
21881,30,43953,12,0,0,40,<=50K
21882,38,144860,9,0,0,65,<=50K
21886,42,336891,10,0,0,40,<=50K
21888,17,171080,8,0,0,20,<=50K
21889,42,143342,10,0,0,40,<=50K
21890,25,281627,14,0,0,40,<=50K
21893,29,157262,14,0,0,45,<=50K
21895,71,303860,14,2050,0,20,<=50K
21896,34,104293,13,0,0,40,<=50K
21897,25,195481,9,0,0,40,<=50K
21898,40,193995,9,0,0,30,<=50K
21899,67,105216,10,0,0,25,<=50K
21901,18,173585,9,0,0,18,<=50K
21903,38,248919,7,0,0,40,<=50K
21904,42,280410,9,0,0,40,<=50K
21905,36,170861,9,0,0,32,<=50K
21906,23,409230,2,0,0,40,<=50K
21907,56,340171,9,0,0,40,<=50K
21909,22,416356,10,0,0,40,<=50K
21910,39,261504,8,0,0,40,<=50K
21911,36,205555,15,0,0,40,<=50K
21913,38,153685,7,0,0,52,<=50K
21914,19,169758,10,0,0,40,<=50K
21915,37,99374,6,0,0,55,<=50K
21916,57,139452,9,0,0,16,<=50K
21917,54,227832,8,0,0,40,<=50K
21918,18,213024,10,0,0,30,<=50K
21919,22,24008,10,0,0,72,<=50K
21920,63,33487,4,0,0,40,<=50K
21921,38,187934,9,0,0,20,<=50K
21922,26,421561,7,0,0,25,<=50K
21923,40,109969,7,0,0,20,<=50K
21924,20,116830,9,0,0,40,<=50K
21925,39,117166,6,2635,0,40,<=50K
21926,28,106951,9,0,0,42,<=50K
21928,42,194537,9,0,0,40,<=50K
21929,42,144002,9,0,0,50,<=50K
21930,21,202214,9,0,0,40,<=50K
21931,40,109762,10,0,0,40,<=50K
21932,36,292570,7,0,0,40,<=50K
21933,67,105252,10,7978,0,35,<=50K
21934,65,94552,10,0,0,40,<=50K
21935,50,46401,13,0,0,50,<=50K
21936,18,151150,6,0,0,27,<=50K
21937,31,197689,9,0,0,38,<=50K
21939,20,181761,9,0,0,40,<=50K
21940,34,381153,9,0,0,40,<=50K
21941,24,165474,9,0,0,39,<=50K
21942,38,190174,9,0,0,40,<=50K
21943,17,295991,6,0,0,20,<=50K
21944,52,198262,9,0,0,30,<=50K
21946,30,411560,9,0,0,40,<=50K
21947,49,262116,15,0,0,48,<=50K
21948,45,178922,5,0,0,15,<=50K
21951,21,103277,8,4508,0,30,<=50K
21952,17,216086,7,0,0,30,<=50K
21953,23,636017,10,0,0,40,<=50K
21954,32,155781,10,0,0,40,<=50K
21955,22,136873,10,0,0,40,<=50K
21957,27,346406,13,0,0,50,<=50K
21958,43,117915,14,0,0,40,<=50K
21959,44,19914,9,0,0,50,<=50K
21961,31,703107,9,0,0,40,<=50K
21962,34,62374,9,0,0,48,<=50K
21963,34,96245,9,0,0,40,<=50K
21964,37,348796,13,0,0,40,<=50K
21965,21,136873,10,0,0,10,<=50K
21966,35,388252,11,0,0,40,<=50K
21967,28,47783,10,0,0,30,<=50K
21968,62,194167,9,2174,0,40,<=50K
21969,40,544792,10,0,0,40,<=50K
21970,34,434463,13,0,0,39,<=50K
21971,32,317219,14,0,1590,40,<=50K
21972,70,221603,10,0,0,34,<=50K
21973,23,233711,9,0,0,50,<=50K
21974,30,111567,9,0,0,48,<=50K
21975,57,79830,9,0,0,40,<=50K
21977,24,239663,6,0,0,40,<=50K
21979,38,409189,4,0,0,40,<=50K
21980,48,135525,12,0,0,40,<=50K
21981,43,152159,13,0,0,40,<=50K
21982,18,141363,10,0,0,40,<=50K
21984,42,42907,9,0,0,48,<=50K
21985,30,161815,10,0,0,35,<=50K
21987,48,395368,10,0,0,40,<=50K
21988,70,184176,9,0,0,28,<=50K
21989,37,112660,5,0,0,35,<=50K
21990,51,183709,11,0,0,40,<=50K
21991,35,434114,9,0,0,40,<=50K
21994,26,335533,9,0,0,20,<=50K
21995,26,176146,3,0,0,35,<=50K
21996,19,272063,9,0,0,35,<=50K
21997,34,169564,9,0,0,40,<=50K
21999,25,69847,13,0,0,40,<=50K
22001,22,175431,9,0,0,20,<=50K
22002,32,228357,11,0,0,40,<=50K
22003,72,284120,10,0,0,40,<=50K
22004,36,109133,9,0,0,40,<=50K
22006,76,42209,5,0,0,25,<=50K
22007,37,282951,9,0,0,40,<=50K
22009,44,261899,10,0,0,44,<=50K
22011,53,71417,16,0,0,40,<=50K
22012,28,239130,10,0,0,50,<=50K
22013,69,200560,13,0,0,20,<=50K
22014,20,157541,10,0,0,27,<=50K
22015,33,255004,10,0,0,50,<=50K
22018,22,39615,10,0,0,45,<=50K
22019,20,47678,9,0,0,40,<=50K
22020,42,281315,13,0,0,50,<=50K
22021,23,176123,9,0,0,40,<=50K
22022,24,165350,9,0,0,50,<=50K
22023,32,235862,10,0,0,45,<=50K
22024,41,142579,13,0,0,50,<=50K
22025,35,38294,9,0,0,40,<=50K
22027,25,189850,10,0,0,40,<=50K
22028,34,145874,16,0,0,20,<=50K
22029,23,139012,11,0,0,40,<=50K
22031,55,173090,14,0,0,45,<=50K
22032,26,104834,14,0,1669,40,<=50K
22033,42,195124,9,0,0,60,<=50K
22034,39,32146,14,0,0,60,<=50K
22036,42,190403,10,0,0,60,<=50K
22037,25,247025,13,3325,0,48,<=50K
22038,27,198258,13,0,0,35,<=50K
22039,30,172748,4,0,0,40,<=50K
22042,58,175017,13,0,0,25,<=50K
22043,18,170183,9,0,0,20,<=50K
22044,52,150812,10,0,0,35,<=50K
22045,24,241185,9,0,0,48,<=50K
22047,35,30529,9,0,0,40,<=50K
22048,31,301637,11,0,0,40,<=50K
22051,21,242912,9,0,0,35,<=50K
22052,52,191529,10,0,1740,60,<=50K
22053,24,117363,13,0,0,35,<=50K
22054,22,333158,9,0,0,48,<=50K
22055,39,193260,10,0,0,25,<=50K
22056,34,278378,9,0,0,40,<=50K
22058,26,102476,13,0,0,25,<=50K
22059,29,26451,9,0,0,40,<=50K
22060,67,209137,13,0,0,40,<=50K
22061,28,210945,12,0,0,35,<=50K
22062,62,115023,10,0,0,40,<=50K
22064,36,150057,10,0,0,65,<=50K
22065,18,128086,8,0,0,18,<=50K
22066,25,28473,11,0,0,40,<=50K
22067,48,155509,10,0,0,40,<=50K
22068,56,165315,6,0,0,70,<=50K
22069,30,171889,15,0,0,24,<=50K
22070,41,185057,9,0,0,40,<=50K
22072,36,166606,7,0,0,40,<=50K
22073,30,97453,9,0,0,54,<=50K
22074,27,136094,9,0,0,40,<=50K
22075,19,61855,9,0,0,30,<=50K
22076,30,182771,13,0,0,15,<=50K
22077,47,418961,11,0,0,25,<=50K
22079,31,81846,9,0,0,40,<=50K
22080,44,105936,12,0,0,40,<=50K
22081,37,36425,9,0,0,40,<=50K
22082,28,595088,10,0,0,63,<=50K
22083,38,149018,9,0,0,40,<=50K
22084,26,229613,9,0,0,40,<=50K
22086,40,70539,10,4386,0,50,<=50K
22088,31,193215,10,0,0,50,<=50K
22089,18,137363,9,0,0,40,<=50K
22090,43,104892,9,0,0,45,<=50K
22091,30,149427,9,0,0,35,<=50K
22092,19,176634,9,0,0,40,<=50K
22093,36,183279,9,0,0,40,<=50K
22094,19,225775,10,0,0,40,<=50K
22095,25,202091,14,0,0,60,<=50K
22096,36,123151,7,0,0,60,<=50K
22097,22,168187,10,0,0,50,<=50K
22098,42,33521,13,0,0,40,<=50K
22099,33,243678,10,0,0,40,<=50K
22100,38,164898,9,0,0,40,<=50K
22101,21,262280,10,3781,0,40,<=50K
22102,33,290614,9,0,0,40,<=50K
22103,52,199265,9,0,0,40,<=50K
22104,30,207668,10,0,0,30,<=50K
22105,18,30687,10,0,0,10,<=50K
22106,24,27939,10,0,0,24,<=50K
22107,17,438996,6,0,0,40,<=50K
22108,48,152915,10,0,0,40,<=50K
22109,66,186030,4,0,0,32,<=50K
22110,46,297759,10,0,0,40,<=50K
22112,28,206088,13,0,0,40,<=50K
22113,33,182792,9,0,0,40,<=50K
22114,44,167725,9,0,0,24,<=50K
22115,43,160674,9,0,0,40,<=50K
22116,42,194710,10,0,0,40,<=50K
22117,39,255027,11,0,0,40,<=50K
22118,23,204641,6,0,0,50,<=50K
22119,20,177787,10,0,0,20,<=50K
22121,54,91506,10,0,0,65,<=50K
22122,34,198634,11,0,0,40,<=50K
22124,59,135647,7,0,0,60,<=50K
22125,40,55508,4,0,0,40,<=50K
22126,37,174912,9,0,0,40,<=50K
22127,45,175925,9,0,0,40,<=50K
22130,67,81761,14,0,0,2,<=50K
22131,49,102318,12,0,0,25,<=50K
22133,56,107314,10,0,0,40,<=50K
22134,29,114158,10,0,0,40,<=50K
22135,33,124052,9,0,0,40,<=50K
22136,25,144301,10,0,0,42,<=50K
22138,23,234663,9,0,0,40,<=50K
22139,39,178948,9,0,0,50,<=50K
22143,26,212798,13,0,0,45,<=50K
22144,57,192258,10,0,0,40,<=50K
22147,27,160972,9,0,0,50,<=50K
22148,21,322931,10,0,0,55,<=50K
22149,22,403519,9,0,0,40,<=50K
22150,43,330174,9,0,0,40,<=50K
22151,20,278155,10,0,0,40,<=50K
22154,42,336643,11,0,0,40,<=50K
22155,29,264166,11,0,0,45,<=50K
22157,28,27044,12,0,0,43,<=50K
22159,26,159759,13,0,0,40,<=50K
22160,29,385092,10,0,0,36,<=50K
22161,42,188808,13,0,0,30,<=50K
22162,30,167476,9,0,0,50,<=50K
22163,21,194096,10,0,0,10,<=50K
22165,21,102323,10,0,0,30,<=50K
22166,56,232139,9,0,0,40,<=50K
22167,39,341741,1,0,0,12,<=50K
22168,21,206008,10,0,0,50,<=50K
22170,35,372130,9,0,0,40,<=50K
22172,23,140764,11,0,0,15,<=50K
22173,17,161259,6,0,0,12,<=50K
22175,35,187046,14,0,0,50,<=50K
22176,22,137591,10,0,0,35,<=50K
22177,53,274276,9,0,0,40,<=50K
22178,42,341757,10,0,0,40,<=50K
22179,36,218542,9,0,0,40,<=50K
22180,44,190020,13,0,0,50,<=50K
22182,39,52187,9,0,0,40,<=50K
22183,59,158776,5,0,0,40,<=50K
22184,34,51543,10,0,0,48,<=50K
22185,17,146329,8,0,0,23,<=50K
22186,31,397467,9,0,0,40,<=50K
22187,59,105592,10,0,0,12,<=50K
22188,39,78171,10,0,0,40,<=50K
22190,31,258932,9,0,0,80,<=50K
22191,27,38606,13,0,1504,45,<=50K
22192,18,219841,7,0,0,12,<=50K
22195,48,192161,13,0,0,43,<=50K
22196,53,208570,9,0,0,26,<=50K
22198,43,151089,10,0,0,50,<=50K
22199,50,163002,9,0,0,40,<=50K
22200,56,155657,4,0,0,20,<=50K
22201,27,217530,9,0,0,40,<=50K
22202,20,244406,9,0,0,40,<=50K
22203,18,152182,6,0,0,6,<=50K
22205,38,201454,10,0,0,40,<=50K
22206,40,144371,13,0,0,15,<=50K
22207,55,277034,10,0,0,40,<=50K
22209,26,200681,9,0,0,40,<=50K
22211,22,192017,9,0,0,40,<=50K
22212,52,84808,9,0,0,40,<=50K
22213,33,100154,6,0,0,40,<=50K
22215,19,43887,9,0,0,10,<=50K
22216,45,54260,10,0,0,99,<=50K
22217,53,159876,9,3103,0,72,<=50K
22218,46,160474,9,0,1590,43,<=50K
22219,25,476334,10,0,0,40,<=50K
22220,90,52386,13,0,0,40,<=50K
22221,33,83671,9,0,0,40,<=50K
22222,45,172960,10,0,0,70,<=50K
22224,38,40955,14,0,0,43,<=50K
22226,37,175643,9,0,0,30,<=50K
22229,18,40822,7,0,0,15,<=50K
22230,44,228729,9,0,0,40,<=50K
22231,50,240496,10,0,0,36,<=50K
22232,26,51961,13,0,0,20,<=50K
22233,36,174887,10,0,0,40,<=50K
22234,37,95855,7,0,0,40,<=50K
22235,32,362259,13,0,0,40,<=50K
22236,38,30916,12,0,0,60,<=50K
22237,62,153148,9,0,0,84,<=50K
22238,46,167915,9,0,0,40,<=50K
22239,41,45156,9,2174,0,41,<=50K
22240,37,98776,9,0,0,15,<=50K
22241,27,209801,10,0,0,45,<=50K
22242,38,183800,12,0,0,40,<=50K
22243,35,54595,8,0,0,40,<=50K
22244,34,79637,13,0,0,40,<=50K
22245,50,126566,9,0,0,40,<=50K
22247,67,191800,13,6360,0,35,<=50K
22248,34,527162,10,0,0,30,<=50K
22249,19,139466,10,0,0,25,<=50K
22250,23,64520,9,0,0,30,<=50K
22253,17,350995,8,0,0,16,<=50K
22255,25,143267,9,0,0,48,<=50K
22256,21,346341,10,0,0,40,<=50K
22258,17,153035,6,0,0,20,<=50K
22259,63,200127,9,0,0,40,<=50K
22260,31,204470,14,0,0,43,<=50K
22261,45,353012,9,0,0,40,<=50K
22262,25,194342,9,0,0,40,<=50K
22263,20,57898,8,0,0,40,<=50K
22264,31,164707,10,0,0,40,<=50K
22265,42,269028,16,0,0,40,<=50K
22267,47,160647,9,0,0,46,<=50K
22268,69,125437,9,0,0,32,<=50K
22269,42,246011,13,0,0,55,<=50K
22270,19,216937,9,0,0,60,<=50K
22271,56,66356,10,0,0,50,<=50K
22273,61,197311,14,0,0,40,<=50K
22274,38,301743,9,0,0,35,<=50K
22277,35,32528,9,0,0,50,<=50K
22278,27,177119,10,0,0,44,<=50K
22281,20,145917,10,0,0,15,<=50K
22283,59,176011,10,0,0,40,<=50K
22286,53,155963,13,0,0,30,<=50K
22287,20,360457,10,0,0,30,<=50K
22290,33,100734,9,0,0,55,<=50K
22291,35,188972,9,0,0,30,<=50K
22292,22,162667,9,0,0,50,<=50K
22294,29,180758,14,0,0,40,<=50K
22295,56,346635,14,0,2339,60,<=50K
22296,23,46645,13,0,0,25,<=50K
22297,30,203258,9,0,0,35,<=50K
22298,17,134480,7,0,0,25,<=50K
22299,35,85548,10,0,0,40,<=50K
22300,25,195994,2,0,0,40,<=50K
22302,42,227466,9,0,0,40,<=50K
22303,19,68552,9,0,0,30,<=50K
22304,32,252257,12,0,0,45,<=50K
22305,44,30126,10,0,0,40,<=50K
22307,47,171968,13,0,0,60,<=50K
22308,24,205839,10,0,0,40,<=50K
22310,42,150568,9,0,0,45,<=50K
22311,19,382738,9,0,0,40,<=50K
22312,37,138940,7,0,0,37,<=50K
22313,26,258306,6,0,0,99,<=50K
22314,25,190107,9,0,1719,16,<=50K
22315,52,152373,10,0,0,40,<=50K
22316,50,141875,9,0,0,40,<=50K
22318,32,157289,9,0,0,40,<=50K
22319,37,184498,9,0,0,40,<=50K
22320,42,109684,14,0,1741,35,<=50K
22321,47,199832,9,0,0,40,<=50K
22322,47,23545,10,0,0,40,<=50K
22324,27,52028,13,0,0,40,<=50K
22325,61,315977,9,0,0,40,<=50K
22326,47,202322,3,0,0,40,<=50K
22327,30,251825,12,0,0,40,<=50K
22330,69,145656,10,0,0,24,<=50K
22333,42,27242,7,0,0,60,<=50K
22336,26,300290,7,0,0,40,<=50K
22339,32,339482,3,0,0,60,<=50K
22340,51,100933,9,0,0,40,<=50K
22341,29,354558,9,0,0,60,<=50K
22342,38,162613,14,0,2258,60,<=50K
22343,64,285052,10,0,0,10,<=50K
22344,26,175044,10,0,0,40,<=50K
22345,68,45508,3,0,0,22,<=50K
22346,32,173351,9,0,0,48,<=50K
22347,29,173611,10,0,0,40,<=50K
22348,51,182543,2,0,0,40,<=50K
22349,21,143062,9,0,0,40,<=50K
22350,26,137951,6,0,0,40,<=50K
22351,33,293063,13,0,0,40,<=50K
22352,26,377754,9,0,0,40,<=50K
22353,52,152373,9,2105,0,40,<=50K
22354,31,193477,9,0,0,55,<=50K
22355,29,277323,9,0,0,45,<=50K
22356,19,69182,10,0,0,27,<=50K
22357,51,219599,9,0,0,40,<=50K
22358,45,129371,5,0,0,40,<=50K
22359,20,470875,9,0,0,32,<=50K
22360,40,201734,10,0,0,48,<=50K
22362,52,91689,10,0,0,40,<=50K
22363,46,166546,10,0,0,24,<=50K
22364,24,293324,9,0,0,40,<=50K
22365,20,219262,5,0,0,50,<=50K
22366,38,403391,13,0,0,60,<=50K
22367,44,367749,13,0,0,45,<=50K
22368,24,128487,13,0,0,40,<=50K
22370,49,240869,4,0,0,35,<=50K
22371,36,163278,14,0,0,40,<=50K
22372,31,416415,9,0,0,45,<=50K
22373,46,280030,3,0,0,40,<=50K
22374,46,251243,10,0,0,40,<=50K
22376,29,161857,9,0,0,40,<=50K
22377,37,160035,9,0,0,40,<=50K
22378,44,190205,4,0,0,25,<=50K
22379,28,161290,10,0,0,40,<=50K
22380,28,112403,13,0,0,40,<=50K
22381,48,238726,9,0,0,40,<=50K
22382,52,164530,7,0,0,20,<=50K
22383,19,456572,9,0,0,35,<=50K
22386,37,102953,9,0,0,40,<=50K
22387,22,224238,10,0,0,2,<=50K
22391,38,331395,4,3942,0,84,<=50K
22392,40,261497,9,0,0,35,<=50K
22393,58,365511,10,0,0,40,<=50K
22395,26,190350,13,0,0,35,<=50K
22396,17,166759,8,0,0,40,<=50K
22397,49,168262,6,0,0,48,<=50K
22400,26,375980,9,0,0,37,<=50K
22401,40,406463,14,0,0,40,<=50K
22403,60,78913,10,0,0,50,<=50K
22404,28,69107,9,0,0,40,<=50K
22405,22,182387,10,0,0,12,<=50K
22406,31,169002,9,0,0,55,<=50K
22408,34,422836,9,0,0,40,<=50K
22409,27,230922,14,0,0,40,<=50K
22410,40,195892,10,0,0,40,<=50K
22411,68,163346,9,0,0,32,<=50K
22412,51,82566,9,0,0,50,<=50K
22413,55,86505,9,0,0,20,<=50K
22415,23,173945,13,0,0,27,<=50K
22416,48,176810,9,0,0,40,<=50K
22417,42,23813,10,2885,0,30,<=50K
22419,32,343789,9,5013,0,55,<=50K
22422,71,52171,4,0,0,45,<=50K
22423,17,566049,6,0,0,8,<=50K
22425,26,39014,8,0,0,40,<=50K
22426,17,51939,7,0,0,15,<=50K
22429,33,112847,9,0,0,40,<=50K
22431,59,138370,6,0,0,40,<=50K
22433,46,180505,9,0,0,40,<=50K
22434,45,168262,14,0,0,40,<=50K
22435,27,85126,9,0,0,40,<=50K
22436,31,113838,13,0,0,50,<=50K
22437,32,197457,9,1471,0,38,<=50K
22438,28,197905,9,0,0,50,<=50K
22440,36,336367,12,0,0,50,<=50K
22442,23,209955,9,0,0,40,<=50K
22444,37,224541,10,0,0,40,<=50K
22445,36,275653,4,2977,0,40,<=50K
22446,45,88061,7,0,0,40,<=50K
22450,26,154093,9,0,0,40,<=50K
22453,24,379418,10,0,0,40,<=50K
22454,67,286372,13,0,0,40,<=50K
22457,21,270043,10,0,0,16,<=50K
22459,33,159888,7,0,0,40,<=50K
22460,48,278039,9,0,0,60,<=50K
22461,21,265434,10,0,0,30,<=50K
22463,24,208882,9,0,0,40,<=50K
22464,24,229393,7,2463,0,40,<=50K
22465,23,53513,13,0,0,45,<=50K
22466,40,225193,9,0,0,63,<=50K
22468,42,175674,9,0,0,60,<=50K
22469,45,368947,13,0,0,40,<=50K
22471,53,203173,11,0,0,45,<=50K
22472,25,267431,13,0,0,55,<=50K
22473,32,111836,10,0,0,50,<=50K
22474,34,198613,7,0,0,25,<=50K
22476,57,121111,9,0,0,40,<=50K
22477,25,130397,6,0,0,40,<=50K
22478,40,212847,10,0,2179,40,<=50K
22479,17,184198,7,0,0,13,<=50K
22480,17,121287,5,0,0,40,<=50K
22481,82,120408,10,0,0,20,<=50K
22482,40,164678,12,0,0,32,<=50K
22483,26,388812,10,0,0,35,<=50K
22484,37,294919,10,0,0,40,<=50K
22485,25,101684,6,0,0,40,<=50K
22487,39,123983,13,0,0,40,<=50K
22488,36,340001,9,0,0,40,<=50K
22489,37,203828,9,0,0,45,<=50K
22490,23,183789,9,0,0,40,<=50K
22492,63,174181,13,0,0,20,<=50K
22493,59,131869,9,0,0,35,<=50K
22494,49,43479,10,0,0,40,<=50K
22495,62,203126,5,0,0,40,<=50K
22496,17,118792,7,0,0,9,<=50K
22497,28,272913,6,0,0,30,<=50K
22498,45,222011,13,0,0,40,<=50K
22499,40,301007,13,0,0,60,<=50K
22500,45,197731,9,0,0,40,<=50K
22501,20,173736,5,0,0,40,<=50K
22502,19,182590,6,0,0,38,<=50K
22504,41,24763,9,7443,0,40,<=50K
22507,31,281030,9,0,0,45,<=50K
22508,21,234108,10,0,0,40,<=50K
22509,27,46868,13,0,0,15,<=50K
22510,20,162667,9,0,0,40,<=50K
22511,51,173291,9,0,0,40,<=50K
22512,46,305160,2,0,0,40,<=50K
22514,39,112284,14,0,0,40,<=50K
22517,21,145389,10,0,0,25,<=50K
22520,44,187720,9,0,0,41,<=50K
22522,42,208726,10,0,0,45,<=50K
22523,34,203488,9,0,0,40,<=50K
22524,46,330416,10,0,0,40,<=50K
22525,35,25803,9,0,0,40,<=50K
22528,30,329425,9,0,0,40,<=50K
22529,22,185452,13,0,0,40,<=50K
22530,21,201179,9,0,0,40,<=50K
22531,40,182268,1,0,0,40,<=50K
22532,56,95763,9,0,0,55,<=50K
22533,48,125892,5,0,0,40,<=50K
22534,21,121407,11,0,0,36,<=50K
22535,52,373367,7,0,0,40,<=50K
22538,30,156890,9,0,0,45,<=50K
22539,31,156763,9,2829,0,40,<=50K
22540,43,244172,9,0,0,35,<=50K
22541,36,219814,5,0,0,35,<=50K
22542,42,171841,15,0,0,60,<=50K
22545,65,174904,9,0,0,40,<=50K
22548,43,388725,12,0,0,40,<=50K
22549,24,215712,10,0,0,35,<=50K
22550,44,171722,9,0,0,39,<=50K
22551,25,193051,9,0,0,25,<=50K
22552,21,305446,10,0,0,40,<=50K
22553,29,146949,11,0,0,43,<=50K
22554,21,322144,10,0,0,40,<=50K
22556,64,380687,13,0,0,8,<=50K
22557,55,95149,10,0,0,99,<=50K
22558,42,68469,9,0,0,40,<=50K
22559,63,27653,9,0,0,35,<=50K
22560,21,410439,10,0,0,24,<=50K
22561,28,37821,11,0,0,55,<=50K
22562,45,228570,9,0,0,35,<=50K
22563,21,141453,9,0,0,40,<=50K
22565,53,48641,8,0,0,35,<=50K
22566,45,185385,9,0,0,40,<=50K
22567,47,341471,9,0,0,4,<=50K
22568,41,163322,7,0,0,36,<=50K
22571,53,287192,2,0,0,32,<=50K
22572,34,215047,10,0,0,45,<=50K
22575,53,137192,13,0,0,50,<=50K
22576,33,275369,4,0,0,35,<=50K
22577,45,99971,9,0,0,50,<=50K
22579,42,253770,10,0,0,40,<=50K
22581,46,31267,9,0,0,50,<=50K
22582,17,198146,7,0,0,16,<=50K
22583,23,178207,10,0,0,35,<=50K
22584,21,317175,9,0,0,60,<=50K
22585,53,221791,9,0,0,40,<=50K
22587,58,280519,9,0,0,40,<=50K
22588,36,207568,9,0,0,50,<=50K
22589,45,192684,10,0,0,38,<=50K
22593,41,106900,13,0,0,38,<=50K
22594,30,48520,12,0,2002,40,<=50K
22595,50,55527,12,0,0,45,<=50K
22597,23,33884,10,0,0,40,<=50K
22598,41,29762,10,0,0,60,<=50K
22599,47,168109,9,0,0,70,<=50K
22600,51,207449,13,0,0,55,<=50K
22601,60,189098,9,0,0,40,<=50K
22602,51,194259,13,0,0,40,<=50K
22603,20,194630,10,0,0,40,<=50K
22604,29,179681,9,0,0,37,<=50K
22605,42,136996,10,0,0,48,<=50K
22606,32,143604,9,0,0,16,<=50K
22607,19,243373,8,1055,0,40,<=50K
22609,48,143281,9,0,0,48,<=50K
22610,38,185556,10,0,0,40,<=50K
22612,40,280433,13,0,0,50,<=50K
22614,38,103408,14,0,0,40,<=50K
22615,26,270151,13,0,0,40,<=50K
22616,23,96748,10,0,0,10,<=50K
22617,20,164775,3,0,0,40,<=50K
22618,49,190319,13,0,0,40,<=50K
22619,23,213115,9,0,0,40,<=50K
22621,43,112967,10,0,0,40,<=50K
22622,56,35373,10,0,0,30,<=50K
22623,60,220342,7,0,0,35,<=50K
22624,29,163167,9,0,0,40,<=50K
22625,25,404951,13,0,0,38,<=50K
22626,39,122032,11,0,0,40,<=50K
22627,37,143582,11,4101,0,35,<=50K
22628,38,108140,13,2202,0,45,<=50K
22629,47,251508,9,0,0,36,<=50K
22632,35,165930,10,0,0,40,<=50K
22633,25,178960,7,0,0,40,<=50K
22635,51,110458,13,0,0,40,<=50K
22636,21,202125,9,0,0,40,<=50K
22638,29,192924,11,0,0,40,<=50K
22639,34,340917,15,2829,0,50,<=50K
22641,20,196678,8,0,0,40,<=50K
22642,18,266489,10,0,0,50,<=50K
22645,27,215955,10,2829,0,40,<=50K
22646,23,215395,11,0,0,50,<=50K
22647,36,183898,13,0,0,60,<=50K
22648,48,97176,9,0,0,40,<=50K
22649,40,145160,10,0,0,43,<=50K
22650,51,357949,13,0,0,16,<=50K
22651,59,177120,5,0,0,40,<=50K
22652,32,288229,10,0,0,40,<=50K
22653,39,509060,10,0,0,40,<=50K
22654,32,47932,9,0,0,40,<=50K
22656,44,183829,13,0,0,38,<=50K
22657,51,138852,9,0,0,40,<=50K
22658,54,188186,9,0,0,20,<=50K
22659,22,34616,10,0,0,30,<=50K
22660,19,220819,9,0,0,40,<=50K
22661,31,281540,12,0,0,45,<=50K
22662,53,47396,9,0,0,40,<=50K
22663,28,141350,13,0,0,45,<=50K
22664,19,331433,9,0,0,32,<=50K
22666,21,241367,10,0,0,10,<=50K
22669,36,116138,9,0,0,40,<=50K
22670,18,193166,5,0,0,42,<=50K
22672,50,81548,9,0,0,40,<=50K
22673,18,167979,7,0,0,15,<=50K
22674,19,67759,9,0,0,43,<=50K
22676,49,403112,9,0,0,32,<=50K
22677,40,214891,13,0,0,45,<=50K
22678,31,142675,10,0,0,40,<=50K
22679,47,88500,9,0,0,35,<=50K
22680,35,145308,10,0,0,40,<=50K
22681,47,204377,10,0,0,20,<=50K
22682,43,260696,14,0,0,20,<=50K
22683,51,231181,10,0,0,21,<=50K
22685,76,178665,5,0,0,30,<=50K
22686,33,226267,4,0,0,43,<=50K
22687,19,111232,8,0,0,15,<=50K
22688,49,87928,11,5013,0,40,<=50K
22689,26,212748,9,0,0,40,<=50K
22690,23,110677,10,0,0,15,<=50K
22692,24,306779,10,0,0,65,<=50K
22693,48,318331,9,0,0,40,<=50K
22694,36,143385,10,0,0,40,<=50K
22695,33,288273,8,1471,0,40,<=50K
22698,22,194723,13,0,0,10,<=50K
22699,43,163985,9,0,0,40,<=50K
22700,31,189759,12,0,0,40,<=50K
22701,53,195922,14,0,0,40,<=50K
22702,36,54159,13,0,0,45,<=50K
22705,39,210626,9,0,0,40,<=50K
22706,24,448026,13,0,0,40,<=50K
22707,17,170916,6,0,1602,40,<=50K
22709,21,189749,10,0,0,40,<=50K
22711,34,253121,13,0,0,40,<=50K
22712,28,181776,10,0,0,40,<=50K
22714,20,70708,9,0,0,60,<=50K
22715,47,103406,9,0,0,40,<=50K
22717,26,213451,10,0,0,10,<=50K
22719,26,36201,13,0,0,50,<=50K
22721,17,173497,7,0,0,15,<=50K
22724,45,107231,13,0,0,45,<=50K
22725,23,216811,9,0,0,16,<=50K
22726,41,288679,9,0,0,40,<=50K
22727,26,105516,13,0,0,40,<=50K
22728,28,282972,13,0,0,4,<=50K
22729,18,117372,7,0,0,15,<=50K
22731,66,186032,11,2964,0,30,<=50K
22734,29,181822,13,0,0,40,<=50K
22736,34,112062,14,0,0,40,<=50K
22739,27,169460,13,0,0,40,<=50K
22740,25,240081,9,0,0,40,<=50K
22741,22,147655,10,0,0,40,<=50K
22742,26,90277,9,0,0,40,<=50K
22743,49,60751,9,0,0,40,<=50K
22744,44,194636,9,3137,0,50,<=50K
22745,37,154641,12,2105,0,50,<=50K
22746,39,491000,13,0,0,45,<=50K
22747,33,399088,9,0,0,40,<=50K
22750,40,34987,13,0,0,53,<=50K
22751,26,167835,13,0,0,20,<=50K
22752,31,288983,10,0,0,40,<=50K
22753,28,266070,10,0,0,40,<=50K
22754,71,110380,9,0,2467,52,<=50K
22755,25,31873,13,0,0,40,<=50K
22756,25,294400,4,0,0,60,<=50K
22757,19,184308,10,0,0,30,<=50K
22758,36,175769,15,0,0,60,<=50K
22759,56,182273,9,0,0,40,<=50K
22760,34,106541,10,0,0,40,<=50K
22763,22,223019,9,0,0,20,<=50K
22764,44,109273,10,0,0,38,<=50K
22765,60,95490,9,0,0,45,<=50K
22766,65,149131,7,0,0,40,<=50K
22768,53,82783,9,0,0,40,<=50K
22769,28,214858,9,0,0,40,<=50K
22770,41,170230,13,0,0,45,<=50K
22771,40,209344,9,0,0,15,<=50K
22772,35,90406,7,0,0,40,<=50K
22773,41,299813,5,0,0,70,<=50K
22774,28,188064,9,0,0,35,<=50K
22775,53,246117,9,0,0,40,<=50K
22776,26,132749,10,0,0,45,<=50K
22777,28,201099,9,0,0,40,<=50K
22778,27,97490,10,0,0,40,<=50K
22779,27,221252,9,0,0,8,<=50K
22781,53,161691,9,0,0,35,<=50K
22783,50,194514,14,0,0,50,<=50K
22784,30,278502,9,0,0,62,<=50K
22785,47,343742,9,0,0,40,<=50K
22786,27,204074,9,0,0,40,<=50K
22787,55,31965,10,0,0,40,<=50K
22788,21,143604,10,0,0,29,<=50K
22789,35,174308,10,0,0,40,<=50K
22790,31,162551,8,0,0,50,<=50K
22792,30,75167,13,0,0,55,<=50K
22794,19,93518,10,0,0,20,<=50K
22795,25,126797,9,0,0,40,<=50K
22796,57,25124,9,0,0,60,<=50K
22797,21,112137,10,0,0,20,<=50K
22798,30,58798,4,0,0,44,<=50K
22799,25,21472,10,0,0,22,<=50K
22801,26,149734,9,0,1594,40,<=50K
22802,42,52849,10,0,0,40,<=50K
22803,39,106347,10,0,0,47,<=50K
22804,48,199735,13,0,0,44,<=50K
22805,24,488541,10,0,0,35,<=50K
22807,53,172991,10,0,0,25,<=50K
22808,36,210945,10,0,0,70,<=50K
22809,34,157446,9,0,0,45,<=50K
22810,25,109390,9,0,0,70,<=50K
22813,31,203488,12,0,0,40,<=50K
22814,21,202871,9,0,0,20,<=50K
22815,33,175412,5,114,0,55,<=50K
22816,44,336906,10,0,0,40,<=50K
22818,30,79448,10,0,0,10,<=50K
22819,32,191731,10,0,0,40,<=50K
22820,46,233014,9,0,0,40,<=50K
22822,20,219211,10,0,0,20,<=50K
22823,35,94529,9,0,0,40,<=50K
22824,35,247547,9,0,0,40,<=50K
22825,29,29361,9,0,0,38,<=50K
22826,21,166851,9,0,0,40,<=50K
22828,33,153588,9,0,0,40,<=50K
22830,42,174112,14,0,0,40,<=50K
22831,33,520033,8,0,0,40,<=50K
22832,35,194828,10,0,0,40,<=50K
22833,32,216908,9,0,0,24,<=50K
22834,22,126613,10,0,0,20,<=50K
22835,61,26254,9,0,0,40,<=50K
22836,28,54042,11,2463,0,35,<=50K
22837,24,67804,9,0,0,40,<=50K
22838,58,53481,14,0,0,35,<=50K
22839,42,412379,9,0,0,40,<=50K
22841,26,256141,10,0,0,40,<=50K
22842,25,268222,9,0,0,40,<=50K
22843,59,99131,9,0,0,40,<=50K
22844,65,115498,13,3818,0,10,<=50K
22848,18,211177,8,0,0,20,<=50K
22849,18,115443,7,0,0,40,<=50K
22851,20,24896,9,0,0,20,<=50K
22852,19,184710,10,0,0,30,<=50K
22854,37,83893,11,0,0,40,<=50K
22855,23,113309,10,0,0,40,<=50K
22856,60,160625,10,0,0,47,<=50K
22857,17,340043,8,0,0,12,<=50K
22858,37,48976,13,4865,0,45,<=50K
22859,29,243875,11,0,0,40,<=50K
22860,34,554206,9,0,0,20,<=50K
22862,37,205359,10,0,0,15,<=50K
22863,47,167281,13,0,0,40,<=50K
22864,22,35663,9,0,0,40,<=50K
22865,61,357437,9,0,0,40,<=50K
22866,57,390856,3,0,0,45,<=50K
22869,40,180032,14,0,1669,40,<=50K
22871,40,101795,9,0,0,42,<=50K
22872,35,272019,7,0,2057,40,<=50K
22873,32,198068,7,0,0,40,<=50K
22874,49,199326,10,0,0,50,<=50K
22875,31,178841,9,0,0,40,<=50K
22876,58,136951,13,0,0,40,<=50K
22877,26,109240,13,0,0,50,<=50K
22878,35,128876,4,0,0,40,<=50K
22879,25,103358,10,0,0,40,<=50K
22880,43,354408,8,0,0,40,<=50K
22881,32,206051,10,0,0,35,<=50K
22883,48,143299,9,0,0,40,<=50K
22884,31,252210,3,0,0,40,<=50K
22885,20,129240,10,0,0,25,<=50K
22886,28,398918,9,0,0,40,<=50K
22887,50,240612,13,0,0,60,<=50K
22888,22,429346,9,0,0,40,<=50K
22889,19,123718,10,0,0,20,<=50K
22891,23,376416,9,0,0,40,<=50K
22892,24,234663,13,0,0,40,<=50K
22893,26,282142,11,0,0,40,<=50K
22894,45,208049,9,0,0,40,<=50K
22895,88,68539,10,0,0,40,<=50K
22896,19,126501,7,0,0,15,<=50K
22897,24,186452,9,0,0,50,<=50K
22898,84,127184,3,0,0,20,<=50K
22899,48,165267,6,0,0,40,<=50K
22900,46,124733,10,0,0,40,<=50K
22901,31,149726,9,0,0,50,<=50K
22902,58,41374,9,0,0,40,<=50K
22903,35,329759,9,0,0,40,<=50K
22904,36,212433,9,0,0,40,<=50K
22907,57,122497,5,0,0,52,<=50K
22908,30,118056,10,0,0,45,<=50K
22909,30,200892,14,0,0,40,<=50K
22911,30,84119,13,0,0,43,<=50K
22914,52,443742,10,0,0,60,<=50K
22915,27,104423,12,0,0,40,<=50K
22916,59,169133,9,0,0,45,<=50K
22917,21,185551,9,0,0,36,<=50K
22918,60,174486,9,0,0,40,<=50K
22920,24,196943,9,0,0,40,<=50K
22921,19,120691,9,0,0,25,<=50K
22922,60,198815,12,0,0,20,<=50K
22923,64,22186,10,0,0,35,<=50K
22926,51,138358,6,0,0,35,<=50K
22927,25,338013,10,0,0,40,<=50K
22928,17,332666,6,0,0,4,<=50K
22929,37,166339,10,0,0,40,<=50K
22930,74,392886,9,0,0,14,<=50K
22932,23,520759,9,0,0,30,<=50K
22934,20,387779,7,0,0,15,<=50K
22935,37,201531,9,0,0,40,<=50K
22936,46,123598,13,0,0,40,<=50K
22938,40,83859,9,0,0,30,<=50K
22939,50,24790,9,0,0,40,<=50K
22940,25,266820,1,0,0,35,<=50K
22941,44,85440,9,0,0,45,<=50K
22942,41,421837,9,0,0,40,<=50K
22944,38,224566,11,0,0,50,<=50K
22945,54,294991,6,0,0,40,<=50K
22946,40,189610,9,0,0,52,<=50K
22949,38,70995,9,0,0,45,<=50K
22950,20,215232,10,0,0,10,<=50K
22951,71,178295,12,0,0,3,<=50K
22952,35,56201,10,0,0,40,<=50K
22954,34,351810,13,0,0,45,<=50K
22955,56,144351,9,0,0,90,<=50K
22956,30,137613,14,0,0,20,<=50K
22957,17,54257,7,0,0,20,<=50K
22958,18,230373,7,594,0,4,<=50K
22959,35,98389,7,0,0,40,<=50K
22960,21,184135,9,0,0,1,<=50K
22961,46,140121,9,0,0,50,<=50K
22962,33,24504,10,0,0,60,<=50K
22963,27,129528,10,0,0,40,<=50K
22965,42,97142,4,0,0,40,<=50K
22966,35,201328,9,0,0,50,<=50K
22967,25,256620,13,0,0,40,<=50K
22972,47,112791,9,0,0,40,<=50K
22973,20,291407,7,0,0,40,<=50K
22974,32,239659,10,0,0,70,<=50K
22975,28,183151,9,0,0,50,<=50K
22976,58,97634,3,0,0,40,<=50K
22977,52,143807,9,0,0,40,<=50K
22979,30,170065,10,0,0,40,<=50K
22980,33,108328,10,6849,0,50,<=50K
22981,56,83696,13,0,0,38,<=50K
22982,21,204596,10,0,0,20,<=50K
22983,56,32604,10,0,0,40,<=50K
22986,20,85041,10,0,0,20,<=50K
22988,24,196280,13,0,0,30,<=50K
22989,52,38973,13,0,0,40,<=50K
22990,23,39182,9,0,0,40,<=50K
22992,40,694812,10,0,0,40,<=50K
22993,30,247444,10,0,0,40,<=50K
22994,41,294270,5,0,0,35,<=50K
22996,27,329426,14,0,0,37,<=50K
22997,19,174871,10,0,0,23,<=50K
22998,41,116103,10,0,0,50,<=50K
22999,27,206903,13,0,0,35,<=50K
23000,50,217577,9,0,0,40,<=50K
23001,29,337693,3,0,0,40,<=50K
23003,30,169186,9,0,0,60,<=50K
23004,48,109421,13,0,0,55,<=50K
23006,40,200479,11,0,0,40,<=50K
23007,27,221317,7,0,0,40,<=50K
23009,31,283531,9,0,0,20,<=50K
23012,64,307786,2,0,0,20,<=50K
23013,29,380560,5,0,0,40,<=50K
23014,38,147258,9,0,0,40,<=50K
23017,53,98791,10,0,0,40,<=50K
23019,70,135339,13,0,0,40,<=50K
23020,38,107303,9,0,0,40,<=50K
23021,36,152744,13,0,0,40,<=50K
23022,34,100079,13,0,0,55,<=50K
23023,24,117779,13,0,0,10,<=50K
23024,23,197613,10,0,0,40,<=50K
23025,21,411068,10,0,0,35,<=50K
23026,47,192984,10,0,0,40,<=50K
23027,59,66356,4,4865,0,40,<=50K
23030,18,146586,9,0,0,60,<=50K
23031,32,32406,13,0,0,50,<=50K
23032,33,578701,13,0,0,40,<=50K
23033,19,206777,9,0,0,40,<=50K
23034,27,133495,9,0,0,40,<=50K
23036,38,133299,12,0,0,40,<=50K
23037,20,24967,9,0,0,47,<=50K
23038,35,171968,9,0,0,70,<=50K
23039,22,412156,10,0,0,40,<=50K
23042,23,293565,6,0,0,40,<=50K
23043,26,226288,13,0,0,40,<=50K
23044,53,110445,10,0,0,60,<=50K
23046,39,174242,9,0,0,40,<=50K
23047,25,390316,5,0,0,40,<=50K
23048,18,298860,7,0,0,20,<=50K
23049,65,171584,13,0,0,40,<=50K
23050,49,232664,13,0,0,40,<=50K
23051,64,63676,6,0,0,40,<=50K
23053,56,175964,10,0,0,40,<=50K
23054,68,422013,9,0,3683,40,<=50K
23056,50,306707,9,0,0,12,<=50K
23057,45,177543,9,0,0,28,<=50K
23058,43,320277,13,0,0,40,<=50K
23059,39,129495,10,0,0,40,<=50K
23060,37,257042,9,1506,0,40,<=50K
23062,20,86318,10,0,0,10,<=50K
23063,36,280440,12,0,0,45,<=50K
23064,26,371556,10,0,0,40,<=50K
23065,36,408229,13,0,0,32,<=50K
23066,47,149337,13,0,0,60,<=50K
23067,34,209297,9,0,2001,40,<=50K
23068,53,355802,10,0,0,30,<=50K
23069,32,165949,13,0,1590,42,<=50K
23070,44,112507,3,0,0,40,<=50K
23071,25,462869,9,0,0,40,<=50K
23072,35,413648,3,0,0,36,<=50K
23073,34,29235,12,0,0,40,<=50K
23074,42,149823,10,0,0,40,<=50K
23075,47,39530,9,0,0,4,<=50K
23076,23,197387,9,0,0,37,<=50K
23077,56,255406,9,0,0,40,<=50K
23079,38,168322,9,0,0,60,<=50K
23081,47,115813,12,0,0,57,<=50K
23082,38,184456,9,3464,0,80,<=50K
23083,42,289636,9,0,0,46,<=50K
23084,48,101684,9,0,0,40,<=50K
23085,27,133425,9,0,0,50,<=50K
23086,40,349405,11,0,0,36,<=50K
23088,75,165968,11,0,0,30,<=50K
23090,46,268281,12,0,0,40,<=50K
23091,51,154949,9,0,0,40,<=50K
23092,34,176711,9,0,0,40,<=50K
23093,23,165064,10,0,0,40,<=50K
23094,32,213750,11,0,0,45,<=50K
23095,45,77132,10,0,0,55,<=50K
23096,21,109667,10,0,0,40,<=50K
23097,36,162164,9,0,0,44,<=50K
23098,40,219591,6,0,0,50,<=50K
23099,20,327462,6,0,0,40,<=50K
23100,68,236943,5,0,0,20,<=50K
23102,20,124751,10,0,0,24,<=50K
23104,27,98769,13,0,0,45,<=50K
23105,57,170066,11,0,0,40,<=50K
23107,47,22900,9,0,0,40,<=50K
23108,30,102130,10,0,0,40,<=50K
23109,17,215743,7,0,0,40,<=50K
23111,56,198277,8,0,0,40,<=50K
23112,20,243178,9,0,0,28,<=50K
23113,38,177305,13,0,0,38,<=50K
23114,19,167149,10,0,0,25,<=50K
23115,24,270872,9,594,0,40,<=50K
23116,31,382368,10,0,0,40,<=50K
23117,44,277144,13,0,0,60,<=50K
23118,21,145651,10,0,1602,12,<=50K
23119,41,171351,10,0,0,40,<=50K
23120,18,265099,7,0,0,16,<=50K
23121,23,105617,5,0,0,40,<=50K
23122,37,217689,10,0,0,32,<=50K
23123,46,81136,11,0,0,30,<=50K
23124,43,73883,13,0,0,45,<=50K
23125,31,339482,2,0,0,40,<=50K
23127,27,106316,15,0,0,12,<=50K
23128,64,198728,10,0,0,40,<=50K
23129,31,126501,11,0,0,40,<=50K
23130,48,233802,14,0,0,45,<=50K
23132,28,208249,10,0,0,24,<=50K
23133,42,188693,10,0,0,40,<=50K
23134,60,93272,4,0,0,60,<=50K
23135,17,159299,7,0,0,20,<=50K
23136,21,303588,10,0,0,30,<=50K
23137,46,35136,6,0,0,40,<=50K
23138,18,139576,9,0,0,40,<=50K
23139,22,252355,9,0,0,27,<=50K
23140,44,83812,13,0,0,60,<=50K
23141,36,89718,9,0,0,40,<=50K
23142,65,222810,11,0,0,40,<=50K
23143,26,456618,9,0,0,40,<=50K
23144,21,296158,6,0,0,25,<=50K
23145,41,162140,9,0,2339,40,<=50K
23146,28,36601,10,0,0,35,<=50K
23147,27,195337,10,0,0,40,<=50K
23148,19,282721,10,0,0,12,<=50K
23149,40,206049,10,0,0,40,<=50K
23150,19,223392,9,0,0,15,<=50K
23151,40,27821,11,2829,0,40,<=50K
23152,37,131827,9,0,0,40,<=50K
23154,34,69491,9,0,0,40,<=50K
23155,44,193755,12,0,0,40,<=50K
23156,33,598802,10,0,0,40,<=50K
23157,72,259762,9,2290,0,10,<=50K
23158,19,266255,9,0,0,40,<=50K
23159,59,32954,11,0,0,36,<=50K
23160,40,291808,9,0,0,40,<=50K
23161,35,190728,9,0,0,40,<=50K
23162,22,59184,12,0,0,45,<=50K
23163,41,196456,14,0,0,40,<=50K
23165,50,195784,8,0,0,40,<=50K
23166,21,202214,12,0,0,10,<=50K
23167,40,225165,9,0,0,40,<=50K
23168,22,54825,9,0,0,40,<=50K
23169,43,188905,3,0,0,40,<=50K
23170,17,132636,7,0,0,16,<=50K
23171,42,228320,4,0,0,40,<=50K
23173,19,254247,8,0,0,38,<=50K
23174,43,255635,3,0,0,40,<=50K
23175,46,96080,5,0,0,40,<=50K
23176,18,78181,9,0,0,20,<=50K
23178,47,126500,4,0,0,40,<=50K
23179,31,511289,9,2907,0,99,<=50K
23180,33,159574,4,0,0,45,<=50K
23182,59,128105,9,0,0,35,<=50K
23184,29,370242,10,0,0,40,<=50K
23185,26,67257,13,0,0,55,<=50K
23186,24,62952,9,0,0,40,<=50K
23187,25,111058,10,0,1980,40,<=50K
23188,30,29235,10,0,0,20,<=50K
23189,52,101119,7,0,0,40,<=50K
23192,19,45643,10,0,0,25,<=50K
23193,23,166371,10,0,0,60,<=50K
23194,37,160910,16,0,0,45,<=50K
23195,25,257064,10,0,0,38,<=50K
23197,30,83253,9,0,0,55,<=50K
23198,40,128700,10,0,0,40,<=50K
23199,20,243010,9,0,0,32,<=50K
23200,35,37778,11,3103,0,55,<=50K
23201,24,132320,13,0,0,45,<=50K
23202,32,234755,9,0,0,40,<=50K
23203,35,142616,9,0,0,30,<=50K
23204,20,148509,9,0,0,40,<=50K
23206,25,32276,9,0,0,28,<=50K
23207,50,163921,4,0,0,40,<=50K
23208,24,464103,9,0,0,50,<=50K
23210,30,327825,9,0,0,32,<=50K
23211,37,267085,10,0,0,40,<=50K
23212,50,266945,9,3137,0,40,<=50K
23213,20,234663,9,0,0,30,<=50K
23214,49,189123,9,5013,0,50,<=50K
23215,55,104996,4,0,0,50,<=50K
23216,61,101265,8,0,0,40,<=50K
23217,22,184975,9,0,0,3,<=50K
23218,23,246965,12,0,0,12,<=50K
23219,43,227065,9,4650,0,40,<=50K
23220,39,301867,13,0,0,24,<=50K
23221,21,185948,10,0,0,35,<=50K
23223,30,281030,11,4064,0,40,<=50K
23225,50,95949,13,0,0,50,<=50K
23226,51,88528,12,0,0,99,<=50K
23227,47,24723,6,0,0,45,<=50K
23228,49,171411,5,0,0,40,<=50K
23229,45,184581,9,0,0,40,<=50K
23230,48,100067,10,0,0,40,<=50K
23232,20,462294,10,0,0,40,<=50K
23233,61,85434,9,0,0,40,<=50K
23234,72,158092,13,0,0,30,<=50K
23235,19,104844,10,0,0,15,<=50K
23237,47,89806,10,0,0,35,<=50K
23238,39,106183,9,6849,0,40,<=50K
23239,24,89347,7,0,0,40,<=50K
23240,44,157236,10,0,0,40,<=50K
23241,19,261259,9,0,0,20,<=50K
23242,20,286166,9,0,0,48,<=50K
23243,23,122272,9,0,0,40,<=50K
23245,20,224238,8,0,0,40,<=50K
23246,62,138157,9,0,0,12,<=50K
23247,25,148460,9,4416,0,40,<=50K
23248,67,236627,13,0,0,2,<=50K
23250,36,353524,9,1831,0,40,<=50K
23251,38,391040,11,0,0,20,<=50K
23252,23,134997,9,0,0,80,<=50K
23253,28,392487,9,0,0,40,<=50K
23254,25,216724,9,0,0,40,<=50K
23257,60,96073,9,0,0,30,<=50K
23258,31,103435,9,0,0,50,<=50K
23259,29,96718,9,0,0,37,<=50K
23261,51,173987,5,0,0,40,<=50K
23263,27,224849,9,0,0,40,<=50K
23264,18,249857,10,0,0,20,<=50K
23265,34,340458,9,0,0,40,<=50K
23267,19,440417,10,0,0,15,<=50K
23268,36,175643,9,0,0,35,<=50K
23269,35,297485,13,0,0,40,<=50K
23270,27,232954,9,0,0,45,<=50K
23271,29,326330,10,1831,0,40,<=50K
23272,25,109419,9,0,0,40,<=50K
23275,20,380544,12,0,0,20,<=50K
23276,52,306108,9,0,0,40,<=50K
23277,34,232855,10,0,0,37,<=50K
23281,36,168223,13,0,0,40,<=50K
23282,71,26109,15,0,0,28,<=50K
23283,20,285671,9,0,0,25,<=50K
23284,20,153583,10,0,0,40,<=50K
23286,41,439919,3,3411,0,40,<=50K
23287,38,40319,10,0,0,42,<=50K
23288,55,159028,9,0,0,40,<=50K
23289,17,98675,5,0,0,20,<=50K
23291,43,75435,9,0,0,30,<=50K
23292,19,219189,8,0,0,25,<=50K
23293,33,203463,9,0,0,40,<=50K
23294,63,187635,9,0,0,40,<=50K
23296,34,27153,9,0,0,40,<=50K
23297,31,150324,12,0,0,40,<=50K
23298,21,83704,8,0,0,40,<=50K
23299,23,176262,11,0,0,36,<=50K
23300,20,179423,10,0,0,8,<=50K
23302,59,108765,9,0,0,50,<=50K
23306,29,114870,10,0,0,40,<=50K
23307,32,77723,13,0,0,40,<=50K
23309,57,133902,9,0,0,45,<=50K
23311,50,67794,9,0,0,60,<=50K
23314,26,55929,14,0,0,48,<=50K
23315,22,165065,10,0,0,40,<=50K
23316,26,34307,11,0,0,65,<=50K
23320,56,52953,16,0,1669,38,<=50K
23321,23,216181,10,0,0,36,<=50K
23322,23,391171,10,0,0,25,<=50K
23323,35,223242,13,0,0,40,<=50K
23325,45,38240,9,0,0,40,<=50K
23326,21,148444,10,0,0,25,<=50K
23327,56,110257,9,0,0,40,<=50K
23328,31,101345,9,0,0,40,<=50K
23329,44,268098,8,0,0,36,<=50K
23330,21,369084,10,0,0,10,<=50K
23331,31,288825,9,5013,0,40,<=50K
23332,20,162688,9,0,0,38,<=50K
23333,17,48751,7,0,0,40,<=50K
23335,19,307496,10,0,0,23,<=50K
23336,71,176986,9,0,0,24,<=50K
23337,23,267955,10,0,0,40,<=50K
23338,21,283969,9,0,0,40,<=50K
23339,29,204516,14,0,0,15,<=50K
23340,33,167771,10,0,0,30,<=50K
23342,21,380219,10,0,0,40,<=50K
23345,19,185097,9,0,0,37,<=50K
23346,29,144808,10,0,0,40,<=50K
23347,34,187203,12,0,0,50,<=50K
23348,26,125089,10,0,0,40,<=50K
23349,30,289458,13,0,0,40,<=50K
23350,34,144798,10,0,0,40,<=50K
23351,24,172152,13,0,0,25,<=50K
23352,28,207513,9,0,0,48,<=50K
23353,24,164574,10,0,0,40,<=50K
23355,19,213024,8,0,0,40,<=50K
23356,45,213140,6,2829,0,40,<=50K
23359,24,424494,13,0,0,30,<=50K
23360,24,215243,13,0,0,42,<=50K
23362,20,306639,10,0,0,20,<=50K
23363,23,218678,7,0,0,40,<=50K
23364,25,219130,10,0,0,40,<=50K
23365,64,180624,12,0,0,30,<=50K
23367,28,194472,10,0,0,40,<=50K
23369,28,249870,15,0,0,50,<=50K
23371,77,149912,13,0,0,10,<=50K
23372,22,85389,9,0,0,40,<=50K
23373,17,806316,7,0,0,20,<=50K
23374,38,329980,13,0,0,55,<=50K
23375,45,236612,7,0,0,40,<=50K
23376,25,249214,10,0,0,40,<=50K
23378,53,204397,9,0,0,60,<=50K
23379,24,291979,9,0,0,40,<=50K
23383,30,94413,10,0,0,30,<=50K
23385,39,326566,10,0,0,40,<=50K
23386,30,165503,13,0,0,65,<=50K
23387,48,102597,10,0,0,44,<=50K
23388,62,113234,14,0,0,40,<=50K
23390,34,198103,9,0,1980,40,<=50K
23392,32,237478,7,0,0,40,<=50K
23393,40,36885,10,0,0,50,<=50K
23394,17,166242,6,0,0,15,<=50K
23395,19,158603,6,0,0,25,<=50K
23396,25,274228,9,0,0,84,<=50K
23397,42,185145,10,0,0,57,<=50K
23398,66,28367,13,0,0,99,<=50K
23399,63,28612,9,0,0,70,<=50K
23400,43,191429,4,0,0,25,<=50K
23401,26,459548,9,0,0,20,<=50K
23405,36,359678,9,0,0,48,<=50K
23406,35,220595,9,0,0,40,<=50K
23407,25,29599,9,0,0,40,<=50K
23408,21,299153,10,0,0,15,<=50K
23409,46,75256,9,0,0,40,<=50K
23410,43,143583,6,0,0,40,<=50K
23412,41,308550,9,0,0,60,<=50K
23413,50,145717,9,0,0,35,<=50K
23414,36,334366,7,0,0,32,<=50K
23415,31,76198,9,0,0,20,<=50K
23418,52,194259,4,0,0,50,<=50K
23424,56,67662,14,0,0,39,<=50K
23425,35,126675,9,0,0,48,<=50K
23426,55,278228,6,0,0,35,<=50K
23427,30,169152,9,0,0,40,<=50K
23428,34,204052,9,0,0,40,<=50K
23430,43,83348,9,0,0,60,<=50K
23431,24,196816,10,0,0,50,<=50K
23432,30,541343,6,0,0,40,<=50K
23433,33,55921,11,0,0,70,<=50K
23434,32,251701,12,0,0,40,<=50K
23435,29,119848,13,0,0,40,<=50K
23436,50,160572,9,3137,0,47,<=50K
23437,18,25837,7,0,0,15,<=50K
23438,20,236592,7,0,0,25,<=50K
23440,22,341610,10,0,0,35,<=50K
23442,41,198965,9,0,0,40,<=50K
23443,42,193537,4,0,0,35,<=50K
23444,24,438839,13,0,0,40,<=50K
23445,22,298227,9,0,0,35,<=50K
23447,23,335570,10,0,0,35,<=50K
23448,21,206891,4,0,0,38,<=50K
23449,23,162551,13,0,0,20,<=50K
23450,45,145637,10,0,0,48,<=50K
23451,41,101290,9,0,0,40,<=50K
23453,38,439592,10,0,0,40,<=50K
23454,37,161141,9,0,0,40,<=50K
23455,70,304570,13,0,0,32,<=50K
23456,24,103277,9,2597,0,40,<=50K
23457,28,407672,13,0,0,40,<=50K
23458,24,73928,11,0,0,20,<=50K
23461,37,260093,9,0,0,40,<=50K
23462,28,96020,13,0,0,40,<=50K
23463,54,104421,10,0,0,40,<=50K
23465,56,93415,9,0,0,40,<=50K
23466,27,282664,13,0,0,45,<=50K
23468,21,202871,9,0,0,44,<=50K
23469,29,169683,11,0,0,40,<=50K
23470,27,271603,4,0,0,24,<=50K
23472,31,329874,10,0,0,40,<=50K
23473,38,43770,10,4650,0,72,<=50K
23475,48,138069,9,0,0,45,<=50K
23476,58,33309,9,0,0,80,<=50K
23477,23,76432,10,0,0,40,<=50K
23478,28,277635,10,0,0,50,<=50K
23479,49,123088,10,0,0,46,<=50K
23480,51,57698,9,0,0,40,<=50K
23481,23,181820,9,0,0,53,<=50K
23482,40,98985,9,0,0,50,<=50K
23483,59,98350,9,0,0,40,<=50K
23484,47,125120,13,0,0,50,<=50K
23485,37,243409,9,0,0,50,<=50K
23486,39,58972,12,1506,0,40,<=50K
23487,43,62857,10,0,0,60,<=50K
23488,40,283174,11,0,0,60,<=50K
23490,29,201155,5,0,0,48,<=50K
23492,37,61778,13,0,0,30,<=50K
23493,19,223648,9,4101,0,48,<=50K
23494,28,149652,6,0,0,30,<=50K
23495,56,170324,3,0,0,40,<=50K
23496,45,165937,9,0,0,60,<=50K
23497,60,114060,10,0,0,40,<=50K
23499,37,378916,9,0,0,40,<=50K
23500,31,241885,9,0,0,40,<=50K
23502,31,213771,9,0,0,36,<=50K
23503,39,315565,9,0,0,40,<=50K
23506,17,198606,7,0,0,16,<=50K
23507,19,260333,9,0,0,20,<=50K
23508,24,219510,13,0,0,32,<=50K
23510,34,136862,2,0,0,40,<=50K
23512,58,187067,13,0,0,62,<=50K
23513,23,325921,11,0,0,36,<=50K
23514,33,268127,9,0,0,40,<=50K
23515,76,142535,9,0,0,6,<=50K
23516,40,177083,9,0,0,50,<=50K
23517,28,77009,4,0,0,50,<=50K
23518,41,306405,10,0,0,40,<=50K
23520,22,262819,10,0,0,40,<=50K
23521,29,49087,11,0,0,40,<=50K
23522,26,53833,9,0,0,40,<=50K
23524,22,81145,9,0,0,25,<=50K
23525,41,215479,10,0,0,43,<=50K
23526,29,113464,9,0,0,40,<=50K
23529,41,117721,10,0,0,65,<=50K
23530,19,199484,10,0,0,25,<=50K
23531,25,248851,13,0,0,40,<=50K
23532,24,116968,13,0,0,45,<=50K
23533,59,366618,5,0,0,30,<=50K
23534,17,240143,7,0,0,30,<=50K
23536,69,320280,10,1848,0,1,<=50K
23537,25,120238,10,2885,0,43,<=50K
23538,50,194186,9,0,0,60,<=50K
23539,29,247053,9,0,0,40,<=50K
23540,43,180599,9,0,0,55,<=50K
23541,29,190330,10,0,0,10,<=50K
23542,29,199450,10,0,0,40,<=50K
23544,17,94366,6,0,0,6,<=50K
23546,43,33126,10,0,0,50,<=50K
23547,41,102085,9,0,0,40,<=50K
23551,18,379768,9,0,0,40,<=50K
23555,21,180052,10,0,0,30,<=50K
23556,20,214387,9,0,0,40,<=50K
23557,47,149337,9,0,0,38,<=50K
23558,26,208326,9,3942,0,45,<=50K
23559,31,34374,15,0,0,50,<=50K
23560,45,58683,10,0,0,40,<=50K
23561,35,403037,9,0,0,40,<=50K
23564,33,289886,9,0,0,40,<=50K
23565,30,54684,15,0,0,55,<=50K
23566,19,101549,10,0,0,15,<=50K
23572,19,250249,10,0,0,10,<=50K
23573,71,93202,9,0,0,16,<=50K
23574,29,176723,10,0,0,25,<=50K
23575,43,175526,10,0,0,40,<=50K
23576,23,91842,13,0,0,30,<=50K
23577,52,71768,10,0,0,40,<=50K
23579,28,204516,6,0,0,40,<=50K
23580,44,89172,13,0,0,80,<=50K
23581,37,143547,13,0,0,40,<=50K
23583,31,150324,9,0,0,40,<=50K
23584,20,216472,10,0,0,25,<=50K
23586,45,168283,9,0,0,40,<=50K
23588,19,60661,9,0,0,52,<=50K
23591,18,195372,7,0,0,20,<=50K
23593,33,111567,11,0,0,40,<=50K
23594,51,244572,9,0,0,37,<=50K
23595,54,230919,9,0,0,40,<=50K
23596,24,282604,10,0,0,24,<=50K
23597,54,320196,10,0,0,40,<=50K
23601,47,219632,12,0,1408,40,<=50K
23602,31,161631,10,0,0,40,<=50K
23603,21,202373,11,0,0,40,<=50K
23604,52,169549,10,0,0,40,<=50K
23605,20,127185,10,0,0,15,<=50K
23606,18,184277,9,0,0,25,<=50K
23607,58,119751,9,0,0,60,<=50K
23608,23,294701,9,0,0,40,<=50K
23609,21,26842,10,0,0,20,<=50K
23610,43,114537,11,0,0,40,<=50K
23611,53,126386,9,0,0,40,<=50K
23612,18,163787,9,0,0,40,<=50K
23614,31,175509,13,0,0,50,<=50K
23615,48,159854,2,0,0,40,<=50K
23616,55,120920,14,0,0,35,<=50K
23617,24,187551,10,0,0,20,<=50K
23620,47,218596,11,0,0,40,<=50K
23621,54,280292,10,0,0,32,<=50K
23622,40,200496,13,0,0,40,<=50K
23623,56,78090,10,0,0,48,<=50K
23624,23,118693,11,0,0,40,<=50K
23625,34,203488,9,0,0,60,<=50K
23626,27,172091,9,0,0,40,<=50K
23628,72,139889,10,0,0,74,<=50K
23629,43,301638,8,0,1579,40,<=50K
23630,32,110279,12,0,0,35,<=50K
23631,53,242859,10,0,0,40,<=50K
23632,18,132986,8,0,0,10,<=50K
23633,38,254439,6,114,0,40,<=50K
23634,41,187462,11,0,0,40,<=50K
23635,29,264961,9,0,0,45,<=50K
23637,46,200949,13,0,0,50,<=50K
23638,47,47247,10,0,0,40,<=50K
23639,56,571017,10,0,0,15,<=50K
23640,28,416577,9,2829,0,40,<=50K
23642,50,45961,13,6849,0,40,<=50K
23643,47,302711,7,0,0,40,<=50K
23644,42,50356,9,0,0,40,<=50K
23645,22,199336,10,0,0,25,<=50K
23646,42,341178,3,0,0,44,<=50K
23647,42,70240,10,0,0,40,<=50K
23648,46,229394,9,0,0,40,<=50K
23650,55,82098,9,0,0,55,<=50K
23652,25,109532,8,0,0,40,<=50K
23653,43,142682,9,0,0,30,<=50K
23654,34,127651,13,0,0,60,<=50K
23655,27,236472,13,0,0,40,<=50K
23656,25,176047,9,2176,0,40,<=50K
23657,37,111499,10,0,0,40,<=50K
23658,48,425199,10,0,0,45,<=50K
23659,38,229009,9,0,0,45,<=50K
23660,17,232713,6,594,0,30,<=50K
23662,37,234807,9,0,0,37,<=50K
23663,45,738812,9,0,0,46,<=50K
23665,64,342494,9,0,0,40,<=50K
23666,35,226311,10,0,0,38,<=50K
23667,23,143062,9,0,0,40,<=50K
23668,42,125155,9,0,0,90,<=50K
23669,23,329925,10,0,0,30,<=50K
23670,26,208994,10,0,0,12,<=50K
23673,47,191175,3,0,2179,50,<=50K
23674,21,118693,10,0,0,40,<=50K
23675,29,253593,9,0,0,40,<=50K
23676,32,206051,10,0,0,50,<=50K
23677,72,497280,5,0,0,20,<=50K
23679,19,140985,10,0,0,25,<=50K
23680,25,191921,13,0,0,25,<=50K
23683,58,142158,13,0,0,35,<=50K
23684,24,249046,13,0,0,40,<=50K
23687,37,186191,9,0,0,45,<=50K
23688,25,28008,12,0,0,40,<=50K
23690,36,117073,9,0,0,40,<=50K
23691,41,325786,9,0,0,40,<=50K
23692,31,37546,13,0,0,40,<=50K
23693,22,204226,9,0,0,40,<=50K
23694,36,133299,11,0,0,40,<=50K
23695,42,29702,6,0,0,40,<=50K
23696,29,307812,9,0,0,60,<=50K
23697,25,174545,9,0,0,46,<=50K
23698,23,233472,13,0,0,40,<=50K
23699,34,184147,9,0,0,20,<=50K
23700,27,198188,9,2580,0,45,<=50K
23702,33,200246,10,0,0,40,<=50K
23703,38,166585,13,0,0,55,<=50K
23704,21,335570,10,0,0,30,<=50K
23705,39,53569,11,0,0,40,<=50K
23707,32,113364,10,0,0,30,<=50K
23710,20,205975,9,0,0,20,<=50K
23711,63,234083,9,0,2205,40,<=50K
23712,56,65325,13,0,0,50,<=50K
23713,30,194740,13,0,0,40,<=50K
23714,39,99065,10,0,0,39,<=50K
23717,41,187322,13,0,0,40,<=50K
23718,50,283676,10,0,0,40,<=50K
23719,44,173682,10,0,0,40,<=50K
23720,27,168470,13,0,0,40,<=50K
23722,58,141807,3,0,0,40,<=50K
23723,25,245628,10,0,0,15,<=50K
23724,31,264864,9,0,0,40,<=50K
23727,22,170800,11,0,0,12,<=50K
23728,44,152150,12,0,0,40,<=50K
23729,41,211873,11,0,1628,5,<=50K
23730,44,159580,8,0,0,40,<=50K
23731,61,477209,4,0,0,54,<=50K
23732,32,70985,11,0,0,40,<=50K
23734,28,249541,10,0,0,40,<=50K
23737,46,247992,4,0,0,40,<=50K
23738,26,221626,9,0,1579,20,<=50K
23739,43,48087,9,0,0,40,<=50K
23740,62,114045,9,0,0,35,<=50K
23742,67,192670,9,0,0,20,<=50K
23743,19,268392,9,0,0,30,<=50K
23744,55,170994,9,0,0,40,<=50K
23746,19,37332,9,0,0,20,<=50K
23747,19,35865,10,0,0,30,<=50K
23748,43,183891,9,0,0,40,<=50K
23749,31,150309,16,0,0,90,<=50K
23750,65,93318,10,0,0,45,<=50K
23751,32,171814,9,0,0,40,<=50K
23753,41,353541,9,0,0,40,<=50K
23754,33,152351,10,3908,0,40,<=50K
23755,72,271352,6,0,0,12,<=50K
23757,27,223751,10,0,0,45,<=50K
23758,75,164570,7,0,0,50,<=50K
23759,39,281363,6,0,0,15,<=50K
23761,47,34458,9,0,0,40,<=50K
23762,31,254293,10,0,0,40,<=50K
23764,48,195491,9,0,0,30,<=50K
23765,36,255454,13,0,0,40,<=50K
23766,18,126125,9,0,0,20,<=50K
23767,33,618191,9,0,0,40,<=50K
23768,34,163110,14,0,0,40,<=50K
23770,39,235379,12,0,0,40,<=50K
23771,20,55465,9,0,0,35,<=50K
23772,67,181220,10,0,0,20,<=50K
23773,42,26672,11,0,0,60,<=50K
23774,59,98361,7,0,0,40,<=50K
23775,31,219883,9,0,0,40,<=50K
23776,19,376683,10,2036,0,30,<=50K
23777,47,33865,10,0,0,48,<=50K
23778,68,168794,4,0,0,30,<=50K
23779,30,94245,10,0,0,40,<=50K
23780,34,34572,9,0,0,60,<=50K
23781,49,348751,4,0,0,40,<=50K
23785,24,140001,13,0,0,40,<=50K
23786,18,166889,10,0,1602,35,<=50K
23787,24,117789,13,0,0,40,<=50K
23788,21,238917,3,0,0,40,<=50K
23790,52,330799,5,0,0,40,<=50K
23791,48,209460,9,0,0,40,<=50K
23793,29,339100,7,3418,0,48,<=50K
23794,20,184779,10,0,0,20,<=50K
23795,31,139000,9,0,0,25,<=50K
23796,30,361742,10,0,0,50,<=50K
23797,30,260782,9,0,0,40,<=50K
23798,51,203435,9,0,0,40,<=50K
23799,29,100579,11,0,0,40,<=50K
23800,56,356067,14,0,0,16,<=50K
23801,46,87250,13,0,0,40,<=50K
23802,41,264663,10,0,3900,40,<=50K
23803,29,255817,3,0,0,40,<=50K
23804,48,243631,9,0,0,30,<=50K
23805,34,544268,9,0,0,50,<=50K
23806,42,98061,11,0,0,50,<=50K
23807,25,95691,9,0,0,30,<=50K
23808,47,145868,7,0,0,40,<=50K
23809,23,65038,9,0,0,40,<=50K
23810,43,227734,11,0,0,22,<=50K
23811,19,176831,10,0,0,35,<=50K
23812,22,211678,9,0,0,40,<=50K
23813,40,157240,13,0,0,70,<=50K
23814,41,145441,11,0,0,40,<=50K
23816,42,76487,9,0,0,45,<=50K
23817,31,557853,13,0,0,47,<=50K
23818,69,262352,10,0,0,32,<=50K
23819,58,118253,9,0,0,70,<=50K
23820,36,146625,7,0,0,12,<=50K
23821,31,174201,9,0,0,65,<=50K
23822,20,66695,10,594,0,35,<=50K
23823,41,121130,9,0,0,40,<=50K
23824,35,385847,10,0,0,40,<=50K
23825,62,83439,4,0,0,40,<=50K
23826,28,114158,13,0,0,15,<=50K
23827,27,381789,8,0,0,55,<=50K
23828,17,82041,7,0,0,40,<=50K
23830,45,106110,10,0,0,99,<=50K
23831,44,267521,13,0,0,40,<=50K
23832,27,90692,11,0,0,40,<=50K
23833,51,57101,5,0,0,40,<=50K
23834,49,236913,9,0,0,45,<=50K
23836,54,261207,4,0,0,45,<=50K
23837,43,245487,9,0,0,40,<=50K
23838,32,262153,9,0,0,35,<=50K
23842,38,85074,12,0,0,40,<=50K
23843,26,383306,8,0,0,40,<=50K
23846,42,99373,9,0,0,40,<=50K
23847,66,157942,9,0,0,40,<=50K
23848,43,241928,9,0,0,32,<=50K
23850,37,95654,6,0,0,35,<=50K
23851,25,367306,10,0,0,40,<=50K
23855,42,39239,14,0,0,70,<=50K
23856,32,72744,9,0,0,40,<=50K
23858,41,408498,9,0,0,50,<=50K
23859,25,361493,13,3325,0,40,<=50K
23860,65,157403,9,0,0,50,<=50K
23861,32,231263,10,0,0,50,<=50K
23862,32,244147,9,0,0,10,<=50K
23863,24,220944,10,0,0,60,<=50K
23864,51,314007,9,0,0,40,<=50K
23865,67,200862,6,0,0,35,<=50K
23866,28,33374,7,0,0,35,<=50K
23868,77,83601,15,0,0,40,<=50K
23869,47,162302,9,0,0,20,<=50K
23870,26,112847,9,0,0,40,<=50K
23871,20,147344,10,0,0,20,<=50K
23873,40,130760,16,0,0,45,<=50K
23875,19,316797,4,0,0,45,<=50K
23876,54,332243,8,0,0,40,<=50K
23880,68,40956,13,0,0,25,<=50K
23881,17,178953,8,0,0,20,<=50K
23882,32,398988,13,0,0,40,<=50K
23883,29,535978,10,0,0,45,<=50K
23884,42,296982,10,0,0,40,<=50K
23885,40,231991,9,0,0,40,<=50K
23886,27,295799,10,0,0,40,<=50K
23887,22,201569,13,0,0,20,<=50K
23888,58,193568,7,0,0,40,<=50K
23891,49,138370,14,0,0,40,<=50K
23892,41,120277,13,0,0,40,<=50K
23893,43,91949,9,0,0,40,<=50K
23898,57,195835,10,0,0,40,<=50K
23899,47,185399,9,0,0,38,<=50K
23900,79,103684,9,0,0,40,<=50K
23901,40,140559,9,0,0,45,<=50K
23902,35,110188,13,0,0,40,<=50K
23903,35,668319,13,0,1740,80,<=50K
23905,26,151810,6,0,0,40,<=50K
23906,49,48120,9,1506,0,40,<=50K
23907,48,144844,9,0,0,40,<=50K
23908,22,205839,10,0,0,45,<=50K
23909,22,113760,7,0,0,30,<=50K
23910,50,138358,6,0,0,47,<=50K
23911,47,216657,9,0,0,60,<=50K
23912,36,278576,9,0,0,50,<=50K
23914,73,220019,5,0,0,9,<=50K
23915,24,311949,9,0,0,45,<=50K
23917,37,154210,10,0,0,40,<=50K
23918,28,131310,8,0,0,20,<=50K
23920,20,358783,10,0,0,35,<=50K
23921,29,423024,3,0,0,40,<=50K
23922,24,206671,11,0,0,40,<=50K
23923,29,245310,10,0,0,35,<=50K
23924,18,31983,8,0,0,20,<=50K
23927,27,491421,3,0,0,50,<=50K
23928,50,151580,12,0,0,45,<=50K
23929,25,248990,2,0,0,24,<=50K
23930,42,157425,13,0,0,45,<=50K
23931,36,221650,10,0,0,40,<=50K
23933,71,216608,11,0,0,40,<=50K
23935,44,228124,9,0,0,40,<=50K
23936,19,217194,6,0,0,30,<=50K
23937,49,171540,10,0,0,60,<=50K
23939,28,410351,9,0,0,40,<=50K
23940,26,163747,13,0,0,55,<=50K
23941,18,108892,7,0,0,12,<=50K
23943,65,153890,8,2009,0,44,<=50K
23944,23,117480,6,0,0,44,<=50K
23945,21,163333,10,0,0,35,<=50K
23946,20,306710,9,0,0,40,<=50K
23947,19,150553,10,0,0,18,<=50K
23948,77,123959,9,0,0,32,<=50K
23949,32,24961,11,0,0,40,<=50K
23950,37,327120,10,0,0,30,<=50K
23951,29,33798,9,0,0,45,<=50K
23953,22,298489,10,0,0,40,<=50K
23954,30,101697,13,0,0,20,<=50K
23956,59,195835,9,0,0,60,<=50K
23959,19,235909,10,0,0,20,<=50K
23960,37,42645,9,0,0,40,<=50K
23963,29,137063,9,0,0,38,<=50K
23964,38,58972,9,0,0,50,<=50K
23966,19,286435,10,594,0,40,<=50K
23969,29,91547,10,0,0,40,<=50K
23971,29,210959,12,0,0,40,<=50K
23972,47,365516,14,0,0,40,<=50K
23974,39,269455,9,0,0,45,<=50K
23976,28,109621,12,0,0,40,<=50K
23978,39,99270,9,0,0,40,<=50K
23979,44,193524,10,0,0,40,<=50K
23980,70,149040,9,2964,0,12,<=50K
23981,60,313946,9,0,0,40,<=50K
23984,21,116489,10,0,0,60,<=50K
23985,22,118310,12,0,0,16,<=50K
23989,41,195897,14,0,0,60,<=50K
23991,62,345780,11,0,0,40,<=50K
23992,43,216685,9,0,0,35,<=50K
23993,28,210945,13,0,0,60,<=50K
23996,42,192712,9,0,0,25,<=50K
23997,23,178272,13,0,0,40,<=50K
24000,19,294029,7,0,0,32,<=50K
24001,23,112819,9,0,0,40,<=50K
24002,41,152636,9,0,0,50,<=50K
24003,63,301611,9,0,0,20,<=50K
24004,51,134808,9,0,0,40,<=50K
24005,49,64216,9,0,0,90,<=50K
24006,29,214284,14,0,0,20,<=50K
24009,17,231439,7,0,0,30,<=50K
24011,21,364685,7,0,0,35,<=50K
24012,26,18827,10,0,0,40,<=50K
24013,24,169129,10,0,0,40,<=50K
24016,19,574271,9,0,0,28,<=50K
24017,65,29276,4,0,0,24,<=50K
24019,17,394176,6,0,0,20,<=50K
24020,27,85625,9,0,0,22,<=50K
24021,53,340723,15,0,0,40,<=50K
24022,24,149342,13,0,0,40,<=50K
24024,34,143083,11,0,0,18,<=50K
24027,86,149912,14,0,0,40,<=50K
24029,43,96129,7,0,0,60,<=50K
24030,47,216096,10,0,0,35,<=50K
24032,30,79303,11,0,0,60,<=50K
24033,25,182380,9,0,0,40,<=50K
24035,60,118197,10,0,0,65,<=50K
24039,26,222637,6,0,0,55,<=50K
24040,27,118230,10,0,0,40,<=50K
24041,59,174040,10,0,0,40,<=50K
24042,64,105748,9,0,0,40,<=50K
24043,90,82628,9,2964,0,12,<=50K
24045,36,107916,9,0,2002,40,<=50K
24046,39,130620,4,0,0,40,<=50K
24047,30,361817,9,0,0,25,<=50K
24050,24,456460,12,0,0,40,<=50K
24051,23,293091,9,0,0,30,<=50K
24052,62,210935,9,0,0,20,<=50K
24053,48,199763,10,0,0,20,<=50K
24054,62,223447,8,0,0,40,<=50K
24055,35,233533,13,0,0,65,<=50K
24056,27,95647,13,0,0,40,<=50K
24057,49,199763,10,0,0,35,<=50K
24058,18,74539,6,0,0,20,<=50K
24059,19,84610,10,0,0,30,<=50K
24061,54,115602,9,0,0,40,<=50K
24066,21,113163,10,0,0,50,<=50K
24068,30,345705,10,0,0,40,<=50K
24069,22,385077,9,2907,0,40,<=50K
24070,33,192286,10,0,0,52,<=50K
24073,47,308242,9,0,0,40,<=50K
24074,42,46094,13,0,0,33,<=50K
24075,29,194940,13,0,0,40,<=50K
24076,35,341643,13,0,0,55,<=50K
24077,23,210474,10,0,0,30,<=50K
24078,28,76313,10,0,0,60,<=50K
24079,34,115858,9,0,0,40,<=50K
24080,40,55191,10,0,0,40,<=50K
24081,67,364862,9,0,0,30,<=50K
24082,49,334787,9,0,0,40,<=50K
24083,34,205733,9,0,0,40,<=50K
24084,60,120163,13,0,0,40,<=50K
24085,26,333677,13,2463,0,35,<=50K
24086,25,208591,9,0,0,40,<=50K
24087,40,341204,10,1831,0,30,<=50K
24088,56,115422,9,0,0,40,<=50K
24090,54,816750,9,0,2051,40,<=50K
24091,25,167835,13,3325,0,40,<=50K
24092,28,92262,13,0,0,40,<=50K
24093,31,91964,13,0,0,40,<=50K
24094,45,107682,9,0,0,40,<=50K
24095,52,135388,9,5013,0,40,<=50K
24096,39,597843,14,0,0,50,<=50K
24097,19,389942,9,0,0,40,<=50K
24098,23,442274,8,0,0,40,<=50K
24099,23,595461,4,0,0,40,<=50K
24102,35,196899,13,0,0,50,<=50K
24103,58,212534,9,0,0,40,<=50K
24106,38,190759,7,0,0,40,<=50K
24109,27,194024,5,0,0,50,<=50K
24110,19,87497,7,0,0,10,<=50K
24111,22,236907,10,0,0,20,<=50K
24112,59,169639,12,0,0,40,<=50K
24114,31,149507,8,0,0,43,<=50K
24115,18,294387,7,0,0,40,<=50K
24116,20,161708,10,0,0,35,<=50K
24117,28,282389,9,0,0,60,<=50K
24118,28,64940,10,0,0,30,<=50K
24119,49,195727,13,0,0,40,<=50K
24121,19,170720,9,0,0,20,<=50K
24124,41,39581,10,0,0,24,<=50K
24126,46,216934,13,0,0,40,<=50K
24127,20,143062,10,0,0,40,<=50K
24129,28,165030,10,0,0,50,<=50K
24130,37,199251,10,0,0,40,<=50K
24132,66,174491,9,0,0,40,<=50K
24133,35,333305,10,0,0,40,<=50K
24135,25,220220,7,0,0,45,<=50K
24137,48,273402,4,0,1902,40,<=50K
24138,56,201344,10,0,0,38,<=50K
24139,47,218676,14,0,0,45,<=50K
24141,41,222434,12,0,0,40,<=50K
24143,40,34113,9,6849,0,43,<=50K
24144,41,159549,13,0,0,40,<=50K
24145,21,195248,10,0,0,20,<=50K
24146,52,109413,9,0,0,40,<=50K
24149,21,140012,10,0,0,20,<=50K
24150,35,114366,13,0,0,40,<=50K
24151,29,169631,9,0,0,40,<=50K
24152,21,163870,6,3908,0,40,<=50K
24153,35,312232,9,0,0,50,<=50K
24155,70,306563,9,0,0,40,<=50K
24157,34,106014,10,0,0,60,<=50K
24158,21,25265,11,0,0,30,<=50K
24159,29,71860,9,0,0,60,<=50K
24161,51,208003,9,0,0,40,<=50K
24162,22,113550,9,0,0,40,<=50K
24163,47,83046,13,0,0,40,<=50K
24165,19,205830,9,0,0,40,<=50K
24167,23,245147,10,0,0,40,<=50K
24168,49,274720,9,0,0,40,<=50K
24169,58,163047,13,0,0,40,<=50K
24172,77,154205,9,0,0,10,<=50K
24173,27,176683,11,0,0,60,<=50K
24174,29,104737,9,0,0,60,<=50K
24175,54,349340,1,0,0,40,<=50K
24176,39,218249,10,0,0,37,<=50K
24177,32,281540,10,0,0,50,<=50K
24178,36,112847,13,0,0,40,<=50K
24179,24,126613,13,0,0,20,<=50K
24181,32,34572,9,0,0,65,<=50K
24182,26,104045,13,0,0,40,<=50K
24183,49,57665,13,0,0,40,<=50K
24184,38,359001,11,0,0,42,<=50K
24185,47,105273,13,6497,0,40,<=50K
24187,38,160035,9,0,0,55,<=50K
24189,18,32059,7,0,0,40,<=50K
24190,59,200453,14,0,0,40,<=50K
24192,34,37210,9,0,0,50,<=50K
24193,32,199416,13,0,0,40,<=50K
24194,29,413227,13,0,0,35,<=50K
24195,29,188675,10,0,0,40,<=50K
24197,37,195189,10,0,0,40,<=50K
24198,36,116608,9,0,0,40,<=50K
24202,29,67053,9,0,0,40,<=50K
24204,39,325374,10,0,0,40,<=50K
24205,69,130413,13,2346,0,15,<=50K
24206,43,111949,9,0,0,35,<=50K
24207,39,278557,11,0,1628,48,<=50K
24208,19,194905,10,0,0,30,<=50K
24210,51,282549,9,3137,0,40,<=50K
24211,75,316119,10,0,0,8,<=50K
24212,37,252939,11,5455,0,40,<=50K
24213,24,506329,10,0,0,40,<=50K
24214,20,316043,7,594,0,20,<=50K
24215,58,319733,9,0,0,70,<=50K
24216,21,99199,14,0,0,15,<=50K
24217,28,204600,9,0,0,40,<=50K
24218,40,173307,6,0,0,40,<=50K
24219,45,34446,9,0,0,50,<=50K
24221,41,175642,10,0,0,40,<=50K
24222,58,203735,9,0,0,40,<=50K
24224,26,197967,9,0,0,65,<=50K
24225,29,413297,12,0,0,45,<=50K
24226,45,240841,14,0,0,40,<=50K
24227,23,152189,12,0,0,40,<=50K
24228,39,85874,9,0,0,40,<=50K
24231,22,362623,9,0,0,40,<=50K
24232,67,37170,4,0,0,3,<=50K
24233,28,30912,9,0,0,40,<=50K
24234,23,35448,10,0,0,25,<=50K
24235,33,173248,9,0,0,35,<=50K
24236,37,49626,11,0,0,43,<=50K
24237,19,102723,10,0,0,40,<=50K
24238,90,166343,2,0,0,40,<=50K
24239,35,168322,7,0,0,40,<=50K
24240,62,131117,4,0,0,38,<=50K
24241,20,210474,10,0,0,15,<=50K
24242,25,110138,9,0,0,40,<=50K
24243,21,107452,9,0,0,40,<=50K
24244,32,160594,10,0,0,35,<=50K
24245,32,186784,13,5013,0,45,<=50K
24246,70,334666,9,0,0,12,<=50K
24248,57,104272,7,0,0,40,<=50K
24249,31,19491,10,0,0,40,<=50K
24251,34,128063,9,0,0,36,<=50K
24252,26,37023,10,0,0,78,<=50K
24253,44,68748,10,0,0,48,<=50K
24254,66,140576,4,0,0,40,<=50K
24255,39,327435,9,0,0,40,<=50K
24258,36,189670,9,0,0,50,<=50K
24259,61,204908,5,0,0,40,<=50K
24261,38,78247,10,0,0,40,<=50K
24262,26,68895,9,0,0,50,<=50K
24263,27,56658,9,0,0,8,<=50K
24264,58,259216,5,0,0,40,<=50K
24265,37,270278,9,0,0,12,<=50K
24266,56,238806,4,0,0,26,<=50K
24268,29,119429,9,0,0,40,<=50K
24269,28,73037,6,0,0,30,<=50K
24273,21,124242,12,0,0,40,<=50K
24275,26,159732,9,0,0,40,<=50K
24276,21,161415,10,0,0,50,<=50K
24277,33,157568,9,0,0,40,<=50K
24278,33,168030,9,0,0,32,<=50K
24280,82,130329,4,0,0,50,<=50K
24283,19,106306,10,0,0,40,<=50K
24284,57,56480,9,0,0,1,<=50K
24286,55,154580,6,2580,0,40,<=50K
24287,27,404421,10,0,0,40,<=50K
24288,33,194901,9,0,0,45,<=50K
24290,72,94242,10,0,0,16,<=50K
24291,68,365020,9,0,0,40,<=50K
24292,29,160512,9,0,0,40,<=50K
24293,41,170331,13,0,0,60,<=50K
24294,30,101266,9,0,0,40,<=50K
24296,54,217718,3,0,0,30,<=50K
24298,56,105281,9,0,1974,40,<=50K
24301,48,39530,9,0,0,40,<=50K
24302,66,212185,4,0,0,48,<=50K
24303,25,90752,13,0,0,50,<=50K
24304,31,202450,9,0,1573,40,<=50K
24305,32,168138,12,2597,0,48,<=50K
24307,42,191765,9,0,2339,40,<=50K
24308,22,210802,10,0,0,35,<=50K
24310,43,113211,9,0,0,40,<=50K
24311,42,134509,10,0,0,40,<=50K
24312,20,147280,9,0,0,40,<=50K
24314,65,398001,9,0,0,20,<=50K
24318,38,121135,9,0,0,40,<=50K
24322,22,115244,12,0,0,40,<=50K
24324,41,169995,10,0,0,20,<=50K
24325,19,198459,9,0,2001,40,<=50K
24326,27,66824,13,3325,0,43,<=50K
24328,52,35305,4,0,0,7,<=50K
24331,29,210464,5,0,0,40,<=50K
24332,41,207685,10,0,0,21,<=50K
24333,38,233717,10,0,0,60,<=50K
24335,37,167613,9,0,0,40,<=50K
24336,55,148773,6,0,0,40,<=50K
24337,62,68268,9,0,0,40,<=50K
24338,48,174533,9,0,0,40,<=50K
24340,25,187502,9,0,0,24,<=50K
24341,47,209320,9,0,0,40,<=50K
24342,49,56841,13,0,0,70,<=50K
24343,55,254627,9,0,0,40,<=50K
24344,42,42703,9,0,0,40,<=50K
24345,40,374137,9,0,0,40,<=50K
24346,34,196385,11,0,0,40,<=50K
24347,38,192930,9,0,0,10,<=50K
24349,45,185437,12,0,0,55,<=50K
24350,43,247162,12,0,0,40,<=50K
24351,32,131534,9,0,0,40,<=50K
24352,18,184693,10,0,0,20,<=50K
24353,27,704108,14,0,0,40,<=50K
24354,57,220262,12,0,0,40,<=50K
24355,38,95654,9,0,0,60,<=50K
24357,26,94392,7,0,0,20,<=50K
24358,21,334113,9,0,0,40,<=50K
24359,17,32763,6,0,0,15,<=50K
24360,31,136651,9,0,0,40,<=50K
24361,51,240236,12,0,0,30,<=50K
24365,31,209103,10,3464,0,45,<=50K
24367,28,84657,13,0,0,40,<=50K
24368,40,151408,14,0,0,40,<=50K
24369,51,106819,4,0,0,19,<=50K
24370,62,132917,10,0,0,20,<=50K
24371,54,146834,6,0,0,60,<=50K
24372,55,164332,9,0,0,16,<=50K
24373,24,30656,9,0,0,20,<=50K
24374,27,113501,14,0,0,45,<=50K
24375,18,165316,9,0,0,30,<=50K
24377,21,126613,9,0,0,40,<=50K
24382,27,84977,9,0,0,40,<=50K
24383,35,240458,7,0,0,40,<=50K
24385,60,123218,10,0,0,40,<=50K
24387,38,115289,9,0,0,40,<=50K
24388,37,373895,10,0,0,35,<=50K
24389,43,152617,10,0,0,40,<=50K
24390,49,72619,10,0,0,50,<=50K
24391,17,41865,6,0,0,25,<=50K
24392,32,190228,9,0,0,60,<=50K
24393,23,193090,13,0,0,38,<=50K
24396,25,181896,13,0,0,40,<=50K
24397,42,268183,13,0,1485,60,<=50K
24398,46,213668,7,0,0,40,<=50K
24399,29,99369,13,0,0,50,<=50K
24402,30,99502,11,0,0,40,<=50K
24403,24,183410,10,0,0,17,<=50K
24404,17,25690,6,0,0,10,<=50K
24405,76,201986,7,0,0,16,<=50K
24406,31,188961,12,0,0,40,<=50K
24408,39,121468,13,0,0,35,<=50K
24410,38,146398,9,0,0,24,<=50K
24411,48,193553,9,0,0,20,<=50K
24412,60,121127,6,0,0,40,<=50K
24413,26,389856,9,0,0,40,<=50K
24414,20,290504,9,0,0,40,<=50K
24416,50,212685,9,0,0,40,<=50K
24417,20,71475,10,0,0,40,<=50K
24418,23,111450,10,0,0,22,<=50K
24420,43,129853,6,0,0,40,<=50K
24421,50,99925,9,0,0,32,<=50K
24422,58,227800,2,0,0,50,<=50K
24423,55,111130,12,0,0,40,<=50K
24425,47,275095,10,0,0,40,<=50K
24426,39,147500,9,0,0,40,<=50K
24428,27,140863,9,0,0,60,<=50K
24429,62,199198,7,0,0,40,<=50K
24430,38,193372,10,0,0,40,<=50K
24431,25,196771,9,0,0,65,<=50K
24432,31,231826,9,0,0,52,<=50K
24433,40,196456,10,0,0,40,<=50K
24434,42,34037,16,0,0,50,<=50K
24437,31,403468,10,0,0,50,<=50K
24438,33,112900,9,0,0,40,<=50K
24439,58,242670,9,0,0,40,<=50K
24443,46,113390,14,0,1740,60,<=50K
24444,28,200733,9,0,0,40,<=50K
24445,24,236769,4,0,0,40,<=50K
24446,39,22494,13,0,0,40,<=50K
24447,60,129379,10,0,0,40,<=50K
24448,22,239098,9,0,0,40,<=50K
24449,27,167501,13,0,0,40,<=50K
24451,47,82797,13,0,0,50,<=50K
24455,26,196899,12,0,0,40,<=50K
24457,39,188069,13,0,0,40,<=50K
24458,60,232337,4,0,0,40,<=50K
24459,32,98656,14,0,0,40,<=50K
24460,19,194260,10,0,0,15,<=50K
24461,49,481987,9,0,0,60,<=50K
24462,31,234976,7,0,0,48,<=50K
24463,29,349116,9,0,0,25,<=50K
24464,39,175390,9,0,0,40,<=50K
24466,26,214637,9,0,0,35,<=50K
24467,27,185127,11,0,0,40,<=50K
24468,52,98752,5,0,0,40,<=50K
24469,50,218382,10,0,0,40,<=50K
24473,61,241013,4,0,0,40,<=50K
24474,35,267798,9,0,0,40,<=50K
24475,41,152880,9,0,0,28,<=50K
24478,20,39764,9,0,0,40,<=50K
24479,35,172186,10,0,0,40,<=50K
24480,30,460408,10,0,1672,45,<=50K
24484,69,76968,5,0,0,25,<=50K
24486,29,37933,10,2174,0,40,<=50K
24487,21,38772,10,0,0,20,<=50K
24488,24,172496,13,0,0,55,<=50K
24489,55,306164,9,0,0,40,<=50K
24490,42,33795,9,0,0,45,<=50K
24491,48,47686,7,0,0,40,<=50K
24492,31,193132,13,0,0,42,<=50K
24494,30,101283,10,0,0,40,<=50K
24495,29,192384,9,0,0,40,<=50K
24496,32,113838,10,0,0,40,<=50K
24498,56,199713,5,0,0,40,<=50K
24499,40,236021,10,0,0,40,<=50K
24500,20,138938,10,0,0,10,<=50K
24501,36,126946,10,0,0,40,<=50K
24502,45,44791,13,0,0,40,<=50K
24503,38,31964,5,0,0,40,<=50K
24505,70,205860,14,0,0,40,<=50K
24506,21,113106,10,0,0,30,<=50K
24507,57,89182,9,0,0,40,<=50K
24508,33,250782,9,0,0,48,<=50K
24509,37,193855,9,0,1902,50,<=50K
24512,28,177955,7,0,0,40,<=50K
24513,32,198660,10,0,0,40,<=50K
24515,18,168740,7,0,0,30,<=50K
24516,45,199625,10,0,0,20,<=50K
24517,22,213902,9,0,0,40,<=50K
24518,38,208379,13,0,0,8,<=50K
24519,37,113120,11,0,0,40,<=50K
24520,23,57827,13,0,0,40,<=50K
24521,59,515712,4,0,0,40,<=50K
24524,18,396270,9,0,0,25,<=50K
24525,30,231620,13,0,0,40,<=50K
24527,63,97823,7,0,0,40,<=50K
24528,38,344480,9,4064,0,40,<=50K
24529,48,176732,5,0,0,40,<=50K
24530,60,143932,9,0,0,40,<=50K
24531,46,551962,9,0,0,50,<=50K
24532,30,298577,9,0,0,30,<=50K
24535,17,193748,7,0,0,15,<=50K
24537,50,192964,9,0,0,65,<=50K
24538,32,217304,13,0,0,30,<=50K
24539,18,120029,9,0,0,40,<=50K
24540,34,62124,9,0,0,40,<=50K
24542,32,192565,7,0,0,55,<=50K
24543,23,220912,13,0,0,40,<=50K
24544,26,184120,13,0,0,50,<=50K
24545,46,140782,12,0,0,50,<=50K
24546,43,170785,10,0,0,55,<=50K
24548,37,108293,12,0,0,38,<=50K
24550,28,339372,13,0,1408,40,<=50K
24551,43,193672,9,0,0,40,<=50K
24552,51,143865,6,0,0,24,<=50K
24553,30,209317,9,0,0,50,<=50K
24555,34,137088,9,0,0,40,<=50K
24557,53,182855,6,0,0,48,<=50K
24558,42,572751,1,0,0,40,<=50K
24559,18,83451,9,0,0,30,<=50K
24561,40,119225,11,0,0,40,<=50K
24562,26,134888,13,0,0,35,<=50K
24563,20,745817,10,0,0,15,<=50K
24564,41,88368,9,0,0,50,<=50K
24566,22,363219,10,0,0,20,<=50K
24568,56,34626,10,0,1980,40,<=50K
24570,34,48014,13,0,0,35,<=50K
24572,28,373698,8,0,0,45,<=50K
24573,35,422933,13,0,0,37,<=50K
24574,29,131088,10,0,0,40,<=50K
24575,21,178255,10,0,0,30,<=50K
24577,45,473171,9,0,0,40,<=50K
24578,43,236985,9,0,0,40,<=50K
24579,35,226379,9,0,0,25,<=50K
24580,21,277700,10,0,0,20,<=50K
24581,35,207568,6,0,0,40,<=50K
24582,30,85708,9,0,0,40,<=50K
24583,45,98765,9,0,0,40,<=50K
24584,29,192283,10,0,0,20,<=50K
24585,29,271012,6,0,0,40,<=50K
24586,33,189265,13,0,0,40,<=50K
24587,17,321880,6,0,0,15,<=50K
24588,52,177465,9,0,0,25,<=50K
24589,24,127647,10,0,0,35,<=50K
24591,40,289748,13,4650,0,48,<=50K
24592,32,209317,9,0,0,40,<=50K
24593,33,284531,13,0,0,40,<=50K
24594,30,251120,4,0,0,38,<=50K
24595,28,113870,9,0,0,40,<=50K
24596,62,170114,12,0,0,50,<=50K
24598,32,328199,11,0,0,64,<=50K
24604,19,118306,9,0,0,16,<=50K
24607,38,205359,7,0,0,32,<=50K
24608,30,398662,9,0,0,40,<=50K
24609,32,202498,7,0,0,40,<=50K
24611,46,191204,11,0,0,40,<=50K
24612,22,56582,9,0,0,50,<=50K
24613,47,51579,10,0,0,50,<=50K
24615,47,227310,10,0,0,40,<=50K
24617,36,28996,9,0,0,40,<=50K
24618,32,160634,13,0,0,60,<=50K
24619,37,222450,7,0,0,40,<=50K
24620,36,180419,9,0,0,45,<=50K
24621,64,116084,9,2635,0,40,<=50K
24622,17,202521,6,0,0,15,<=50K
24623,23,186014,10,0,0,15,<=50K
24624,40,88368,10,914,0,40,<=50K
24626,37,35330,9,0,0,42,<=50K
24627,35,84848,10,0,0,40,<=50K
24628,56,176280,9,0,0,50,<=50K
24629,52,145271,13,0,0,40,<=50K
24632,24,258730,9,0,0,40,<=50K
24633,33,58305,11,0,0,40,<=50K
24634,39,341672,11,0,0,40,<=50K
24635,34,176648,9,0,0,42,<=50K
24636,24,32616,13,0,0,40,<=50K
24637,23,481175,10,0,0,24,<=50K
24639,18,25837,9,0,0,25,<=50K
24640,20,385077,8,0,0,40,<=50K
24642,19,181572,10,0,0,40,<=50K
24644,34,268127,8,0,0,40,<=50K
24645,28,162298,9,0,0,40,<=50K
24646,35,144608,9,0,0,40,<=50K
24647,20,250630,10,0,0,20,<=50K
24648,31,150441,10,0,0,50,<=50K
24649,37,189251,16,0,0,40,<=50K
24650,64,260082,8,0,0,40,<=50K
24652,27,50132,10,0,0,50,<=50K
24653,36,167691,10,0,0,50,<=50K
24655,23,156513,9,0,0,40,<=50K
24656,46,248059,9,3464,0,40,<=50K
24657,24,283092,7,0,0,35,<=50K
24658,22,175883,9,0,0,40,<=50K
24660,19,269991,9,0,0,40,<=50K
24661,20,305446,9,0,0,30,<=50K
24663,57,78707,9,0,0,40,<=50K
24664,19,351802,9,0,0,35,<=50K
24667,17,153021,8,0,0,20,<=50K
24668,36,331902,10,0,0,35,<=50K
24670,35,145704,9,3942,0,35,<=50K
24671,27,205499,16,0,0,77,<=50K
24672,28,293926,9,0,1740,30,<=50K
24674,25,113099,9,0,0,40,<=50K
24675,47,206947,12,0,0,67,<=50K
24677,19,410543,9,0,0,40,<=50K
24678,49,34446,10,0,0,40,<=50K
24680,43,95902,12,0,0,40,<=50K
24681,56,214323,7,0,0,40,<=50K
24682,42,236323,9,0,0,40,<=50K
24684,40,142886,13,0,0,40,<=50K
24685,44,77313,10,0,0,38,<=50K
24686,17,212125,6,0,0,20,<=50K
24687,36,187098,9,0,0,40,<=50K
24688,19,196857,10,0,0,20,<=50K
24690,72,203289,10,0,0,35,<=50K
24691,46,117059,11,0,0,60,<=50K
24692,33,178587,10,0,0,37,<=50K
24693,22,82393,5,0,0,40,<=50K
24694,17,145258,7,0,0,25,<=50K
24696,46,72896,5,0,0,43,<=50K
24697,33,134886,9,0,0,20,<=50K
24698,32,223212,1,0,0,40,<=50K
24699,52,174752,9,0,0,40,<=50K
24700,27,230563,9,0,0,40,<=50K
24702,22,117363,10,0,0,35,<=50K
24703,25,285367,9,0,0,50,<=50K
24704,60,139391,9,0,0,42,<=50K
24705,38,198170,11,0,0,40,<=50K
24706,37,38948,9,0,0,50,<=50K
24707,49,188515,10,0,0,40,<=50K
24708,40,177810,13,0,0,30,<=50K
24710,31,178506,10,0,0,40,<=50K
24711,40,129298,9,0,0,45,<=50K
24712,25,165315,9,0,0,37,<=50K
24714,18,172214,9,0,0,20,<=50K
24715,19,63434,8,0,0,30,<=50K
24716,35,140854,9,0,0,60,<=50K
24717,28,133043,9,0,0,50,<=50K
24718,53,113176,9,2597,0,40,<=50K
24719,33,259301,10,0,0,41,<=50K
24720,20,196643,9,0,0,40,<=50K
24721,45,364365,13,0,0,35,<=50K
24723,34,108454,10,0,0,45,<=50K
24724,32,171637,10,0,0,40,<=50K
24725,19,183589,10,0,0,25,<=50K
24726,24,107801,9,0,0,40,<=50K
24728,32,168981,9,0,0,35,<=50K
24730,31,310773,10,0,0,40,<=50K
24731,21,197050,10,0,0,35,<=50K
24733,23,210797,10,0,0,40,<=50K
24735,60,141221,13,0,2163,25,<=50K
24736,17,276718,9,0,0,20,<=50K
24737,67,336163,9,0,0,24,<=50K
24739,17,165918,7,0,0,20,<=50K
24740,53,165745,9,0,0,40,<=50K
24743,48,197702,10,0,0,40,<=50K
24745,38,213260,9,0,0,40,<=50K
24747,18,89419,9,0,0,10,<=50K
24748,23,119704,10,0,0,40,<=50K
24750,34,182714,9,0,0,35,<=50K
24751,39,172538,9,0,0,40,<=50K
24752,20,220115,9,0,0,12,<=50K
24753,39,158956,10,0,0,40,<=50K
24754,21,25631,10,0,0,40,<=50K
24755,26,476558,4,0,0,40,<=50K
24756,54,35576,10,0,0,40,<=50K
24757,34,203463,10,0,0,40,<=50K
24758,32,317647,9,0,0,40,<=50K
24759,59,170411,4,0,0,40,<=50K
24760,24,174182,7,0,0,24,<=50K
24761,54,220055,13,0,0,40,<=50K
24762,54,231482,13,0,0,40,<=50K
24763,67,335979,9,991,0,18,<=50K
24764,33,279173,9,0,0,60,<=50K
24765,37,89559,9,0,0,40,<=50K
24766,47,161950,13,0,0,25,<=50K
24767,51,131068,9,0,0,40,<=50K
24768,45,219632,9,0,0,40,<=50K
24769,19,175507,9,0,0,30,<=50K
24771,27,287476,9,3325,0,40,<=50K
24772,36,206253,10,0,1617,40,<=50K
24773,20,189203,12,0,0,40,<=50K
24774,51,21698,9,0,0,40,<=50K
24775,45,328051,14,0,0,60,<=50K
24776,32,356689,9,3887,0,40,<=50K
24777,59,121865,9,0,0,40,<=50K
24779,43,218558,9,0,0,40,<=50K
24781,20,189740,10,0,0,32,<=50K
24782,29,188909,13,0,0,42,<=50K
24783,28,213081,7,0,0,40,<=50K
24784,18,157131,7,0,0,40,<=50K
24785,49,98010,13,0,0,50,<=50K
24786,46,207677,9,0,0,30,<=50K
24787,58,361870,9,0,0,30,<=50K
24788,56,266091,13,0,0,45,<=50K
24789,41,106627,12,0,0,50,<=50K
24791,74,206682,10,0,1648,35,<=50K
24792,30,243165,9,0,0,40,<=50K
24793,62,201928,9,0,0,40,<=50K
24794,19,128346,9,0,0,40,<=50K
24795,29,197288,9,0,0,40,<=50K
24796,20,169184,10,0,0,40,<=50K
24797,36,245521,4,0,0,35,<=50K
24798,36,129591,9,0,0,40,<=50K
24799,51,47415,12,0,1628,30,<=50K
24801,29,184710,9,0,0,40,<=50K
24802,17,63734,6,0,0,20,<=50K
24803,18,111256,9,0,0,20,<=50K
24804,40,111483,13,0,0,40,<=50K
24805,26,266639,13,0,0,40,<=50K
24806,42,93853,10,0,0,45,<=50K
24807,32,184207,9,0,0,40,<=50K
24808,33,238002,5,0,0,40,<=50K
24809,28,30237,10,0,0,40,<=50K
24811,47,144844,9,0,0,40,<=50K
24812,37,280500,10,0,0,40,<=50K
24813,73,135601,13,0,0,10,<=50K
24814,37,409189,9,0,0,30,<=50K
24816,19,229756,9,0,0,50,<=50K
24817,32,95530,10,0,0,40,<=50K
24818,44,73199,11,0,0,40,<=50K
24819,20,196745,10,0,0,16,<=50K
24820,29,79481,10,0,0,40,<=50K
24821,21,116934,10,0,0,40,<=50K
24822,34,100950,11,0,0,40,<=50K
24823,44,56651,13,0,0,52,<=50K
24824,18,186954,7,0,0,20,<=50K
24825,22,264874,10,0,0,40,<=50K
24827,26,273399,10,0,0,40,<=50K
24828,29,142443,13,0,0,25,<=50K
24829,21,177526,10,0,0,40,<=50K
24830,49,31267,13,0,0,50,<=50K
24831,24,321666,12,0,0,20,<=50K
24832,26,331861,13,0,0,60,<=50K
24833,25,283515,10,0,0,60,<=50K
24834,30,54608,12,0,0,40,<=50K
24836,30,175931,9,0,0,40,<=50K
24837,20,236804,9,0,0,40,<=50K
24838,31,168782,9,0,0,40,<=50K
24841,31,259705,9,0,0,40,<=50K
24842,57,24384,4,0,0,10,<=50K
24843,58,322013,9,0,0,40,<=50K
24844,41,49797,9,0,0,40,<=50K
24845,23,52566,9,0,0,40,<=50K
24846,47,266275,9,0,0,40,<=50K
24848,26,177858,13,0,1876,38,<=50K
24849,45,183804,10,0,0,40,<=50K
24851,23,173679,10,0,0,40,<=50K
24852,20,163965,9,0,0,40,<=50K
24853,18,173585,7,0,0,15,<=50K
24854,27,172009,13,0,0,40,<=50K
24855,25,44363,9,0,0,35,<=50K
24856,45,246392,9,0,0,30,<=50K
24857,53,167033,10,0,0,40,<=50K
24860,23,447488,5,0,0,35,<=50K
24861,17,239346,6,0,0,18,<=50K
24862,42,245975,9,0,0,40,<=50K
24863,61,34632,8,0,0,40,<=50K
24865,21,24008,10,0,0,35,<=50K
24867,48,326048,12,0,0,44,<=50K
24868,46,250821,15,0,0,48,<=50K
24869,37,154641,9,0,0,86,<=50K
24870,35,198202,9,0,0,54,<=50K
24871,27,170504,13,0,0,40,<=50K
24872,28,191342,10,0,0,40,<=50K
24873,19,238969,9,0,0,10,<=50K
24875,69,148694,9,0,0,40,<=50K
24876,69,180187,12,0,0,6,<=50K
24877,36,168894,11,0,0,40,<=50K
24878,20,203263,8,0,0,35,<=50K
24879,28,89564,13,0,0,50,<=50K
24880,58,97562,9,0,0,38,<=50K
24881,48,336540,9,0,0,40,<=50K
24882,39,139647,10,0,0,56,<=50K
24883,38,160192,9,0,2051,44,<=50K
24884,50,320386,12,0,0,40,<=50K
24885,35,32126,13,0,0,40,<=50K
24886,45,275445,13,0,0,50,<=50K
24887,38,54953,10,0,0,38,<=50K
24889,42,245565,13,0,0,12,<=50K
24890,32,39223,6,0,0,40,<=50K
24892,63,207385,10,0,0,30,<=50K
24893,21,355287,5,0,0,48,<=50K
24896,43,102114,10,0,0,40,<=50K
24897,35,60269,9,0,0,60,<=50K
24898,37,278632,5,0,0,40,<=50K
24899,51,355551,9,0,0,45,<=50K
24901,19,124486,8,0,1602,20,<=50K
24903,61,191417,5,0,0,65,<=50K
24904,21,184543,9,0,0,40,<=50K
24905,45,122206,9,0,0,40,<=50K
24908,40,306495,13,0,0,35,<=50K
24909,32,232855,9,0,0,40,<=50K
24910,55,171328,10,0,0,35,<=50K
24911,64,144182,9,0,0,23,<=50K
24912,34,102858,9,0,0,40,<=50K
24913,19,199495,10,0,0,60,<=50K
24914,58,209438,10,0,0,40,<=50K
24915,46,74895,12,0,1485,55,<=50K
24916,44,184378,11,0,0,40,<=50K
24917,31,446512,10,0,0,40,<=50K
24918,31,113688,9,0,0,40,<=50K
24920,19,118535,8,0,0,18,<=50K
24921,56,76142,9,0,0,40,<=50K
24922,53,38795,5,0,0,40,<=50K
24923,68,208478,14,0,0,18,<=50K
24924,69,203313,9,991,0,18,<=50K
24926,62,198686,9,0,0,40,<=50K
24927,39,56118,9,0,0,40,<=50K
24928,45,359808,12,0,0,40,<=50K
24929,29,231554,10,0,0,50,<=50K
24930,33,34848,10,0,0,40,<=50K
24932,29,196243,9,0,0,40,<=50K
24934,18,189487,10,0,0,35,<=50K
24935,22,194848,9,0,0,40,<=50K
24938,48,70209,10,0,0,20,<=50K
24939,52,123011,9,0,0,45,<=50K
24941,48,497486,9,1471,0,40,<=50K
24942,25,178478,13,0,0,40,<=50K
24944,37,103323,9,0,0,40,<=50K
24945,55,239404,6,0,0,45,<=50K
24946,67,165082,9,0,0,38,<=50K
24947,36,389725,10,0,0,45,<=50K
24948,47,374580,9,0,0,52,<=50K
24949,36,187983,9,0,0,40,<=50K
24950,25,259300,13,0,0,16,<=50K
24951,19,277695,5,0,0,16,<=50K
24952,24,230248,4,0,0,40,<=50K
24953,30,196342,10,0,0,25,<=50K
24954,17,160968,7,0,0,16,<=50K
24955,28,115438,13,0,0,40,<=50K
24956,34,231043,11,3908,0,45,<=50K
24957,35,129597,10,0,0,46,<=50K
24958,24,387108,10,0,0,40,<=50K
24960,20,107242,9,0,0,40,<=50K
24962,22,229456,10,0,0,35,<=50K
24963,20,230113,10,0,0,50,<=50K
24964,44,106698,9,0,0,40,<=50K
24965,38,133454,12,0,0,40,<=50K
24966,53,295520,5,0,0,25,<=50K
24967,26,151551,10,2597,0,48,<=50K
24969,23,320294,9,0,0,40,<=50K
24970,53,162381,2,0,0,50,<=50K
24971,35,183898,9,2354,0,40,<=50K
24972,41,32016,9,0,0,62,<=50K
24973,31,117028,9,0,0,40,<=50K
24974,50,280278,9,0,0,40,<=50K
24976,25,181598,7,0,0,40,<=50K
24977,23,224059,9,0,0,40,<=50K
24978,48,148549,13,0,0,50,<=50K
24979,34,97355,10,0,0,60,<=50K
24980,37,154571,10,0,0,40,<=50K
24981,43,140988,13,0,0,45,<=50K
24982,20,148409,10,1055,0,20,<=50K
24984,27,87006,10,0,1579,40,<=50K
24985,35,112158,6,0,0,40,<=50K
24986,33,121488,13,0,0,40,<=50K
24987,57,283635,10,0,0,40,<=50K
24988,43,69758,12,0,0,40,<=50K
24990,54,88019,10,0,0,55,<=50K
24991,28,31935,10,0,0,40,<=50K
24992,32,323055,9,0,0,40,<=50K
24994,52,89041,9,0,0,40,<=50K
24995,41,112507,6,0,0,60,<=50K
24996,19,236940,9,0,0,40,<=50K
24997,33,278514,9,0,0,42,<=50K
24998,21,433330,10,0,0,40,<=50K
24999,25,258379,13,0,0,32,<=50K
25000,44,162028,7,0,0,44,<=50K
25001,20,197997,10,0,0,40,<=50K
25002,46,98350,6,0,0,37,<=50K
25003,39,165848,9,0,0,50,<=50K
25004,34,178615,9,0,0,40,<=50K
25005,19,228939,9,0,0,35,<=50K
25007,53,154891,5,0,0,40,<=50K
25008,46,165937,11,0,0,40,<=50K
25009,23,138768,13,2907,0,40,<=50K
25010,39,160120,10,0,0,40,<=50K
25011,30,382368,9,0,0,40,<=50K
25013,33,119033,5,0,0,40,<=50K
25014,22,496856,10,0,0,40,<=50K
25015,44,194049,10,0,0,35,<=50K
25016,30,299223,10,0,0,40,<=50K
25017,66,174788,10,0,0,20,<=50K
25018,39,176101,13,0,0,40,<=50K
25020,34,271933,9,0,0,40,<=50K
25021,17,122041,7,0,0,20,<=50K
25024,17,100828,7,0,0,20,<=50K
25025,60,121319,4,3137,0,40,<=50K
25026,63,308028,14,5013,0,40,<=50K
25027,42,213214,12,0,0,40,<=50K
25028,30,348618,5,0,0,40,<=50K
25029,33,275632,9,0,0,40,<=50K
25030,43,239161,10,0,0,40,<=50K
25031,20,215495,5,0,0,40,<=50K
25032,30,214063,10,0,0,72,<=50K
25033,37,122493,9,0,0,45,<=50K
25034,33,211699,10,0,0,40,<=50K
25036,65,153522,9,0,0,17,<=50K
25038,27,119793,13,0,0,40,<=50K
25040,18,162840,8,0,0,20,<=50K
25041,41,67671,14,0,0,50,<=50K
25042,38,188888,13,0,1340,40,<=50K
25043,45,140644,9,0,0,40,<=50K
25044,18,126154,10,0,0,40,<=50K
25045,33,245659,10,0,0,38,<=50K
25046,28,129624,9,0,0,40,<=50K
25047,47,104068,9,0,0,40,<=50K
25048,30,337908,12,0,0,20,<=50K
25049,36,161141,12,0,0,40,<=50K
25050,21,162228,9,0,0,30,<=50K
25051,44,116391,13,0,0,40,<=50K
25052,33,314310,9,0,0,20,<=50K
25053,61,394534,9,0,0,6,<=50K
25054,29,308136,10,0,0,40,<=50K
25056,18,67793,9,0,0,60,<=50K
25058,27,289147,13,0,0,40,<=50K
25059,21,229826,10,0,0,20,<=50K
25060,22,154235,10,3781,0,35,<=50K
25062,35,188041,10,0,0,50,<=50K
25064,37,105266,10,0,0,40,<=50K
25066,26,203492,9,0,0,40,<=50K
25067,18,71076,9,0,0,40,<=50K
25068,55,146477,10,0,0,45,<=50K
25070,59,205949,9,0,0,40,<=50K
25071,70,90245,9,0,0,5,<=50K
25073,39,126494,9,0,0,40,<=50K
25074,38,257735,5,0,0,40,<=50K
25075,33,1161363,10,0,0,50,<=50K
25076,19,257343,10,0,0,40,<=50K
25077,28,221452,9,0,0,40,<=50K
25078,74,260669,6,0,0,1,<=50K
25080,35,80479,11,0,0,40,<=50K
25081,35,108808,9,0,0,50,<=50K
25083,38,272950,10,0,0,50,<=50K
25085,46,122206,9,0,0,50,<=50K
25086,46,121168,9,0,0,40,<=50K
25089,39,176296,12,0,0,60,<=50K
25090,31,91666,9,0,0,60,<=50K
25091,50,191025,14,4650,0,70,<=50K
25092,31,63704,13,0,0,40,<=50K
25093,27,31659,10,0,0,45,<=50K
25094,27,191230,10,0,0,25,<=50K
25095,28,56340,13,0,0,20,<=50K
25096,21,221157,9,0,0,30,<=50K
25097,57,143910,13,0,0,40,<=50K
25098,56,435836,14,0,0,40,<=50K
25099,22,61499,9,0,0,40,<=50K
25100,48,209182,1,0,0,40,<=50K
25101,36,107218,10,0,0,55,<=50K
25102,51,55500,8,0,0,40,<=50K
25103,39,357962,12,0,0,48,<=50K
25105,38,320451,14,0,0,40,<=50K
25106,51,184542,9,0,0,40,<=50K
25107,43,206927,9,0,0,40,<=50K
25109,35,208165,9,0,0,50,<=50K
25111,39,318416,6,0,0,12,<=50K
25112,47,207540,4,0,0,40,<=50K
25113,23,69911,1,0,0,15,<=50K
25114,26,305304,7,0,0,40,<=50K
25115,25,295289,9,0,0,40,<=50K
25116,29,275110,10,0,0,42,<=50K
25117,30,339773,9,0,0,45,<=50K
25118,57,399246,13,0,1485,40,<=50K
25122,45,215943,9,0,0,40,<=50K
25123,21,176178,10,0,0,16,<=50K
25124,25,180884,10,0,0,40,<=50K
25125,61,130466,9,0,0,40,<=50K
25126,59,328525,9,2414,0,15,<=50K
25127,28,142712,9,0,0,40,<=50K
25128,24,176321,10,0,0,40,<=50K
25130,29,95423,9,0,0,80,<=50K
25131,49,215096,5,0,0,20,<=50K
25132,41,177599,13,0,0,35,<=50K
25133,33,123920,10,0,0,40,<=50K
25134,20,201490,10,0,0,40,<=50K
25136,32,388672,10,0,0,16,<=50K
25138,24,134787,10,0,0,40,<=50K
25140,31,86143,9,0,0,40,<=50K
25142,35,195744,9,0,0,40,<=50K
25143,50,96062,9,0,0,40,<=50K
25144,39,215150,5,0,0,50,<=50K
25145,52,270728,4,0,0,48,<=50K
25146,44,75012,9,0,0,80,<=50K
25148,39,50700,9,0,0,40,<=50K
25152,28,34452,15,0,0,40,<=50K
25153,19,361341,8,0,0,25,<=50K
25154,35,78247,11,0,0,50,<=50K
25155,44,106900,13,0,0,60,<=50K
25156,40,165108,13,0,0,40,<=50K
25157,20,406641,10,0,0,35,<=50K
25159,30,341187,4,0,0,35,<=50K
25161,75,104896,9,2653,0,20,<=50K
25162,17,342752,7,0,0,15,<=50K
25164,20,47541,10,0,0,30,<=50K
25165,25,233461,12,0,0,30,<=50K
25166,27,303954,13,0,0,45,<=50K
25167,19,163015,10,0,0,20,<=50K
25168,21,75763,10,0,0,40,<=50K
25169,19,43003,10,0,0,20,<=50K
25170,42,328239,10,0,0,40,<=50K
25171,28,130856,6,0,0,36,<=50K
25173,59,170148,10,0,0,32,<=50K
25175,48,213140,9,0,0,80,<=50K
25176,33,175509,9,0,0,40,<=50K
25177,27,173611,12,0,0,40,<=50K
25179,24,64520,4,0,0,40,<=50K
25181,24,258700,3,0,0,40,<=50K
25182,29,34796,9,0,0,40,<=50K
25183,24,124963,9,0,0,30,<=50K
25184,24,65743,13,0,0,30,<=50K
25185,28,161087,10,0,0,45,<=50K
25186,63,424591,9,0,0,40,<=50K
25187,36,203836,10,0,0,50,<=50K
25188,58,110199,4,0,0,40,<=50K
25189,51,316059,10,0,0,36,<=50K
25191,39,193689,10,0,0,40,<=50K
25192,26,60722,13,0,0,40,<=50K
25193,39,187847,10,0,0,40,<=50K
25194,28,233275,13,0,0,45,<=50K
25196,45,201865,13,0,0,40,<=50K
25197,45,118889,11,0,0,40,<=50K
25198,23,368739,13,0,0,40,<=50K
25199,38,123833,10,0,1408,40,<=50K
25200,38,171344,7,0,0,36,<=50K
25201,39,153976,10,0,0,40,<=50K
25202,52,374883,11,0,0,50,<=50K
25203,17,167658,8,0,0,6,<=50K
25204,31,348504,13,0,0,50,<=50K
25205,22,258509,9,0,0,24,<=50K
25206,47,108890,9,1831,0,38,<=50K
25207,28,188236,10,0,0,40,<=50K
25208,30,355571,9,0,0,40,<=50K
25210,29,142555,14,0,0,42,<=50K
25212,52,207841,10,0,0,40,<=50K
25213,35,187329,13,0,0,40,<=50K
25214,28,270973,12,0,0,40,<=50K
25216,21,175166,10,2176,0,40,<=50K
25217,45,160187,9,0,0,40,<=50K
25218,21,197918,9,0,0,40,<=50K
25219,74,192290,6,0,0,20,<=50K
25220,29,241895,9,0,0,40,<=50K
25221,39,164515,9,0,0,40,<=50K
25223,23,306868,13,0,0,40,<=50K
25224,32,169837,12,0,0,40,<=50K
25225,61,124648,6,0,0,40,<=50K
25227,23,240049,1,0,0,40,<=50K
25228,18,164441,10,0,0,38,<=50K
25229,38,179314,9,0,0,40,<=50K
25230,33,319854,13,4650,0,35,<=50K
25231,19,148955,10,0,0,35,<=50K
25232,23,32950,10,4101,0,40,<=50K
25233,37,206699,9,0,0,45,<=50K
25234,25,385646,9,0,0,40,<=50K
25235,36,31438,9,0,0,43,<=50K
25237,32,97306,13,0,0,48,<=50K
25238,65,106910,7,0,0,15,<=50K
25239,18,29582,7,0,0,40,<=50K
25240,25,220284,9,0,0,40,<=50K
25241,29,110226,14,0,0,65,<=50K
25242,53,240914,10,0,0,40,<=50K
25244,27,105817,13,0,0,45,<=50K
25245,24,330836,9,0,0,40,<=50K
25246,54,36327,4,0,0,50,<=50K
25247,23,33423,10,0,0,30,<=50K
25248,45,75673,11,0,0,40,<=50K
25251,44,196456,14,0,1669,40,<=50K
25252,24,111450,9,0,0,40,<=50K
25253,39,115289,10,0,1380,70,<=50K
25254,50,74879,9,0,0,40,<=50K
25256,58,272902,13,0,0,40,<=50K
25257,44,220230,9,0,0,48,<=50K
25258,24,90934,13,0,0,55,<=50K
25262,34,195602,12,0,0,44,<=50K
25263,40,70761,12,0,0,40,<=50K
25264,53,142717,13,0,0,40,<=50K
25265,24,124242,9,0,0,40,<=50K
25266,58,53481,13,0,0,70,<=50K
25267,26,287797,10,0,0,45,<=50K
25268,22,188274,12,0,0,40,<=50K
25269,36,171968,9,0,0,40,<=50K
25270,78,74795,12,0,0,4,<=50K
25272,43,94937,13,0,0,28,<=50K
25273,60,109511,4,0,0,40,<=50K
25276,34,120672,4,0,0,10,<=50K
25277,46,130779,10,0,0,40,<=50K
25278,46,441542,13,0,0,40,<=50K
25279,69,114801,9,0,0,20,<=50K
25282,61,180382,3,3411,0,45,<=50K
25284,47,139268,9,0,0,40,<=50K
25285,29,126208,9,0,0,40,<=50K
25286,37,186191,9,0,0,46,<=50K
25289,33,181388,9,0,0,40,<=50K
25291,24,188925,11,0,0,40,<=50K
25292,37,149230,11,0,0,40,<=50K
25293,40,388725,10,0,0,40,<=50K
25294,34,113543,14,0,0,40,<=50K
25295,61,187636,13,0,0,40,<=50K
25296,56,267763,9,0,0,40,<=50K
25297,69,143849,7,0,0,20,<=50K
25298,41,97277,11,0,0,10,<=50K
25299,40,199303,9,0,0,40,<=50K
25300,57,124852,10,0,0,40,<=50K
25301,26,50053,13,0,0,55,<=50K
25303,90,175444,4,0,0,15,<=50K
25304,39,337898,13,0,0,55,<=50K
25305,51,124076,13,0,0,40,<=50K
25307,51,280278,6,0,0,40,<=50K
25308,17,241185,8,0,0,20,<=50K
25309,42,202188,10,0,1741,50,<=50K
25310,42,198422,10,0,0,40,<=50K
25314,43,212847,10,0,0,40,<=50K
25317,21,313873,3,0,0,40,<=50K
25318,31,144064,10,0,0,40,<=50K
25321,66,212759,13,6767,0,20,<=50K
25322,27,195562,9,0,0,20,<=50K
25323,40,205706,9,0,0,40,<=50K
25325,18,54440,10,0,0,30,<=50K
25326,43,200734,9,0,0,40,<=50K
25328,31,159589,9,0,0,85,<=50K
25329,28,300915,9,0,0,60,<=50K
25330,44,185057,14,0,0,35,<=50K
25331,37,42044,10,0,0,84,<=50K
25333,42,212737,5,0,0,40,<=50K
25334,18,236069,6,0,0,10,<=50K
25337,54,145419,9,0,1672,50,<=50K
25338,56,147202,10,0,0,45,<=50K
25339,27,29261,10,0,0,50,<=50K
25340,26,359543,13,0,0,40,<=50K
25341,41,227644,10,0,0,40,<=50K
25342,41,90021,9,0,0,40,<=50K
25343,32,188154,10,0,0,40,<=50K
25344,18,110142,9,0,0,30,<=50K
25345,36,186415,9,0,0,65,<=50K
25346,37,175720,6,0,0,40,<=50K
25347,31,172865,3,0,0,25,<=50K
25348,46,35969,13,0,0,51,<=50K
25349,24,433330,9,0,0,40,<=50K
25350,25,160261,13,0,0,35,<=50K
25351,55,189528,3,0,0,50,<=50K
25352,64,113324,9,0,0,40,<=50K
25353,30,118500,13,0,0,40,<=50K
25354,65,89681,14,0,0,99,<=50K
25355,46,199925,13,0,0,40,<=50K
25357,18,444607,10,0,0,25,<=50K
25358,32,176998,13,0,0,40,<=50K
25361,35,180686,9,3137,0,40,<=50K
25362,26,108019,9,3325,0,40,<=50K
25363,24,153542,10,0,0,35,<=50K
25365,36,185394,6,0,0,34,<=50K
25366,44,222703,4,0,0,40,<=50K
25367,23,183945,10,0,0,60,<=50K
25368,57,161964,9,0,0,55,<=50K
25370,20,312427,9,0,0,30,<=50K
25371,32,53373,10,0,0,36,<=50K
25373,38,124665,13,0,0,20,<=50K
25374,29,146719,9,0,0,45,<=50K
25375,22,306593,9,0,0,40,<=50K
25376,21,156687,10,0,0,30,<=50K
25377,40,153489,9,3137,0,40,<=50K
25379,45,127089,14,0,0,45,<=50K
25380,76,329355,9,0,0,13,<=50K
25382,49,304246,14,0,0,70,<=50K
25384,22,148294,7,0,0,35,<=50K
25385,47,298037,11,0,0,44,<=50K
25386,26,98155,9,0,0,55,<=50K
25387,21,102766,10,0,0,40,<=50K
25388,27,78529,9,0,0,15,<=50K
25389,26,136309,13,0,0,40,<=50K
25390,20,275357,11,0,0,25,<=50K
25391,31,33117,14,0,0,45,<=50K
25392,57,199546,14,0,0,40,<=50K
25393,39,184128,7,0,0,40,<=50K
25395,66,126511,10,0,0,45,<=50K
25396,34,325792,10,0,0,40,<=50K
25397,80,91901,9,0,0,25,<=50K
25398,21,119474,9,0,0,40,<=50K
25400,49,321851,12,0,0,30,<=50K
25401,48,108557,10,3325,0,60,<=50K
25402,19,67217,10,594,0,24,<=50K
25403,42,195508,7,0,0,40,<=50K
25404,59,102193,9,0,0,45,<=50K
25405,63,20323,10,0,0,40,<=50K
25406,26,122206,9,0,0,40,<=50K
25407,41,200652,5,0,0,35,<=50K
25408,42,173590,10,0,1628,40,<=50K
25409,19,184121,9,0,0,20,<=50K
25410,45,53123,7,0,0,25,<=50K
25412,47,316101,9,0,0,40,<=50K
25413,34,34080,11,0,0,40,<=50K
25415,36,126954,9,0,0,40,<=50K
25417,21,40052,10,0,2001,45,<=50K
25418,39,120074,9,0,0,40,<=50K
25419,52,77336,11,0,0,40,<=50K
25420,18,60981,10,2176,0,35,<=50K
25421,59,77884,11,0,0,40,<=50K
25427,54,184620,14,0,0,40,<=50K
25428,22,34443,9,0,0,25,<=50K
25430,20,41356,12,0,0,32,<=50K
25431,43,459342,9,0,0,40,<=50K
25432,48,148549,13,0,0,40,<=50K
25433,24,254293,13,2174,0,45,<=50K
25435,26,238367,9,0,0,40,<=50K
25440,46,319163,9,0,0,40,<=50K
25441,60,160155,13,0,0,12,<=50K
25442,52,378045,9,0,0,45,<=50K
25443,44,177083,9,0,0,40,<=50K
25444,56,119891,10,0,1672,40,<=50K
25445,57,127779,9,0,0,40,<=50K
25446,35,299353,9,0,0,40,<=50K
25447,30,63861,12,0,0,40,<=50K
25448,29,112403,10,0,0,35,<=50K
25450,28,452808,6,0,0,40,<=50K
25451,30,176871,10,0,0,40,<=50K
25452,45,100651,9,0,1980,40,<=50K
25453,17,266134,6,0,0,12,<=50K
25454,54,196307,6,0,0,40,<=50K
25455,31,87891,10,0,0,40,<=50K
25457,55,136819,13,0,0,40,<=50K
25458,26,181666,12,0,0,40,<=50K
25459,37,179671,5,0,0,50,<=50K
25461,38,338320,13,0,0,40,<=50K
25462,51,199688,10,0,0,45,<=50K
25463,41,96635,9,0,0,60,<=50K
25464,24,165064,10,0,0,40,<=50K
25466,33,82393,9,0,0,40,<=50K
25467,31,209538,6,0,0,40,<=50K
25468,27,209891,10,0,0,50,<=50K
25469,32,56026,13,0,0,45,<=50K
25470,35,210844,12,0,0,40,<=50K
25472,40,193144,9,0,0,36,<=50K
25473,19,137578,9,0,0,53,<=50K
25474,23,234108,12,0,0,32,<=50K
25475,40,155767,9,0,0,40,<=50K
25477,43,403276,9,0,0,40,<=50K
25478,43,147269,6,0,0,60,<=50K
25479,53,123092,9,0,0,40,<=50K
25480,26,165673,9,0,0,40,<=50K
25483,32,92531,9,0,0,40,<=50K
25484,25,157028,13,0,0,40,<=50K
25485,20,228649,9,0,0,40,<=50K
25486,22,147253,10,0,0,15,<=50K
25487,33,160784,6,0,0,40,<=50K
25488,26,163189,10,0,0,40,<=50K
25489,29,146343,9,0,0,25,<=50K
25490,20,225811,9,0,0,23,<=50K
25492,58,374108,10,0,0,40,<=50K
25493,32,93930,9,0,0,40,<=50K
25494,23,412248,12,0,0,25,<=50K
25495,30,427474,5,0,0,40,<=50K
25496,67,160158,10,0,0,8,<=50K
25497,26,159603,12,0,0,32,<=50K
25498,53,101017,9,0,0,35,<=50K
25499,27,163862,9,0,0,60,<=50K
25500,29,212588,10,0,0,65,<=50K
25502,17,317702,5,0,0,40,<=50K
25504,52,135607,10,0,0,40,<=50K
25505,28,168514,12,0,0,40,<=50K
25506,18,88642,10,0,0,15,<=50K
25507,28,227104,10,0,0,30,<=50K
25508,34,157289,10,0,0,40,<=50K
25510,46,294907,3,0,0,40,<=50K
25511,30,251411,10,0,0,40,<=50K
25512,20,183594,10,0,0,40,<=50K
25513,29,189565,9,2174,0,50,<=50K
25514,55,217802,10,0,0,25,<=50K
25515,20,388156,10,0,0,24,<=50K
25516,54,447555,6,0,0,40,<=50K
25517,27,204098,6,0,0,30,<=50K
25518,43,193882,10,0,0,55,<=50K
25519,17,89870,6,0,0,40,<=50K
25520,48,49595,14,0,0,72,<=50K
25521,34,228873,13,0,0,40,<=50K
25522,66,108185,5,0,0,40,<=50K
25523,29,176027,13,0,0,40,<=50K
25524,43,405374,10,0,0,40,<=50K
25525,37,39606,11,0,0,40,<=50K
25528,54,196328,13,0,0,40,<=50K
25529,45,20534,10,0,0,41,<=50K
25530,29,156815,9,0,0,40,<=50K
25531,26,360252,12,0,0,40,<=50K
25533,33,422718,9,0,0,40,<=50K
25534,45,118081,10,3103,0,42,<=50K
25535,25,262978,10,0,0,30,<=50K
25536,25,187577,9,0,0,40,<=50K
25537,69,259323,15,0,0,5,<=50K
25538,37,160920,12,0,0,40,<=50K
25539,20,194247,9,0,0,25,<=50K
25541,17,123335,6,0,0,20,<=50K
25542,27,332249,9,0,0,40,<=50K
25543,26,358124,9,0,0,40,<=50K
25544,55,208019,3,0,0,40,<=50K
25545,39,318452,7,0,0,60,<=50K
25546,41,207779,9,0,0,40,<=50K
25547,34,238376,2,0,0,40,<=50K
25549,67,239705,16,0,0,12,<=50K
25550,40,133974,10,0,0,40,<=50K
25551,58,138285,12,0,1740,40,<=50K
25552,23,152140,9,0,0,40,<=50K
25555,43,78765,10,0,0,40,<=50K
25556,25,99076,13,2597,0,50,<=50K
25557,36,224886,13,2407,0,40,<=50K
25558,58,206532,9,0,0,50,<=50K
25559,33,129529,9,0,0,40,<=50K
25560,60,202473,11,0,0,40,<=50K
25561,24,162312,9,0,0,40,<=50K
25562,45,72844,9,0,0,46,<=50K
25563,49,206947,9,0,0,40,<=50K
25564,19,64112,8,0,0,40,<=50K
25565,34,20057,10,0,0,38,<=50K
25566,42,222884,13,0,0,40,<=50K
25567,25,132683,9,0,0,50,<=50K
25568,73,177773,9,0,0,15,<=50K
25569,59,144071,3,2580,0,15,<=50K
25570,28,148429,9,2885,0,40,<=50K
25571,19,168601,7,0,0,30,<=50K
25572,31,78291,13,0,0,40,<=50K
25573,58,243929,13,0,0,48,<=50K
25574,21,215039,9,0,0,13,<=50K
25577,41,173858,4,0,0,40,<=50K
25578,59,87247,6,0,0,40,<=50K
25580,48,93476,9,0,2001,40,<=50K
25582,44,128676,10,0,0,40,<=50K
25583,24,205844,13,0,0,40,<=50K
25584,28,62535,9,0,0,43,<=50K
25585,50,240612,9,0,0,10,<=50K
25587,23,254127,13,0,0,50,<=50K
25588,30,138744,9,0,0,40,<=50K
25589,46,128460,6,0,0,40,<=50K
25590,21,56582,10,0,0,10,<=50K
25591,52,153751,5,0,0,30,<=50K
25592,26,284343,13,0,0,50,<=50K
25593,27,312692,13,0,0,12,<=50K
25594,28,111520,7,0,0,40,<=50K
25596,28,288598,9,0,0,35,<=50K
25597,61,117387,7,0,0,20,<=50K
25598,32,230484,4,0,0,35,<=50K
25599,30,319280,10,0,0,40,<=50K
25600,51,186416,13,0,0,40,<=50K
25602,36,145933,9,0,2258,70,<=50K
25603,28,110164,10,0,0,24,<=50K
25605,61,220342,4,0,0,30,<=50K
25607,55,225365,9,0,0,30,<=50K
25608,36,187983,13,0,0,40,<=50K
25609,21,89991,10,0,0,40,<=50K
25612,59,145574,7,0,0,40,<=50K
25614,59,365390,10,0,0,40,<=50K
25615,20,266467,9,0,0,25,<=50K
25616,42,183384,10,0,0,40,<=50K
25617,41,112797,14,0,0,60,<=50K
25619,36,156780,9,0,0,40,<=50K
25621,25,25497,13,0,0,40,<=50K
25624,39,30916,9,0,0,40,<=50K
25626,22,210165,10,0,0,40,<=50K
25628,53,188067,10,0,0,40,<=50K
25630,27,250314,5,0,0,40,<=50K
25631,60,205934,9,0,0,25,<=50K
25635,56,147653,9,0,0,32,<=50K
25637,29,168221,13,0,1740,70,<=50K
25638,19,151801,6,0,0,39,<=50K
25639,38,177154,9,0,0,40,<=50K
25642,22,43535,10,0,0,40,<=50K
25643,32,104509,9,0,0,25,<=50K
25644,27,118230,13,0,0,40,<=50K
25645,25,152046,13,0,0,40,<=50K
25647,22,218886,8,0,0,40,<=50K
25648,32,84119,9,0,0,45,<=50K
25649,37,189674,13,0,0,40,<=50K
25650,22,222993,9,0,0,54,<=50K
25652,42,144995,1,0,0,25,<=50K
25653,45,187969,11,0,0,38,<=50K
25654,33,288398,13,0,0,45,<=50K
25655,39,114591,10,0,0,40,<=50K
25656,27,167737,8,0,0,45,<=50K
25658,30,165686,13,0,0,40,<=50K
25659,52,40200,10,0,0,35,<=50K
25662,61,124242,9,0,0,40,<=50K
25663,39,239119,14,0,0,40,<=50K
25664,47,190072,10,0,0,50,<=50K
25665,19,378114,9,0,0,25,<=50K
25666,37,236990,10,3464,0,40,<=50K
25667,31,101761,9,0,0,51,<=50K
25668,69,37745,11,0,0,8,<=50K
25669,22,424494,10,0,0,25,<=50K
25670,29,130438,9,0,0,40,<=50K
25671,24,100605,10,0,0,14,<=50K
25672,42,220776,9,0,0,40,<=50K
25675,27,210765,11,0,0,40,<=50K
25676,53,147476,9,0,0,40,<=50K
25677,35,193241,9,0,1651,40,<=50K
25678,22,109053,8,0,0,40,<=50K
25679,25,265618,9,0,0,40,<=50K
25681,27,68848,13,0,0,35,<=50K
25682,30,229051,5,0,0,37,<=50K
25683,27,106039,13,0,0,50,<=50K
25684,25,112835,13,0,0,40,<=50K
25685,36,205396,9,0,0,4,<=50K
25686,32,283400,9,0,0,40,<=50K
25687,70,195739,6,0,0,45,<=50K
25688,50,36480,9,0,0,40,<=50K
25689,40,303291,10,0,0,35,<=50K
25690,34,293900,7,0,0,55,<=50K
25691,57,165922,9,0,0,50,<=50K
25692,39,65738,14,0,0,32,<=50K
25693,49,175070,10,0,0,40,<=50K
25695,26,150132,9,0,0,45,<=50K
25696,31,377374,10,0,0,40,<=50K
25697,60,166153,10,0,0,50,<=50K
25700,27,194243,15,0,0,40,<=50K
25701,31,106347,10,0,0,40,<=50K
25702,59,214865,9,0,0,50,<=50K
25703,19,185619,10,0,0,20,<=50K
25704,18,96445,10,0,0,24,<=50K
25705,22,102632,10,0,0,45,<=50K
25706,24,209034,12,0,0,20,<=50K
25710,60,188236,6,0,0,40,<=50K
25711,24,418405,9,0,0,40,<=50K
25712,52,125796,9,0,0,40,<=50K
25714,34,329587,6,0,0,35,<=50K
25716,38,446654,5,0,0,40,<=50K
25717,34,254304,9,4508,0,90,<=50K
25719,23,103632,9,0,0,40,<=50K
25720,40,241895,10,0,0,40,<=50K
25721,40,244945,9,0,0,40,<=50K
25723,17,347322,6,0,0,20,<=50K
25724,53,103995,13,0,1876,54,<=50K
25726,43,387839,9,0,0,40,<=50K
25727,18,57108,7,0,0,16,<=50K
25728,62,177791,6,0,0,40,<=50K
25729,45,33794,14,0,0,40,<=50K
25730,46,249935,16,0,0,70,<=50K
25731,73,241121,4,0,0,40,<=50K
25734,23,434467,9,0,0,48,<=50K
25735,30,113364,9,0,0,40,<=50K
25736,51,249706,10,0,0,40,<=50K
25737,35,95455,13,0,0,55,<=50K
25740,41,289669,9,0,0,40,<=50K
25741,31,347166,10,4650,0,40,<=50K
25744,31,266126,9,0,0,30,<=50K
25745,41,146659,10,0,0,40,<=50K
25746,42,125280,13,3137,0,40,<=50K
25747,23,173535,9,0,0,40,<=50K
25748,21,77665,10,0,0,35,<=50K
25750,53,479621,11,0,0,40,<=50K
25752,36,247600,12,0,0,40,<=50K
25753,32,258406,10,0,0,72,<=50K
25754,20,107746,7,0,0,40,<=50K
25755,17,47407,7,0,0,10,<=50K
25756,22,229987,10,0,0,32,<=50K
25757,25,312338,11,0,0,40,<=50K
25758,58,225394,9,0,1902,40,<=50K
25759,24,373718,10,0,0,20,<=50K
25761,20,472789,2,0,0,30,<=50K
25763,20,138352,9,0,0,30,<=50K
25767,22,260594,7,0,0,25,<=50K
25768,19,236879,10,0,0,35,<=50K
25769,37,186808,9,0,0,40,<=50K
25771,44,187629,12,0,0,25,<=50K
25772,63,106648,9,0,0,25,<=50K
25773,22,305781,9,0,0,45,<=50K
25774,31,256362,13,3908,0,50,<=50K
25775,17,239947,7,0,0,40,<=50K
25776,21,349041,9,0,0,40,<=50K
25778,46,182715,4,0,0,40,<=50K
25779,29,166210,9,0,0,50,<=50K
25780,20,113200,10,0,0,6,<=50K
25781,27,142075,10,0,0,24,<=50K
25783,19,142219,10,0,0,30,<=50K
25784,36,112512,8,0,0,40,<=50K
25786,62,265201,13,0,0,40,<=50K
25787,28,251905,15,0,2339,40,<=50K
25788,18,170627,7,0,0,15,<=50K
25790,37,259089,13,0,0,40,<=50K
25791,27,21856,10,0,0,40,<=50K
25792,46,207946,14,0,0,43,<=50K
25793,29,77009,7,0,2754,42,<=50K
25795,62,176811,9,0,0,40,<=50K
25797,28,277746,6,0,0,40,<=50K
25798,22,288132,10,0,0,35,<=50K
25801,34,198091,9,0,0,72,<=50K
25804,30,113364,10,0,0,40,<=50K
25805,19,270551,9,0,0,20,<=50K
25806,49,31478,4,0,0,99,<=50K
25807,27,190525,11,0,0,45,<=50K
25810,47,99911,8,0,0,55,<=50K
25811,57,343447,9,0,0,40,<=50K
25812,64,169482,10,0,0,40,<=50K
25813,56,32855,9,0,0,40,<=50K
25814,53,194501,7,0,0,47,<=50K
25816,31,123983,10,0,0,40,<=50K
25818,45,235431,9,0,0,40,<=50K
25819,63,83043,13,0,2179,45,<=50K
25820,45,130206,9,0,0,40,<=50K
25821,23,210053,10,0,0,28,<=50K
25822,39,249392,14,0,0,72,<=50K
25823,31,87418,11,0,0,40,<=50K
25824,35,190387,13,0,0,45,<=50K
25826,22,211013,10,0,0,40,<=50K
25827,40,105862,13,5455,0,40,<=50K
25829,31,173495,9,0,0,40,<=50K
25830,58,78634,7,0,0,60,<=50K
25832,46,82572,9,0,0,40,<=50K
25833,38,154641,11,0,0,40,<=50K
25834,22,39236,10,594,0,25,<=50K
25835,17,64785,6,0,0,30,<=50K
25836,48,179337,9,0,0,60,<=50K
25837,73,173047,13,0,0,15,<=50K
25839,53,227836,10,0,0,40,<=50K
25842,37,146398,13,0,0,40,<=50K
25843,30,324120,9,0,0,50,<=50K
25844,29,367329,9,0,0,40,<=50K
25845,29,301582,10,0,0,40,<=50K
25846,75,222789,13,0,0,6,<=50K
25848,42,82297,4,0,0,50,<=50K
25849,62,180162,5,0,0,24,<=50K
25853,70,163057,9,2009,0,40,<=50K
25854,42,102069,4,0,0,30,<=50K
25856,42,109273,10,0,0,40,<=50K
25860,27,493689,13,0,0,40,<=50K
25861,54,299324,3,0,0,40,<=50K
25863,29,174419,9,0,0,30,<=50K
25864,29,209472,9,0,0,38,<=50K
25865,37,295127,10,0,0,47,<=50K
25866,55,182273,10,0,0,40,<=50K
25867,67,228200,9,0,0,20,<=50K
25868,51,263836,9,0,0,30,<=50K
25869,35,178948,14,0,0,32,<=50K
25870,41,43945,4,0,0,40,<=50K
25871,64,253296,9,0,0,40,<=50K
25872,23,240137,3,0,0,55,<=50K
25873,49,24712,13,0,0,35,<=50K
25874,38,342635,13,0,0,70,<=50K
25875,62,115387,9,0,0,40,<=50K
25876,62,182998,4,0,0,10,<=50K
25877,70,133248,9,0,0,14,<=50K
25878,45,246891,14,0,0,40,<=50K
25879,20,30035,12,0,0,40,<=50K
25880,38,175232,9,0,0,48,<=50K
25881,50,140516,13,0,0,40,<=50K
25883,30,155781,9,0,0,70,<=50K
25884,52,192065,10,0,0,40,<=50K
25886,62,162249,9,0,0,30,<=50K
25887,31,165949,9,0,0,40,<=50K
25889,34,211948,9,0,1590,40,<=50K
25891,42,89413,8,0,0,40,<=50K
25892,26,289700,10,0,0,25,<=50K
25895,43,169031,9,0,0,40,<=50K
25896,42,54611,10,0,0,40,<=50K
25897,31,130620,7,0,0,40,<=50K
25898,26,328663,9,0,0,40,<=50K
25899,50,169646,13,0,0,40,<=50K
25900,35,186815,9,0,0,40,<=50K
25901,37,103925,10,0,0,40,<=50K
25902,53,150393,9,0,1504,35,<=50K
25903,20,82777,10,0,0,16,<=50K
25905,28,51672,9,0,0,35,<=50K
25907,21,212114,10,0,0,8,<=50K
25910,66,179951,13,0,0,70,<=50K
25912,74,236012,4,0,0,20,<=50K
25916,30,151001,3,3464,0,40,<=50K
25918,49,97883,13,0,0,40,<=50K
25919,53,91911,9,0,0,48,<=50K
25920,24,278130,11,0,0,40,<=50K
25921,54,146310,9,0,0,50,<=50K
25922,32,379412,10,0,0,40,<=50K
25923,45,37987,10,0,0,45,<=50K
25924,46,256909,9,3325,0,45,<=50K
25925,37,482927,10,0,0,65,<=50K
25927,25,255474,13,0,0,40,<=50K
25928,28,303674,9,3103,0,20,<=50K
25929,44,195488,8,0,0,36,<=50K
25930,58,114362,10,0,0,30,<=50K
25931,27,341504,10,0,0,40,<=50K
25932,69,197080,9,0,0,8,<=50K
25934,47,503454,8,0,0,40,<=50K
25935,30,87561,10,0,0,60,<=50K
25936,46,270693,9,3674,0,30,<=50K
25937,27,252813,15,0,0,45,<=50K
25938,19,574271,10,0,0,35,<=50K
25939,18,184016,9,3103,0,40,<=50K
25941,32,158242,13,0,0,40,<=50K
25942,38,299810,9,0,0,40,<=50K
25943,19,277695,1,0,0,36,<=50K
25944,28,23324,10,0,0,40,<=50K
25945,39,316582,14,0,0,55,<=50K
25946,38,176657,10,0,0,60,<=50K
25949,46,117313,5,0,0,40,<=50K
25950,53,53812,10,0,0,54,<=50K
25951,21,170456,12,0,0,15,<=50K
25952,48,115971,9,0,0,50,<=50K
25954,30,112383,9,0,0,45,<=50K
25955,24,283092,9,0,0,40,<=50K
25956,32,27207,6,0,0,50,<=50K
25957,30,46712,9,0,0,40,<=50K
25958,57,19520,16,0,0,50,<=50K
25959,56,98630,4,0,0,40,<=50K
25960,27,159897,9,0,0,37,<=50K
25961,38,136629,13,0,0,40,<=50K
25962,19,407759,9,0,0,40,<=50K
25964,49,148475,11,0,0,40,<=50K
25965,28,274964,9,0,0,38,<=50K
25968,34,148226,9,0,0,48,<=50K
25969,28,153869,7,0,0,40,<=50K
25970,31,208881,10,0,0,40,<=50K
25971,55,256953,9,0,0,44,<=50K
25974,35,171327,9,0,0,40,<=50K
25975,42,297335,12,0,0,31,<=50K
25976,63,133166,16,0,0,12,<=50K
25977,31,169589,14,0,0,30,<=50K
25978,22,273734,9,0,0,20,<=50K
25979,67,158301,9,0,0,60,<=50K
25980,50,257117,5,0,0,50,<=50K
25981,63,196725,9,0,0,24,<=50K
25983,17,286960,7,0,0,40,<=50K
25984,41,201435,9,0,0,40,<=50K
25985,53,216931,4,0,0,38,<=50K
25986,44,212665,10,0,0,99,<=50K
25987,24,462820,13,0,0,40,<=50K
25988,35,198841,11,0,0,35,<=50K
25990,31,163003,12,0,0,40,<=50K
25993,66,302072,12,0,0,40,<=50K
25994,45,338105,10,0,0,40,<=50K
25996,64,125684,9,0,0,40,<=50K
25998,43,413760,10,0,0,40,<=50K
25999,37,205339,9,0,0,49,<=50K
26000,19,236570,9,0,0,16,<=50K
26001,59,247552,9,0,0,40,<=50K
26002,50,184007,10,0,0,40,<=50K
26005,28,198258,11,0,0,40,<=50K
26006,27,175821,9,0,0,34,<=50K
26007,42,92288,14,0,0,40,<=50K
26008,34,261418,9,0,0,40,<=50K
26009,19,203319,7,0,0,30,<=50K
26012,81,106765,10,0,0,4,<=50K
26013,22,197387,9,0,0,40,<=50K
26014,58,284834,12,0,0,40,<=50K
26015,31,87535,10,0,0,25,<=50K
26016,17,175587,7,0,0,30,<=50K
26018,23,161478,10,0,0,23,<=50K
26019,25,51498,8,0,0,40,<=50K
26020,47,220124,9,0,0,40,<=50K
26022,44,113324,9,0,0,40,<=50K
26024,38,34180,10,0,0,35,<=50K
26025,23,292023,9,0,0,30,<=50K
26026,34,141118,13,0,0,35,<=50K
26028,38,185203,9,0,0,20,<=50K
26029,52,165278,11,0,0,40,<=50K
26030,50,116933,9,0,0,33,<=50K
26032,35,84787,13,0,0,40,<=50K
26035,44,206878,9,0,0,15,<=50K
26036,38,127772,9,0,0,50,<=50K
26039,33,40681,12,0,0,40,<=50K
26040,29,95108,9,0,0,40,<=50K
26041,18,280603,7,0,0,30,<=50K
26042,43,188436,15,0,0,40,<=50K
26043,42,134220,11,0,0,40,<=50K
26044,42,177989,9,0,0,40,<=50K
26045,32,164190,9,0,0,30,<=50K
26046,36,90897,12,0,0,40,<=50K
26048,30,270886,10,0,0,40,<=50K
26049,21,216129,9,0,0,35,<=50K
26051,19,141418,10,0,0,15,<=50K
26052,19,306225,9,0,0,25,<=50K
26053,35,330664,9,0,0,40,<=50K
26054,43,191765,9,0,0,35,<=50K
26055,45,289353,9,0,0,24,<=50K
26056,25,53147,13,0,0,50,<=50K
26057,39,122353,13,0,0,40,<=50K
26058,26,188767,9,0,0,40,<=50K
26059,60,239576,14,0,0,10,<=50K
26061,22,64520,8,0,0,30,<=50K
26062,23,478994,10,0,0,40,<=50K
26063,46,155654,9,0,0,40,<=50K
26064,34,124052,13,0,0,30,<=50K
26066,38,183585,9,0,0,40,<=50K
26067,56,323639,14,0,0,25,<=50K
26068,55,186791,9,0,0,40,<=50K
26070,23,186666,10,0,0,40,<=50K
26071,39,200153,13,0,0,40,<=50K
26072,24,180931,13,0,0,30,<=50K
26075,25,263300,9,0,0,50,<=50K
26077,18,404868,7,0,1602,20,<=50K
26078,19,208506,10,0,0,28,<=50K
26079,32,46746,10,0,0,40,<=50K
26081,40,165309,4,0,0,8,<=50K
26082,43,122749,9,0,0,55,<=50K
26084,59,167963,9,0,0,40,<=50K
26086,25,120238,13,0,0,40,<=50K
26087,32,167990,9,0,0,40,<=50K
26088,17,225507,7,0,0,15,<=50K
26090,17,174120,8,0,0,15,<=50K
26091,27,230959,13,0,0,40,<=50K
26092,41,132125,9,0,0,40,<=50K
26094,19,227178,7,0,0,25,<=50K
26095,41,165798,3,0,0,40,<=50K
26097,30,224377,9,0,0,40,<=50K
26099,18,434268,7,0,0,15,<=50K
26102,24,114230,9,0,0,40,<=50K
26103,33,188661,9,0,0,50,<=50K
26104,48,216093,13,0,0,40,<=50K
26106,48,85341,9,0,0,40,<=50K
26107,43,193490,4,0,0,45,<=50K
26108,34,80058,15,0,0,50,<=50K
26109,41,139907,11,0,0,30,<=50K
26111,25,188767,9,0,0,40,<=50K
26112,20,117222,9,0,0,50,<=50K
26113,61,171831,9,2829,0,45,<=50K
26114,35,187119,10,0,0,70,<=50K
26115,42,97277,14,0,0,40,<=50K
26116,26,219760,9,0,0,16,<=50K
26117,46,63299,9,0,0,50,<=50K
26119,18,344742,6,0,0,40,<=50K
26120,29,210869,10,0,0,80,<=50K
26125,32,204374,9,0,0,40,<=50K
26126,31,176831,6,0,0,40,<=50K
26127,19,60688,10,0,0,35,<=50K
26131,43,119721,13,0,0,40,<=50K
26132,41,58930,13,0,0,40,<=50K
26133,35,247750,9,0,0,40,<=50K
26134,48,67725,13,0,0,45,<=50K
26135,28,200775,14,0,0,40,<=50K
26136,44,183542,13,0,0,32,<=50K
26137,20,25139,10,0,0,40,<=50K
26138,51,123325,15,0,0,40,<=50K
26139,28,269786,9,0,0,50,<=50K
26140,36,51089,13,0,0,60,<=50K
26141,28,136985,9,0,0,35,<=50K
26142,21,129350,10,0,0,40,<=50K
26143,34,35595,13,0,0,30,<=50K
26144,36,61299,10,0,0,40,<=50K
26145,25,192321,12,0,0,80,<=50K
26146,31,257644,9,0,0,43,<=50K
26147,44,70884,9,0,0,60,<=50K
26148,49,159726,7,0,0,40,<=50K
26149,40,174395,9,0,0,40,<=50K
26152,27,32519,10,0,0,55,<=50K
26153,18,322999,10,0,0,20,<=50K
26154,68,148874,5,0,0,44,<=50K
26156,36,195385,9,0,0,40,<=50K
26157,21,149809,9,0,0,24,<=50K
26158,22,51985,10,0,0,30,<=50K
26159,61,105384,13,0,0,40,<=50K
26160,24,137591,10,0,0,10,<=50K
26162,25,184303,10,0,0,30,<=50K
26163,66,314347,9,0,0,40,<=50K
26164,29,274010,10,0,0,45,<=50K
26165,22,321031,9,0,0,40,<=50K
26166,57,313929,10,0,0,40,<=50K
26167,41,394669,13,0,1741,40,<=50K
26169,20,247115,10,0,0,35,<=50K
26171,22,109039,9,0,0,55,<=50K
26174,64,47462,10,0,0,35,<=50K
26175,29,182344,9,0,0,40,<=50K
26176,25,295912,10,0,0,20,<=50K
26177,62,311495,10,0,0,40,<=50K
26179,21,187643,9,0,0,40,<=50K
26181,46,501671,6,0,0,40,<=50K
26183,21,301556,9,0,0,19,<=50K
26184,18,187240,7,0,0,18,<=50K
26185,39,219483,13,5013,0,32,<=50K
26187,63,200474,2,0,0,40,<=50K
26189,17,230789,5,0,0,22,<=50K
26191,31,114691,9,0,0,40,<=50K
26192,35,194591,10,0,0,40,<=50K
26194,51,42017,10,0,0,40,<=50K
26195,48,383384,9,0,0,60,<=50K
26196,28,29444,9,0,0,40,<=50K
26197,42,53727,9,0,0,40,<=50K
26198,38,277022,10,0,0,40,<=50K
26200,30,342709,9,0,0,40,<=50K
26201,24,179203,8,0,0,55,<=50K
26203,50,93730,6,0,0,60,<=50K
26204,22,37894,9,0,0,35,<=50K
26205,18,272918,9,0,0,15,<=50K
26208,36,347491,16,0,0,35,<=50K
26210,39,356838,9,0,0,12,<=50K
26211,46,216164,9,0,0,40,<=50K
26212,26,288781,13,0,0,42,<=50K
26213,19,439779,10,0,0,15,<=50K
26214,24,161638,9,0,0,40,<=50K
26215,28,190525,14,0,0,40,<=50K
26216,25,276249,14,0,0,40,<=50K
26218,38,245090,9,0,0,40,<=50K
26219,42,219682,14,0,0,45,<=50K
26220,28,392100,9,0,0,40,<=50K
26221,36,358682,13,0,0,50,<=50K
26223,46,171228,9,3411,0,35,<=50K
26224,21,218445,10,0,0,40,<=50K
26225,19,182609,9,0,0,25,<=50K
26226,35,509462,13,0,0,45,<=50K
26227,26,213258,9,0,0,40,<=50K
26228,21,118401,10,0,0,30,<=50K
26229,67,45814,4,0,0,40,<=50K
26231,26,29957,14,0,0,25,<=50K
26232,51,215854,13,0,0,50,<=50K
26233,27,327766,10,0,0,45,<=50K
26235,39,80680,10,0,0,40,<=50K
26237,52,273514,9,0,0,40,<=50K
26238,21,202373,10,0,0,40,<=50K
26239,27,332785,9,0,0,38,<=50K
26240,46,149640,4,0,0,45,<=50K
26241,42,40151,11,0,0,30,<=50K
26244,19,195282,9,0,0,20,<=50K
26245,43,134026,10,2174,0,40,<=50K
26246,51,96678,14,0,0,60,<=50K
26248,65,180807,9,991,0,20,<=50K
26250,36,257250,11,0,0,99,<=50K
26251,26,212800,12,0,0,36,<=50K
26252,28,55360,10,0,0,50,<=50K
26254,43,45156,10,0,0,60,<=50K
26255,20,435469,9,0,0,40,<=50K
26256,29,231287,10,0,0,40,<=50K
26258,44,185057,13,3325,0,40,<=50K
26259,18,91670,10,0,0,40,<=50K
26260,60,165517,10,0,0,40,<=50K
26262,60,178792,9,0,0,40,<=50K
26263,38,32897,7,0,0,40,<=50K
26264,29,250967,11,0,0,40,<=50K
26265,41,41901,10,0,1408,40,<=50K
26266,49,379779,13,0,0,40,<=50K
26267,37,217838,3,0,0,40,<=50K
26270,41,70645,14,4650,0,55,<=50K
26271,37,220644,9,0,0,40,<=50K
26272,19,175081,5,0,0,60,<=50K
26273,29,180299,10,0,0,35,<=50K
26274,40,548664,9,0,0,15,<=50K
26276,27,394927,13,0,0,55,<=50K
26278,29,236938,12,0,0,38,<=50K
26279,25,232991,3,0,0,40,<=50K
26280,38,34378,9,0,0,55,<=50K
26282,18,106780,10,0,0,12,<=50K
26283,50,178596,9,0,1408,50,<=50K
26285,48,26490,13,0,0,20,<=50K
26286,50,338033,10,0,0,32,<=50K
26287,74,169303,9,6767,0,6,<=50K
26288,24,21154,10,0,0,30,<=50K
26290,19,389143,10,0,0,40,<=50K
26291,39,101260,9,0,0,40,<=50K
26292,40,198270,10,0,0,40,<=50K
26293,30,45781,9,0,0,40,<=50K
26294,27,134566,9,0,0,40,<=50K
26295,23,283806,5,0,0,35,<=50K
26296,68,286869,4,0,1668,40,<=50K
26298,24,103277,13,0,0,50,<=50K
26299,18,201871,8,0,0,20,<=50K
26301,42,211517,7,0,0,40,<=50K
26302,42,118212,5,0,0,40,<=50K
26303,37,259846,11,3471,0,40,<=50K
26304,57,98926,10,0,0,16,<=50K
26306,31,206609,6,0,0,40,<=50K
26307,34,104509,14,0,0,40,<=50K
26308,55,170350,9,0,0,40,<=50K
26309,56,183884,7,0,0,40,<=50K
26310,36,110964,13,0,1672,38,<=50K
26311,35,154410,10,0,0,40,<=50K
26312,63,257659,14,0,0,3,<=50K
26313,28,274679,14,0,0,50,<=50K
26314,38,252662,13,0,0,40,<=50K
26315,30,356689,9,0,0,60,<=50K
26316,18,205218,10,0,0,20,<=50K
26318,53,139127,9,0,0,40,<=50K
26319,46,175625,15,0,0,40,<=50K
26320,45,206459,10,0,0,40,<=50K
26321,35,176123,6,0,0,60,<=50K
26322,41,111483,9,0,0,40,<=50K
26324,18,77845,10,0,1602,15,<=50K
26325,19,162094,9,0,0,40,<=50K
26326,24,216469,9,0,1579,50,<=50K
26328,28,145284,9,0,0,70,<=50K
26329,29,242482,9,0,0,32,<=50K
26330,35,160192,10,0,0,40,<=50K
26331,27,280699,10,0,0,40,<=50K
26333,18,156950,9,0,0,35,<=50K
26334,53,215572,9,0,0,40,<=50K
26335,26,173593,14,0,0,20,<=50K
26338,28,337664,9,0,0,40,<=50K
26340,27,177072,9,0,0,40,<=50K
26341,35,174503,9,0,0,40,<=50K
26342,36,214807,9,0,0,37,<=50K
26344,23,100345,13,0,0,20,<=50K
26345,22,409230,8,0,0,40,<=50K
26349,25,243560,9,0,0,40,<=50K
26351,31,127215,10,0,0,40,<=50K
26354,43,498079,13,0,0,40,<=50K
26355,23,344394,10,0,0,40,<=50K
26357,23,245302,10,0,0,40,<=50K
26358,63,43313,6,0,0,40,<=50K
26359,33,188467,9,0,0,40,<=50K
26360,51,351278,13,0,0,50,<=50K
26361,31,182246,9,0,0,45,<=50K
26362,32,79870,10,2597,0,40,<=50K
26364,31,387116,10,0,0,36,<=50K
26367,23,32950,10,0,0,40,<=50K
26371,31,61559,9,0,0,50,<=50K
26372,41,176452,9,0,0,40,<=50K
26373,41,128700,9,0,0,40,<=50K
26374,27,328518,11,0,0,30,<=50K
26375,30,201196,7,0,0,40,<=50K
26376,23,378546,10,0,0,40,<=50K
26377,24,212210,12,0,0,20,<=50K
26378,59,178660,12,0,0,40,<=50K
26379,56,235826,9,5013,0,40,<=50K
26380,35,22641,9,0,0,40,<=50K
26381,59,316027,9,0,0,45,<=50K
26383,51,149770,9,0,0,44,<=50K
26384,42,165916,13,0,0,45,<=50K
26385,29,107411,10,0,0,40,<=50K
26386,23,217961,9,0,0,45,<=50K
26387,43,350387,9,0,0,60,<=50K
26388,46,325372,10,0,0,40,<=50K
26389,30,156718,10,0,0,40,<=50K
26390,23,216472,10,0,0,20,<=50K
26391,29,106972,14,0,0,35,<=50K
26392,33,131934,9,0,0,45,<=50K
26393,33,365908,9,2105,0,40,<=50K
26394,46,359193,10,0,0,45,<=50K
26395,35,261012,10,0,0,40,<=50K
26397,25,113654,9,0,0,37,<=50K
26398,35,218955,13,0,0,40,<=50K
26399,30,115963,4,0,0,42,<=50K
26401,37,147258,10,0,0,55,<=50K
26402,22,214635,9,0,0,42,<=50K
26403,25,200318,9,0,0,60,<=50K
26404,50,138270,9,0,0,40,<=50K
26406,33,103435,11,0,0,45,<=50K
26407,59,133201,3,0,0,40,<=50K
26408,24,175183,9,0,0,40,<=50K
26409,41,99870,13,0,0,55,<=50K
26410,38,107479,5,0,0,12,<=50K
26411,60,113440,13,0,0,60,<=50K
26412,19,85690,9,0,0,30,<=50K
26413,23,45713,10,0,0,40,<=50K
26416,17,67808,6,0,0,40,<=50K
26417,24,113936,13,0,0,40,<=50K
26420,43,191982,11,0,0,55,<=50K
26421,21,72953,10,0,0,40,<=50K
26422,54,271160,11,0,0,40,<=50K
26423,22,33087,9,0,0,45,<=50K
26424,29,106153,9,0,0,50,<=50K
26425,22,29444,8,0,0,50,<=50K
26428,34,94413,10,0,0,40,<=50K
26430,28,350254,2,0,0,40,<=50K
26431,68,194746,16,0,0,40,<=50K
26432,36,269042,9,0,0,40,<=50K
26433,20,447488,5,0,0,30,<=50K
26434,24,267706,10,0,0,45,<=50K
26435,38,198216,10,0,0,40,<=50K
26436,32,227931,13,0,0,40,<=50K
26438,47,223342,9,2174,0,40,<=50K
26439,28,181776,13,0,0,50,<=50K
26441,58,205410,9,0,0,40,<=50K
26443,38,292570,10,0,0,50,<=50K
26444,43,76460,9,0,0,40,<=50K
26445,28,295163,8,0,0,40,<=50K
26446,21,27255,10,0,0,40,<=50K
26447,23,69847,13,0,0,20,<=50K
26448,25,104993,5,2907,0,40,<=50K
26449,41,322980,9,2354,0,40,<=50K
26450,24,390608,9,0,0,36,<=50K
26451,41,317539,10,0,0,40,<=50K
26452,27,195678,13,0,0,40,<=50K
26453,54,466502,4,0,0,30,<=50K
26454,28,220754,9,0,0,25,<=50K
26455,29,202878,4,0,2042,40,<=50K
26456,36,343476,9,0,0,30,<=50K
26458,60,38622,10,0,0,40,<=50K
26459,34,173730,14,0,0,38,<=50K
26460,32,178623,9,0,0,40,<=50K
26462,60,224644,6,0,0,40,<=50K
26463,39,191502,11,0,0,40,<=50K
26464,59,61885,8,0,0,35,<=50K
26466,36,331395,11,0,0,40,<=50K
26469,19,216804,4,0,0,33,<=50K
26471,25,33610,9,0,0,45,<=50K
26472,39,234901,12,0,0,40,<=50K
26473,34,349148,10,0,0,40,<=50K
26474,30,168443,9,0,0,30,<=50K
26475,43,211860,9,0,0,24,<=50K
26479,33,176185,9,0,0,40,<=50K
26480,22,306779,10,0,0,50,<=50K
26481,48,265192,9,0,0,45,<=50K
26482,54,139347,9,0,0,40,<=50K
26483,49,107682,10,0,0,38,<=50K
26484,37,34173,13,0,0,40,<=50K
26485,45,128378,9,0,0,40,<=50K
26486,51,195638,10,0,0,40,<=50K
26487,46,59287,10,0,0,40,<=50K
26489,29,350603,6,0,0,38,<=50K
26491,35,112077,9,5013,0,40,<=50K
26494,31,309620,14,0,0,6,<=50K
26496,26,206600,7,0,0,30,<=50K
26497,25,193051,13,0,0,35,<=50K
26499,49,62793,9,0,0,40,<=50K
26500,53,264939,13,0,0,45,<=50K
26501,52,370552,1,0,0,40,<=50K
26502,52,163678,9,0,0,55,<=50K
26503,74,89667,13,0,0,35,<=50K
26504,50,558490,9,0,0,40,<=50K
26506,76,208843,4,0,0,30,<=50K
26507,19,95078,9,0,0,15,<=50K
26508,25,169679,9,0,0,40,<=50K
26509,45,101320,9,0,0,40,<=50K
26510,34,168906,12,0,0,35,<=50K
26511,20,212582,10,0,0,16,<=50K
26512,66,170617,14,0,0,6,<=50K
26513,63,170529,13,0,0,45,<=50K
26514,27,99897,10,0,0,40,<=50K
26515,41,104892,10,2829,0,40,<=50K
26516,43,175224,9,0,0,60,<=50K
26517,23,149704,9,0,0,40,<=50K
26518,37,214542,10,0,0,40,<=50K
26519,31,167319,13,0,0,40,<=50K
26520,33,43716,10,0,0,4,<=50K
26521,28,191935,12,0,0,20,<=50K
26522,70,158642,9,2993,0,20,<=50K
26523,35,338611,10,0,0,40,<=50K
26525,17,72321,7,0,0,12,<=50K
26527,44,403782,11,0,0,45,<=50K
26528,47,456661,4,0,0,40,<=50K
26529,24,279041,9,0,0,40,<=50K
26530,38,65716,11,0,0,40,<=50K
26531,34,189809,10,0,0,52,<=50K
26532,62,223637,9,0,0,35,<=50K
26533,27,199343,9,0,0,38,<=50K
26535,35,119098,14,0,0,40,<=50K
26536,38,195025,9,0,0,32,<=50K
26537,28,186720,10,0,0,50,<=50K
26538,28,328923,9,0,0,38,<=50K
26539,59,159472,5,0,0,40,<=50K
26540,42,138662,10,0,0,40,<=50K
26542,39,181705,9,0,0,45,<=50K
26543,41,193882,13,0,0,40,<=50K
26544,43,216497,13,0,0,40,<=50K
26546,62,109463,10,0,1617,33,<=50K
26547,58,256274,9,0,0,40,<=50K
26548,43,326379,9,0,0,40,<=50K
26549,67,174995,10,0,2457,40,<=50K
26550,31,243142,9,0,0,40,<=50K
26552,54,189607,13,0,0,36,<=50K
26553,20,39478,10,0,0,70,<=50K
26555,22,127647,9,0,0,36,<=50K
26556,38,234298,13,6849,0,60,<=50K
26557,42,182302,9,0,0,40,<=50K
26561,34,179378,9,0,0,40,<=50K
26562,50,297551,9,0,0,52,<=50K
26563,50,198362,11,0,0,40,<=50K
26564,43,240504,9,0,0,40,<=50K
26565,29,169662,9,0,0,40,<=50K
26566,30,164940,9,0,0,25,<=50K
26568,21,154835,10,0,0,40,<=50K
26569,27,333296,13,0,0,30,<=50K
26571,39,49436,12,0,1380,40,<=50K
26572,33,136331,9,0,0,40,<=50K
26573,22,509048,9,0,0,37,<=50K
26574,38,318610,10,0,0,40,<=50K
26575,45,104521,10,0,0,40,<=50K
26577,35,219546,10,0,0,45,<=50K
26578,21,169699,9,0,0,40,<=50K
26579,49,131302,11,0,0,44,<=50K
26580,50,171852,13,0,0,40,<=50K
26582,20,204641,9,0,0,20,<=50K
26583,49,213431,9,0,0,40,<=50K
26585,22,184543,10,0,0,40,<=50K
26586,60,188236,9,0,0,40,<=50K
26587,67,233022,7,0,0,20,<=50K
26588,21,177420,10,0,0,40,<=50K
26589,60,21101,9,0,0,50,<=50K
26590,17,52486,7,0,0,12,<=50K
26594,38,102350,10,0,0,40,<=50K
26595,38,165930,9,0,0,40,<=50K
26597,40,120277,10,0,0,40,<=50K
26598,23,87569,10,0,0,40,<=50K
26599,19,278220,10,0,1602,40,<=50K
26601,46,162852,9,0,0,40,<=50K
26602,25,64860,10,0,0,22,<=50K
26604,24,322674,12,0,0,48,<=50K
26605,62,202242,9,0,0,48,<=50K
26606,54,175262,1,0,0,40,<=50K
26607,23,201682,13,0,0,40,<=50K
26608,60,166330,9,0,0,40,<=50K
26609,18,147612,9,0,0,8,<=50K
26610,41,213154,10,0,0,40,<=50K
26611,45,33798,14,0,0,40,<=50K
26612,62,199198,11,0,0,40,<=50K
26613,28,90915,13,0,0,40,<=50K
26615,31,187203,9,0,0,40,<=50K
26616,44,261497,9,0,0,40,<=50K
26617,33,361817,9,0,0,50,<=50K
26618,62,226546,15,0,0,16,<=50K
26619,27,100168,4,0,0,40,<=50K
26621,55,254516,5,0,0,37,<=50K
26622,41,207375,9,0,0,50,<=50K
26623,26,39092,10,4064,0,50,<=50K
26625,67,152102,9,0,0,65,<=50K
26626,25,234665,11,0,0,45,<=50K
26628,22,180060,13,0,0,40,<=50K
26629,19,32477,10,0,0,20,<=50K
26630,26,137658,13,0,0,45,<=50K
26631,61,228287,9,0,0,50,<=50K
26633,43,33310,9,0,0,40,<=50K
26634,53,270546,9,0,0,20,<=50K
26635,53,290290,10,0,0,45,<=50K
26636,42,287037,8,0,0,10,<=50K
26638,55,185195,13,0,0,99,<=50K
26640,17,98005,7,0,0,16,<=50K
26641,55,283635,15,0,0,35,<=50K
26642,36,98360,9,0,0,40,<=50K
26644,54,118365,6,0,0,10,<=50K
26645,45,184285,13,0,0,45,<=50K
26648,31,253354,13,0,0,50,<=50K
26649,26,190650,13,0,0,40,<=50K
26651,19,204389,9,0,0,25,<=50K
26652,31,294870,12,0,0,40,<=50K
26653,34,159442,9,0,0,30,<=50K
26655,38,52738,10,0,0,40,<=50K
26656,21,252024,9,0,0,20,<=50K
26657,27,189702,4,0,0,40,<=50K
26658,35,407913,9,0,0,40,<=50K
26659,20,166527,10,0,0,20,<=50K
26660,24,34918,11,0,0,38,<=50K
26661,27,142712,14,0,0,40,<=50K
26662,18,201686,7,0,0,4,<=50K
26663,28,179759,10,0,0,40,<=50K
26664,36,94954,9,0,0,40,<=50K
26665,66,350498,10,0,1258,20,<=50K
26666,19,201743,10,0,0,15,<=50K
26667,59,119344,6,0,0,36,<=50K
26668,33,149726,9,0,0,46,<=50K
26669,28,419146,4,0,0,40,<=50K
26670,34,174789,13,0,2001,40,<=50K
26671,41,171234,10,0,0,55,<=50K
26672,30,206325,7,0,0,45,<=50K
26673,59,202682,9,0,0,40,<=50K
26674,42,121055,13,0,0,60,<=50K
26676,29,84366,6,0,0,40,<=50K
26678,53,124094,9,5013,0,35,<=50K
26679,41,30759,4,0,0,60,<=50K
26680,32,137875,10,0,0,30,<=50K
26682,20,238384,9,0,0,30,<=50K
26684,36,224947,13,0,0,40,<=50K
26685,33,111994,10,0,0,45,<=50K
26686,25,125491,10,0,0,34,<=50K
26687,34,310525,9,0,0,10,<=50K
26688,19,71592,10,0,0,40,<=50K
26689,40,99185,12,0,0,40,<=50K
26690,48,249935,9,0,0,44,<=50K
26691,51,206775,10,0,0,50,<=50K
26692,22,230704,12,0,0,20,<=50K
26693,34,242361,10,0,0,50,<=50K
26694,22,134746,6,0,0,40,<=50K
26695,34,198613,9,0,2002,40,<=50K
26696,56,174040,9,0,0,40,<=50K
26697,49,165953,9,0,1902,40,<=50K
26698,36,273604,13,0,0,40,<=50K
26699,18,192409,10,0,0,20,<=50K
26700,26,102476,9,0,0,50,<=50K
26701,48,234504,9,0,0,50,<=50K
26702,35,468713,9,0,0,40,<=50K
26703,29,84560,9,0,0,40,<=50K
26705,21,34816,11,0,0,12,<=50K
26706,28,211184,10,0,0,50,<=50K
26708,65,179985,9,0,0,40,<=50K
26709,26,219815,10,0,0,40,<=50K
26711,26,106548,9,0,0,50,<=50K
26712,70,89787,9,0,0,20,<=50K
26713,55,164857,10,0,0,40,<=50K
26714,27,257124,13,0,0,35,<=50K
26717,24,189749,7,0,0,40,<=50K
26718,22,176321,4,0,0,40,<=50K
26719,26,284250,9,0,0,40,<=50K
26720,23,101885,6,0,0,40,<=50K
26721,41,134130,9,0,0,60,<=50K
26722,52,260938,14,0,0,40,<=50K
26723,41,238184,9,0,0,40,<=50K
26724,59,148626,6,0,0,40,<=50K
26728,24,34246,13,0,0,40,<=50K
26730,31,279680,10,0,0,45,<=50K
26731,84,188328,9,0,0,16,<=50K
26732,51,96609,10,0,0,40,<=50K
26733,24,84257,13,0,0,50,<=50K
26734,30,275632,9,0,0,45,<=50K
26735,22,385540,6,0,0,40,<=50K
26736,30,196342,14,0,0,40,<=50K
26737,47,97176,10,0,0,40,<=50K
26738,19,197714,9,0,0,35,<=50K
26739,43,147099,10,0,0,36,<=50K
26740,30,186346,13,0,0,50,<=50K
26741,46,73434,14,0,0,45,<=50K
26742,49,275074,13,0,0,60,<=50K
26743,37,209214,3,0,0,40,<=50K
26744,42,210525,14,0,0,40,<=50K
26745,57,372020,10,5013,0,50,<=50K
26746,46,176684,12,0,0,40,<=50K
26747,23,210474,10,0,0,20,<=50K
26749,64,149775,14,0,0,8,<=50K
26750,20,323009,9,0,0,40,<=50K
26751,31,126950,9,0,0,40,<=50K
26753,44,115411,10,0,0,40,<=50K
26754,42,101709,11,2885,0,40,<=50K
26755,23,265356,13,0,0,40,<=50K
26757,35,348771,7,0,0,36,<=50K
26758,30,148959,10,0,0,35,<=50K
26759,35,126569,9,0,0,20,<=50K
26760,40,105936,9,0,0,38,<=50K
26761,18,188076,7,0,0,20,<=50K
26762,23,184400,6,0,0,30,<=50K
26763,63,124242,9,0,0,40,<=50K
26764,20,200819,9,0,0,40,<=50K
26766,49,129513,14,0,0,45,<=50K
26767,53,297796,6,0,0,40,<=50K
26768,34,195488,9,0,0,40,<=50K
26771,22,206974,13,0,0,40,<=50K
26772,28,412149,6,0,0,35,<=50K
26773,24,653574,9,0,0,40,<=50K
26774,37,70562,2,0,0,48,<=50K
26775,62,197514,9,0,0,16,<=50K
26776,19,309284,10,0,0,40,<=50K
26777,51,334679,11,0,0,40,<=50K
26778,65,105116,10,2346,0,40,<=50K
26779,31,151484,9,0,0,8,<=50K
26781,42,98427,9,0,0,35,<=50K
26782,54,230767,12,0,0,40,<=50K
26783,23,117606,13,0,0,60,<=50K
26784,28,68642,9,0,0,46,<=50K
26785,42,341638,7,0,0,40,<=50K
26786,30,65920,9,0,0,40,<=50K
26787,33,188246,9,0,0,40,<=50K
26788,33,198727,9,0,0,40,<=50K
26789,39,160728,9,2977,0,40,<=50K
26790,27,706026,7,0,0,40,<=50K
26791,20,348148,7,0,0,40,<=50K
26792,62,77884,3,0,0,40,<=50K
26793,17,160758,6,0,0,30,<=50K
26798,20,373935,9,0,0,35,<=50K
26800,27,119793,10,0,0,55,<=50K
26802,40,233130,4,0,0,40,<=50K
26804,44,33155,16,0,0,45,<=50K
26805,37,187346,3,0,0,40,<=50K
26807,17,101626,5,0,0,20,<=50K
26808,35,117567,9,0,0,40,<=50K
26809,36,110791,12,0,0,40,<=50K
26811,48,43206,15,0,0,25,<=50K
26812,26,120238,13,0,0,40,<=50K
26813,26,189219,12,0,0,8,<=50K
26814,35,190895,9,0,0,40,<=50K
26815,29,83517,5,0,0,40,<=50K
26817,36,59313,10,0,0,40,<=50K
26818,25,202033,13,0,0,40,<=50K
26819,18,55658,6,0,0,25,<=50K
26820,21,118186,10,0,0,20,<=50K
26821,22,279901,9,0,0,40,<=50K
26823,36,90159,10,0,0,40,<=50K
26824,25,122489,13,0,1726,60,<=50K
26827,37,37778,11,0,0,54,<=50K
26828,39,160623,12,0,0,40,<=50K
26829,32,342458,13,0,0,40,<=50K
26830,53,64322,9,0,0,40,<=50K
26831,30,373914,7,0,0,40,<=50K
26833,62,208266,11,0,0,40,<=50K
26834,38,222450,3,0,0,40,<=50K
26835,23,348420,13,0,0,40,<=50K
26836,39,136081,9,0,2051,40,<=50K
26837,37,197284,10,0,0,40,<=50K
26838,27,204773,12,0,0,40,<=50K
26839,41,206066,10,0,0,40,<=50K
26842,35,46028,12,0,0,50,<=50K
26844,30,154587,9,0,0,40,<=50K
26845,29,244473,11,0,2051,40,<=50K
26847,42,319588,13,0,0,60,<=50K
26848,51,226735,9,0,0,40,<=50K
26849,34,226443,9,0,0,40,<=50K
26850,44,359259,9,0,0,60,<=50K
26851,27,36851,13,0,0,41,<=50K
26852,39,393480,9,0,0,40,<=50K
26853,46,33109,9,0,1741,40,<=50K
26854,32,188246,9,0,1590,62,<=50K
26855,31,231569,13,0,0,50,<=50K
26856,23,353010,7,0,0,35,<=50K
26858,66,262285,13,0,0,99,<=50K
26859,26,160300,9,0,0,40,<=50K
26861,53,136823,7,0,0,30,<=50K
26862,48,160724,13,0,0,40,<=50K
26863,37,86459,12,0,0,50,<=50K
26864,17,238628,7,0,0,5,<=50K
26866,28,222005,9,0,0,40,<=50K
26867,17,99893,7,0,1602,40,<=50K
26868,39,214117,10,0,0,40,<=50K
26869,28,298661,13,0,0,40,<=50K
26870,38,179488,12,0,0,40,<=50K
26872,28,100270,13,0,0,40,<=50K
26874,40,126701,5,0,0,45,<=50K
26875,20,209131,10,0,0,40,<=50K
26877,23,278155,13,0,0,40,<=50K
26878,25,139012,13,2174,0,40,<=50K
26879,41,178431,9,0,0,40,<=50K
26881,18,199039,8,594,0,14,<=50K
26883,36,115700,9,0,0,50,<=50K
26884,34,167832,6,0,0,40,<=50K
26885,34,218164,9,0,0,44,<=50K
26888,67,223257,9,0,0,40,<=50K
26892,22,205970,6,0,0,35,<=50K
26893,25,216583,13,0,0,43,<=50K
26894,61,162432,10,0,0,40,<=50K
26895,31,83671,10,0,0,40,<=50K
26896,47,205100,9,0,0,38,<=50K
26897,31,195750,2,0,0,45,<=50K
26898,17,220562,5,0,0,32,<=50K
26900,23,386337,9,0,0,40,<=50K
26901,42,86185,10,0,0,40,<=50K
26902,78,105586,3,0,0,36,<=50K
26904,26,150553,13,0,0,50,<=50K
26907,26,151626,13,0,0,45,<=50K
26908,30,169583,9,0,0,35,<=50K
26910,23,160951,9,2597,0,40,<=50K
26911,25,213383,10,0,0,40,<=50K
26912,32,103078,13,0,0,40,<=50K
26913,25,109526,9,0,0,38,<=50K
26914,51,142835,7,0,0,40,<=50K
26915,24,43475,13,0,0,40,<=50K
26916,22,190916,10,0,0,40,<=50K
26917,28,175987,9,0,0,40,<=50K
26918,29,214385,7,0,0,20,<=50K
26919,26,192652,13,0,0,40,<=50K
26921,19,143857,10,0,0,35,<=50K
26922,39,163392,9,0,0,26,<=50K
26924,29,427965,9,0,0,20,<=50K
26925,27,279608,3,0,0,40,<=50K
26927,19,175083,9,0,0,8,<=50K
26928,67,132057,9,0,0,20,<=50K
26931,28,99478,9,0,0,40,<=50K
26932,25,113035,10,0,0,40,<=50K
26933,21,99199,9,0,0,36,<=50K
26935,48,236858,7,0,0,31,<=50K
26937,35,268661,10,0,0,50,<=50K
26939,50,117295,6,0,0,40,<=50K
26940,22,65704,9,0,0,40,<=50K
26941,45,192835,10,0,0,40,<=50K
26942,62,76720,13,0,0,40,<=50K
26944,33,133876,9,0,0,40,<=50K
26945,22,123727,10,0,0,30,<=50K
26947,25,96268,7,0,0,40,<=50K
26948,44,317320,10,0,0,40,<=50K
26951,56,164332,9,0,0,15,<=50K
26952,49,122584,4,0,0,40,<=50K
26954,46,162030,9,0,0,43,<=50K
26955,33,199170,10,0,0,40,<=50K
26956,25,470203,13,0,0,30,<=50K
26958,72,188009,4,0,0,30,<=50K
26959,32,513416,14,0,0,10,<=50K
26960,44,98211,13,0,0,55,<=50K
26961,48,196107,9,0,0,30,<=50K
26962,17,108273,6,0,0,12,<=50K
26965,22,412316,9,0,0,40,<=50K
26966,17,120068,7,0,0,17,<=50K
26968,26,120268,9,0,0,50,<=50K
26969,19,144429,10,0,0,10,<=50K
26970,17,271122,8,0,0,16,<=50K
26971,38,255621,9,0,0,40,<=50K
26972,34,90934,11,0,0,40,<=50K
26976,19,164585,9,0,0,40,<=50K
26978,51,215647,9,0,0,43,<=50K
26979,38,300975,14,0,1485,40,<=50K
26984,42,66755,4,0,0,40,<=50K
26986,20,117222,10,0,0,40,<=50K
26989,51,20795,10,0,0,40,<=50K
26990,23,311376,11,0,0,40,<=50K
26991,27,122660,13,0,0,40,<=50K
26992,19,137578,10,0,0,16,<=50K
26994,29,144556,9,0,0,45,<=50K
26995,33,228696,2,0,2603,32,<=50K
26996,60,184183,9,4650,0,40,<=50K
26997,22,243178,13,0,0,20,<=50K
26998,22,236330,10,0,1721,20,<=50K
26999,60,190682,11,0,0,37,<=50K
27000,35,233786,7,0,0,20,<=50K
27001,45,102202,11,0,0,40,<=50K
27004,32,169973,14,0,0,38,<=50K
27005,35,144937,9,0,0,42,<=50K
27006,32,211751,11,0,0,40,<=50K
27008,40,150874,14,1506,0,40,<=50K
27009,20,187332,6,0,0,30,<=50K
27011,21,119704,10,0,0,35,<=50K
27012,21,275190,10,0,0,20,<=50K
27013,26,417941,13,0,0,40,<=50K
27015,24,221955,13,0,0,40,<=50K
27017,51,123429,12,0,0,30,<=50K
27018,65,143732,9,0,0,40,<=50K
27019,61,203126,13,0,0,12,<=50K
27020,67,174693,10,0,0,25,<=50K
27021,49,357540,9,0,0,25,<=50K
27024,61,280088,4,0,0,40,<=50K
27025,36,257380,9,0,0,35,<=50K
27026,19,165306,10,0,0,40,<=50K
27027,29,109001,10,0,0,35,<=50K
27029,60,153356,9,2597,0,55,<=50K
27030,21,32950,10,0,0,40,<=50K
27031,22,182163,9,0,0,40,<=50K
27033,36,297335,13,0,0,50,<=50K
27034,37,108366,13,0,0,46,<=50K
27035,35,328301,12,0,0,40,<=50K
27036,17,182158,6,0,0,30,<=50K
27038,22,330571,9,0,0,45,<=50K
27040,42,29393,10,0,0,40,<=50K
27042,26,369166,10,0,0,65,<=50K
27043,45,257855,7,0,0,50,<=50K
27045,63,109517,10,0,0,43,<=50K
27046,22,112137,10,0,0,20,<=50K
27048,45,50567,9,0,0,40,<=50K
27050,27,271328,13,0,0,60,<=50K
27051,20,183083,10,0,0,20,<=50K
27053,46,102542,4,0,0,52,<=50K
27054,28,297742,10,0,0,40,<=50K
27055,45,176917,9,0,0,40,<=50K
27056,26,165235,13,0,0,40,<=50K
27057,32,52647,6,0,0,45,<=50K
27058,30,48542,8,0,0,40,<=50K
27059,59,279232,6,0,0,40,<=50K
27061,45,221780,10,0,0,30,<=50K
27062,76,253408,10,0,0,40,<=50K
27063,38,298841,9,0,0,40,<=50K
27064,32,321313,14,0,0,40,<=50K
27065,38,64875,9,0,0,50,<=50K
27066,30,275232,12,0,0,36,<=50K
27068,41,67339,13,0,0,40,<=50K
27069,27,192355,13,0,0,50,<=50K
27070,44,208528,12,0,0,30,<=50K
27072,36,250238,2,0,0,40,<=50K
27074,42,255847,9,0,0,40,<=50K
27076,45,111979,9,0,0,40,<=50K
27078,36,231037,4,0,0,40,<=50K
27080,27,292120,9,0,0,45,<=50K
27081,62,138253,14,4650,0,40,<=50K
27082,29,190777,13,0,0,55,<=50K
27083,38,41591,13,0,0,30,<=50K
27084,29,186733,9,0,0,50,<=50K
27085,18,78567,10,0,0,30,<=50K
27086,19,140590,8,0,0,30,<=50K
27087,32,230912,14,4865,0,40,<=50K
27088,34,176185,13,0,1741,40,<=50K
27089,25,182227,12,0,0,55,<=50K
27090,34,205704,14,0,0,35,<=50K
27091,37,24342,10,0,0,38,<=50K
27092,37,138192,9,0,0,45,<=50K
27093,18,334676,9,0,0,25,<=50K
27094,24,177526,11,0,0,40,<=50K
27095,17,152696,8,0,0,30,<=50K
27096,35,114765,13,0,0,40,<=50K
27097,31,265509,11,0,0,32,<=50K
27098,29,180758,12,0,0,60,<=50K
27099,49,127921,9,0,0,40,<=50K
27101,35,182898,9,0,0,40,<=50K
27102,55,422249,9,0,0,50,<=50K
27103,37,222450,3,0,0,40,<=50K
27104,33,190027,10,0,0,18,<=50K
27106,32,117963,9,0,0,45,<=50K
27107,63,319121,7,0,0,40,<=50K
27108,39,225504,14,0,0,40,<=50K
27109,42,104334,9,0,0,40,<=50K
27111,30,145714,11,0,0,40,<=50K
27113,57,27385,13,0,0,10,<=50K
27114,56,204254,6,0,0,45,<=50K
27115,28,411587,10,0,0,40,<=50K
27117,46,54190,9,0,0,60,<=50K
27119,50,24139,14,0,0,65,<=50K
27121,41,138907,9,0,0,40,<=50K
27123,23,199452,10,0,0,40,<=50K
27125,72,107814,14,2329,0,60,<=50K
27126,47,93618,10,0,0,33,<=50K
27127,29,353352,11,0,0,40,<=50K
27128,35,143058,13,0,0,60,<=50K
27129,24,239663,10,0,0,15,<=50K
27130,22,167615,9,0,0,40,<=50K
27131,24,442274,9,0,0,40,<=50K
27133,55,174533,13,0,0,72,<=50K
27134,40,50093,14,0,0,20,<=50K
27135,61,270056,9,0,0,40,<=50K
27136,58,131991,13,0,0,72,<=50K
27137,39,126336,9,0,0,40,<=50K
27138,45,341117,10,0,0,50,<=50K
27139,25,108505,9,0,0,45,<=50K
27141,36,74791,13,0,0,60,<=50K
27144,27,181284,8,0,0,45,<=50K
27145,28,102533,10,0,0,40,<=50K
27146,27,69757,10,0,0,60,<=50K
27147,41,210094,9,0,0,40,<=50K
27148,18,389147,9,0,0,30,<=50K
27151,36,298717,9,0,0,40,<=50K
27152,66,236879,1,0,0,40,<=50K
27153,33,170148,9,0,0,45,<=50K
27155,30,247156,9,0,0,40,<=50K
27157,62,122246,14,0,0,32,<=50K
27158,21,180339,10,0,0,45,<=50K
27162,19,112269,10,0,0,40,<=50K
27163,26,171928,11,0,0,50,<=50K
27164,50,95435,4,0,1579,65,<=50K
27167,17,721712,6,0,0,15,<=50K
27170,47,334679,14,0,0,42,<=50K
27171,23,235853,9,0,0,45,<=50K
27172,51,353281,9,0,0,20,<=50K
27173,19,203061,10,0,0,25,<=50K
27174,33,62932,9,0,0,40,<=50K
27175,32,118551,9,0,0,80,<=50K
27176,52,99184,9,0,0,40,<=50K
27177,36,189674,10,0,0,40,<=50K
27178,34,226883,9,0,0,40,<=50K
27179,26,109564,9,0,0,40,<=50K
27180,26,66872,8,0,0,98,<=50K
27181,35,268292,10,0,0,40,<=50K
27183,32,206541,7,0,0,50,<=50K
27184,23,203139,10,0,0,40,<=50K
27185,28,294398,10,0,0,40,<=50K
27186,20,386864,6,0,0,35,<=50K
27187,17,369909,6,0,0,20,<=50K
27189,26,176008,9,0,0,40,<=50K
27190,43,241506,13,1506,0,36,<=50K
27191,45,174426,10,0,0,35,<=50K
27193,54,292673,2,0,0,35,<=50K
27194,51,134808,9,0,0,40,<=50K
27195,58,95763,10,0,0,60,<=50K
27196,49,83622,12,2597,0,40,<=50K
27197,21,222490,11,0,0,40,<=50K
27198,44,29115,10,0,0,40,<=50K
27199,26,66638,13,0,0,50,<=50K
27200,39,53926,13,0,0,40,<=50K
27201,19,43739,9,0,0,40,<=50K
27202,37,104359,10,0,0,40,<=50K
27203,49,124604,9,0,0,32,<=50K
27204,45,114797,9,0,0,40,<=50K
27205,60,67320,9,0,0,40,<=50K
27206,28,53147,13,0,0,40,<=50K
27207,23,13769,10,0,0,30,<=50K
27208,44,202872,13,0,0,45,<=50K
27209,19,149528,10,0,0,12,<=50K
27211,41,112362,9,0,0,38,<=50K
27215,23,132300,13,0,0,40,<=50K
27219,57,135134,14,0,0,20,<=50K
27222,32,113838,10,0,0,99,<=50K
27223,76,25319,14,0,0,15,<=50K
27224,57,190561,9,0,0,30,<=50K
27225,58,150031,10,0,0,40,<=50K
27227,50,211116,6,0,0,40,<=50K
27228,38,226311,9,0,0,25,<=50K
27229,53,283743,9,0,2002,40,<=50K
27230,59,64102,4,0,0,20,<=50K
27231,23,234663,9,0,0,40,<=50K
27233,23,615367,13,0,0,40,<=50K
27234,23,163090,12,0,0,20,<=50K
27236,30,370183,9,0,0,40,<=50K
27237,28,242482,9,0,0,40,<=50K
27238,46,169953,10,0,0,40,<=50K
27239,34,144182,1,0,0,25,<=50K
27241,26,203777,10,0,0,37,<=50K
27242,39,210991,9,0,0,40,<=50K
27243,28,472580,10,0,0,40,<=50K
27244,33,200289,14,0,0,19,<=50K
27246,30,110622,13,0,0,40,<=50K
27248,26,39212,9,0,0,45,<=50K
27249,28,51961,10,0,0,24,<=50K
27250,48,117849,10,0,0,40,<=50K
27251,49,50748,13,1506,0,35,<=50K
27252,41,170214,9,0,2179,40,<=50K
27253,20,151790,10,0,0,30,<=50K
27255,37,117651,13,0,0,40,<=50K
27256,18,157131,8,0,0,8,<=50K
27258,26,177951,9,0,0,48,<=50K
27259,66,134130,13,0,0,12,<=50K
27260,68,191581,14,3273,0,40,<=50K
27261,27,199172,9,0,0,40,<=50K
27262,66,262552,10,0,0,7,<=50K
27263,28,66434,6,0,0,15,<=50K
27264,26,77661,13,0,0,40,<=50K
27265,25,230856,9,0,0,40,<=50K
27266,46,192835,10,0,0,48,<=50K
27267,62,181014,13,0,0,40,<=50K
27268,35,200445,9,0,1974,40,<=50K
27269,26,37918,9,0,0,60,<=50K
27270,40,111020,9,0,0,40,<=50K
27271,31,244665,10,0,0,45,<=50K
27272,52,312477,9,0,0,40,<=50K
27273,61,243493,9,0,0,12,<=50K
27274,39,152023,7,0,0,40,<=50K
27275,25,104193,9,114,0,40,<=50K
27276,47,170850,13,0,0,48,<=50K
27277,33,137088,13,0,0,40,<=50K
27278,17,340557,7,0,0,25,<=50K
27279,26,298225,9,0,0,45,<=50K
27280,25,114150,9,0,0,40,<=50K
27281,39,194668,9,0,0,16,<=50K
27283,46,330901,10,0,0,40,<=50K
27284,27,80165,10,0,0,20,<=50K
27286,29,85572,7,0,0,5,<=50K
27287,40,116632,13,0,0,40,<=50K
27288,24,139989,13,0,0,40,<=50K
27289,55,135803,13,0,1579,35,<=50K
27291,25,248612,12,0,0,30,<=50K
27292,36,28572,10,0,0,50,<=50K
27293,26,31143,9,0,0,45,<=50K
27295,36,549174,9,0,0,40,<=50K
27296,23,111296,7,0,0,50,<=50K
27297,25,208881,13,0,0,60,<=50K
27298,36,243666,9,0,0,40,<=50K
27299,37,327164,10,0,0,70,<=50K
27301,35,257416,11,0,0,40,<=50K
27302,33,215288,7,0,0,40,<=50K
27303,31,58582,10,0,0,46,<=50K
27304,49,199378,10,0,0,22,<=50K
27305,34,114185,13,0,0,50,<=50K
27306,40,137421,9,0,0,60,<=50K
27307,27,216481,10,0,0,40,<=50K
27308,50,196504,16,0,0,23,<=50K
27309,38,357870,8,0,0,50,<=50K
27310,55,256335,13,0,0,40,<=50K
27311,49,168191,4,0,0,70,<=50K
27312,40,215596,13,0,0,40,<=50K
27313,42,184682,11,0,0,30,<=50K
27315,27,288229,13,0,0,50,<=50K
27318,40,141583,6,0,0,40,<=50K
27319,43,180985,13,0,0,35,<=50K
27320,24,148709,9,0,0,40,<=50K
27321,22,174626,4,0,0,40,<=50K
27323,52,89054,9,0,0,40,<=50K
27325,33,169973,11,0,0,40,<=50K
27326,21,222993,9,0,0,40,<=50K
27327,27,41099,10,0,0,50,<=50K
27328,31,33117,9,0,0,50,<=50K
27330,49,122066,3,0,2603,40,<=50K
27333,37,138940,7,0,0,40,<=50K
27335,37,172722,10,0,0,40,<=50K
27336,26,118523,9,0,0,40,<=50K
27337,31,227886,10,0,0,35,<=50K
27338,36,80743,9,0,0,40,<=50K
27339,52,199688,6,0,0,45,<=50K
27340,40,225823,10,0,0,60,<=50K
27341,21,176486,9,0,0,60,<=50K
27342,63,175777,6,0,0,40,<=50K
27343,30,295010,9,0,0,40,<=50K
27344,30,437825,13,0,0,20,<=50K
27345,50,270194,13,0,0,60,<=50K
27346,41,242089,14,0,0,45,<=50K
27348,23,146499,9,0,0,48,<=50K
27349,52,222405,9,0,2377,40,<=50K
27350,17,216595,7,0,0,20,<=50K
27351,46,157991,11,0,625,40,<=50K
27352,26,373553,10,0,0,42,<=50K
27353,30,194827,10,0,1740,40,<=50K
27354,23,60331,10,0,0,50,<=50K
27355,21,96483,10,0,0,12,<=50K
27356,39,211154,9,0,0,55,<=50K
27357,37,247750,11,0,0,40,<=50K
27359,38,197113,10,0,0,20,<=50K
27360,47,178341,13,4064,0,60,<=50K
27361,20,293297,10,0,0,35,<=50K
27362,35,35330,9,0,0,40,<=50K
27364,32,61898,7,0,0,15,<=50K
27366,32,176992,6,0,0,40,<=50K
27367,27,295289,10,0,0,30,<=50K
27369,28,209934,3,0,0,25,<=50K
27370,26,164938,9,0,0,40,<=50K
27372,23,124259,10,0,0,40,<=50K
27373,70,232871,10,0,0,30,<=50K
27374,41,73199,13,0,0,40,<=50K
27375,43,27661,14,0,0,45,<=50K
27376,65,461715,9,0,0,25,<=50K
27377,40,89413,9,0,1672,40,<=50K
27379,40,279679,10,0,0,45,<=50K
27380,43,221172,13,0,0,35,<=50K
27381,50,222020,9,0,0,48,<=50K
27382,19,181265,10,0,0,30,<=50K
27383,32,261056,13,2174,0,60,<=50K
27384,32,204792,7,0,0,40,<=50K
27385,42,384508,7,1506,0,50,<=50K
27387,30,182714,10,0,0,40,<=50K
27388,20,471452,10,0,0,30,<=50K
27389,45,264052,9,0,0,40,<=50K
27391,24,203027,12,0,0,40,<=50K
27392,43,218309,13,0,0,50,<=50K
27393,28,133625,9,0,0,40,<=50K
27394,35,45937,9,0,0,40,<=50K
27395,36,389850,9,0,0,50,<=50K
27396,38,201617,9,0,0,40,<=50K
27397,32,114733,13,0,0,35,<=50K
27398,50,97778,9,0,0,40,<=50K
27400,35,82622,9,0,0,40,<=50K
27401,30,48014,14,0,0,40,<=50K
27402,61,162678,3,0,0,40,<=50K
27403,27,213842,13,0,0,38,<=50K
27404,61,221447,9,0,0,40,<=50K
27405,18,426836,3,0,0,40,<=50K
27407,31,50276,13,0,0,60,<=50K
27408,20,180497,9,0,0,40,<=50K
27409,35,220585,8,0,0,40,<=50K
27410,51,202752,9,0,0,40,<=50K
27412,18,170544,7,0,0,20,<=50K
27414,59,24384,9,0,0,40,<=50K
27415,21,209067,9,0,0,40,<=50K
27416,22,65225,6,0,0,40,<=50K
27417,60,27466,10,0,0,40,<=50K
27419,21,442131,9,0,0,40,<=50K
27420,61,243283,9,0,0,40,<=50K
27421,64,316627,3,0,0,40,<=50K
27422,63,208862,9,0,0,40,<=50K
27423,27,38645,13,0,0,40,<=50K
27424,23,141272,13,0,0,30,<=50K
27425,41,29324,9,0,0,45,<=50K
27426,18,348588,8,0,0,25,<=50K
27429,17,218361,6,0,1602,12,<=50K
27430,34,156809,10,0,1504,60,<=50K
27431,24,267945,13,0,0,40,<=50K
27433,29,187188,14,0,0,60,<=50K
27436,38,103474,13,0,0,45,<=50K
27438,61,203445,10,0,0,40,<=50K
27441,40,260761,13,0,0,40,<=50K
27443,19,292590,10,0,0,20,<=50K
27444,28,461929,4,0,0,40,<=50K
27445,59,189664,10,0,0,40,<=50K
27446,32,190577,13,0,0,40,<=50K
27448,30,337494,12,0,0,48,<=50K
27449,54,52634,10,0,0,40,<=50K
27451,20,170091,10,0,0,10,<=50K
27452,27,189399,10,0,0,40,<=50K
27453,32,205072,9,0,0,48,<=50K
27454,35,310290,9,0,0,40,<=50K
27455,27,134048,7,0,0,45,<=50K
27457,34,153942,11,0,0,40,<=50K
27459,38,185330,10,0,0,25,<=50K
27460,28,163772,9,0,0,40,<=50K
27461,65,83800,10,0,0,27,<=50K
27462,61,139391,10,0,0,16,<=50K
27463,18,478380,7,0,0,25,<=50K
27465,45,262802,13,0,0,40,<=50K
27466,68,152157,9,0,0,20,<=50K
27467,25,114483,10,0,0,50,<=50K
27468,48,118023,15,0,0,13,<=50K
27469,19,220101,10,0,0,40,<=50K
27472,47,479611,13,0,0,50,<=50K
27473,25,80312,11,4865,0,40,<=50K
27474,30,108386,12,0,0,40,<=50K
27475,67,125926,10,0,0,8,<=50K
27476,35,177102,9,0,0,40,<=50K
27477,26,190762,10,0,0,18,<=50K
27478,61,180632,9,0,0,40,<=50K
27479,54,88019,9,0,0,32,<=50K
27481,32,100662,5,0,0,40,<=50K
27482,34,183557,9,0,0,25,<=50K
27483,36,160035,9,0,0,40,<=50K
27485,28,269246,7,0,0,40,<=50K
27486,22,308334,9,0,0,19,<=50K
27487,58,215190,7,0,0,20,<=50K
27488,27,419146,3,0,0,75,<=50K
27489,62,176839,13,0,0,38,<=50K
27491,21,309348,10,594,0,4,<=50K
27492,41,56795,14,0,0,45,<=50K
27493,28,201861,10,0,0,45,<=50K
27494,33,179509,13,0,0,40,<=50K
27496,19,243941,10,0,1721,25,<=50K
27497,76,117169,4,0,0,30,<=50K
27498,25,100903,13,0,0,25,<=50K
27500,40,262872,13,0,0,40,<=50K
27501,22,187052,7,0,0,30,<=50K
27502,17,277583,7,0,0,15,<=50K
27503,55,169071,10,0,0,20,<=50K
27504,51,96190,10,0,0,40,<=50K
27505,26,61603,3,0,0,40,<=50K
27506,44,43711,13,0,0,48,<=50K
27507,65,197883,6,0,0,70,<=50K
27509,34,177639,12,0,0,40,<=50K
27510,42,201723,9,0,0,40,<=50K
27511,26,222248,9,0,0,70,<=50K
27512,39,86143,3,0,0,40,<=50K
27513,46,228620,7,0,0,40,<=50K
27514,34,346034,13,0,0,40,<=50K
27515,59,87510,9,0,0,40,<=50K
27516,20,37932,9,0,0,50,<=50K
27519,51,159755,9,0,0,20,<=50K
27521,47,110669,13,0,0,50,<=50K
27522,21,220115,10,0,0,20,<=50K
27523,30,45427,11,0,0,49,<=50K
27524,38,154669,9,0,0,60,<=50K
27526,23,71864,10,0,0,35,<=50K
27528,22,254293,8,0,0,40,<=50K
27529,31,111883,9,0,0,40,<=50K
27530,50,146429,9,0,0,40,<=50K
27531,19,472807,2,0,0,52,<=50K
27533,23,184665,9,0,0,50,<=50K
27534,35,205852,9,0,0,40,<=50K
27535,28,83879,9,0,0,40,<=50K
27536,27,178564,10,0,0,30,<=50K
27537,46,168796,13,0,0,55,<=50K
27538,27,269444,9,0,0,40,<=50K
27539,25,47353,6,0,0,40,<=50K
27540,34,29254,10,0,0,70,<=50K
27541,33,155343,9,0,0,40,<=50K
27542,36,234271,10,0,0,40,<=50K
27543,30,257849,4,0,0,48,<=50K
27544,23,228230,10,0,0,47,<=50K
27545,36,227615,3,0,0,32,<=50K
27546,29,406826,13,0,0,45,<=50K
27548,19,97261,8,0,0,40,<=50K
27549,20,232022,10,0,0,40,<=50K
27551,20,515797,9,0,0,40,<=50K
27552,22,351381,11,0,0,40,<=50K
27554,60,26721,10,0,0,40,<=50K
27555,19,164123,7,0,0,40,<=50K
27556,59,98418,9,0,0,20,<=50K
27557,36,29814,9,0,0,50,<=50K
27558,25,254613,9,0,0,40,<=50K
27559,49,207677,4,0,0,70,<=50K
27560,25,217030,9,0,0,30,<=50K
27561,50,171199,7,0,0,40,<=50K
27562,44,198270,12,0,0,43,<=50K
27563,28,131310,9,0,0,40,<=50K
27564,33,79923,10,0,0,20,<=50K
27565,40,475322,13,0,0,50,<=50K
27566,56,134286,10,0,0,45,<=50K
27568,23,125525,13,0,0,42,<=50K
27569,38,155676,9,0,0,40,<=50K
27570,21,304949,10,0,0,10,<=50K
27571,67,150516,4,0,0,24,<=50K
27572,54,249096,11,0,0,40,<=50K
27573,50,164127,9,0,0,40,<=50K
27574,59,304779,4,0,0,40,<=50K
27575,51,157043,7,0,0,40,<=50K
27576,30,396538,9,0,0,29,<=50K
27578,64,200017,9,0,0,20,<=50K
27579,61,60641,13,0,0,45,<=50K
27580,26,89326,13,0,0,40,<=50K
27581,47,200471,11,4064,0,40,<=50K
27583,24,117210,9,0,0,50,<=50K
27584,27,202206,7,0,0,40,<=50K
27587,55,26683,9,0,0,60,<=50K
27588,20,204641,10,0,0,40,<=50K
27589,30,225053,9,0,0,50,<=50K
27590,36,98776,10,0,0,30,<=50K
27591,19,263932,9,0,0,20,<=50K
27594,26,339324,9,0,0,96,<=50K
27597,24,162919,10,0,0,40,<=50K
27598,24,186314,10,0,0,54,<=50K
27599,36,254202,9,0,0,50,<=50K
27601,53,287317,9,0,0,32,<=50K
27604,46,204928,10,0,0,40,<=50K
27606,29,133625,9,0,0,40,<=50K
27607,60,71683,5,0,0,49,<=50K
27608,58,570562,9,0,0,38,<=50K
27609,67,36876,9,0,0,55,<=50K
27611,39,50096,10,0,0,80,<=50K
27612,37,336880,10,0,0,50,<=50K
27613,54,135840,10,0,0,50,<=50K
27614,63,168048,15,0,0,30,<=50K
27615,47,187969,7,0,0,38,<=50K
27616,23,117363,13,0,0,40,<=50K
27617,55,256526,9,4865,0,45,<=50K
27618,49,304416,7,0,0,40,<=50K
27620,23,229826,9,0,0,40,<=50K
27621,19,159796,10,0,0,12,<=50K
27623,25,25386,11,0,0,40,<=50K
27624,35,491000,11,0,0,40,<=50K
27625,23,247731,9,0,0,40,<=50K
27626,48,180532,11,0,0,40,<=50K
27627,48,189462,10,2176,0,40,<=50K
27628,44,419134,9,0,0,40,<=50K
27629,55,170166,13,0,0,25,<=50K
27630,33,173495,9,0,0,50,<=50K
27631,18,423024,8,0,0,20,<=50K
27632,24,72119,13,2202,0,30,<=50K
27634,24,257621,13,0,0,20,<=50K
27636,27,259840,13,0,0,45,<=50K
27638,26,159662,6,0,0,40,<=50K
27642,73,131982,13,0,0,5,<=50K
27643,32,124052,9,0,0,50,<=50K
27647,35,140915,13,0,1590,40,<=50K
27648,52,230657,9,3781,0,40,<=50K
27649,30,195576,10,3325,0,50,<=50K
27650,23,117767,13,0,0,40,<=50K
27652,61,79827,9,0,0,50,<=50K
27653,38,103925,9,0,0,35,<=50K
27654,68,161744,6,0,0,16,<=50K
27656,42,196514,10,0,0,40,<=50K
27657,48,61985,5,0,0,20,<=50K
27658,19,157605,9,0,0,40,<=50K
27659,31,137367,7,0,0,40,<=50K
27660,40,110862,12,0,2377,50,<=50K
27661,32,74883,13,0,0,40,<=50K
27664,23,177787,13,0,0,30,<=50K
27665,30,103651,7,0,0,35,<=50K
27666,44,162108,13,0,0,45,<=50K
27667,24,217602,9,0,0,60,<=50K
27668,34,473133,9,0,0,60,<=50K
27669,17,113301,7,0,0,12,<=50K
27671,30,168387,13,0,0,40,<=50K
27672,45,38950,13,0,0,40,<=50K
27673,22,107801,11,0,0,40,<=50K
27674,49,191277,10,0,0,40,<=50K
27675,39,205359,12,0,0,45,<=50K
27676,39,240226,9,0,0,40,<=50K
27677,34,203357,10,0,0,40,<=50K
27679,24,202959,11,0,0,40,<=50K
27681,19,238474,7,0,0,40,<=50K
27682,24,1085515,9,0,0,30,<=50K
27683,25,82560,12,0,0,43,<=50K
27684,71,55965,4,0,0,10,<=50K
27685,27,161087,9,0,0,40,<=50K
27686,28,261278,11,0,0,40,<=50K
27688,18,138917,7,0,0,10,<=50K
27689,49,200198,9,0,0,40,<=50K
27690,36,205359,9,0,0,25,<=50K
27691,57,250201,9,0,0,50,<=50K
27693,17,244523,6,0,0,20,<=50K
27694,30,236599,9,0,0,50,<=50K
27695,41,108713,6,0,0,40,<=50K
27696,26,177147,9,0,0,40,<=50K
27697,61,129246,6,0,0,48,<=50K
27698,50,222381,10,0,0,40,<=50K
27699,24,145111,9,0,0,45,<=50K
27700,44,62258,7,0,0,40,<=50K
27701,38,108293,14,0,0,40,<=50K
27702,61,167284,4,0,0,40,<=50K
27703,25,97789,13,0,0,50,<=50K
27704,34,111415,9,0,0,70,<=50K
27705,38,374524,10,0,0,40,<=50K
27706,42,287244,9,0,0,55,<=50K
27707,17,341395,6,0,0,20,<=50K
27708,48,278039,4,0,0,40,<=50K
27711,55,294395,11,6849,0,40,<=50K
27712,41,240900,9,0,0,20,<=50K
27713,45,32896,3,0,0,35,<=50K
27714,49,97411,4,0,0,45,<=50K
27715,19,72355,10,0,0,20,<=50K
27716,39,342448,13,0,0,45,<=50K
27717,43,187702,10,2174,0,45,<=50K
27718,42,303388,10,0,0,65,<=50K
27719,17,112291,7,0,0,12,<=50K
27720,30,208668,12,0,0,25,<=50K
27721,61,28375,14,0,0,70,<=50K
27723,60,88675,9,0,0,40,<=50K
27725,27,372500,3,0,0,45,<=50K
27726,24,190968,9,0,0,48,<=50K
27728,42,257328,9,0,0,40,<=50K
27729,34,127610,13,0,0,15,<=50K
27730,22,139324,5,0,0,36,<=50K
27731,47,164423,9,0,0,43,<=50K
27732,50,104501,9,0,1980,40,<=50K
27733,30,56121,9,0,0,40,<=50K
27734,38,296212,13,0,0,45,<=50K
27737,34,261023,10,0,1651,38,<=50K
27739,34,116910,9,0,0,50,<=50K
27740,31,132601,10,0,0,40,<=50K
27741,68,185537,10,0,0,20,<=50K
27742,22,500720,9,0,0,40,<=50K
27743,42,182108,13,0,0,35,<=50K
27744,37,231491,9,0,0,35,<=50K
27745,36,239415,9,0,0,35,<=50K
27746,38,179262,10,0,0,30,<=50K
27747,72,121004,9,0,0,55,<=50K
27748,40,252392,3,0,0,40,<=50K
27749,19,163578,10,0,0,30,<=50K
27751,30,285902,12,0,0,40,<=50K
27752,52,113094,13,0,1092,40,<=50K
27754,41,174540,10,0,0,4,<=50K
27755,29,188729,13,0,0,45,<=50K
27756,24,72143,13,0,0,20,<=50K
27759,17,317702,6,0,0,15,<=50K
27760,35,215323,11,0,0,35,<=50K
27761,38,192939,9,0,0,40,<=50K
27762,36,156352,5,0,0,40,<=50K
27763,24,155066,7,0,0,60,<=50K
27764,38,152621,13,0,0,99,<=50K
27765,19,298891,7,0,0,40,<=50K
27766,30,193298,9,0,0,45,<=50K
27767,36,150309,11,0,0,40,<=50K
27768,27,384308,10,0,0,45,<=50K
27770,66,182378,4,0,0,30,<=50K
27773,17,57723,7,0,0,30,<=50K
27774,19,307837,10,0,0,40,<=50K
27775,57,103540,3,0,0,50,<=50K
27776,54,136224,14,0,0,30,<=50K
27777,21,231573,10,0,0,40,<=50K
27778,43,242804,9,0,0,40,<=50K
27779,50,163671,9,0,0,40,<=50K
27782,41,222504,15,0,0,38,<=50K
27783,20,41356,10,0,0,40,<=50K
27784,28,59335,13,0,0,15,<=50K
27785,62,84756,5,0,0,35,<=50K
27786,41,407425,8,0,0,40,<=50K
27787,37,162424,9,0,0,45,<=50K
27788,53,175456,10,0,0,30,<=50K
27790,23,250630,14,0,0,30,<=50K
27791,46,233974,9,0,0,35,<=50K
27792,28,376302,9,0,0,45,<=50K
27793,50,195638,6,0,0,40,<=50K
27794,19,225775,10,0,0,45,<=50K
27795,84,388384,4,0,0,10,<=50K
27797,61,168654,9,0,0,20,<=50K
27798,44,180609,10,0,0,42,<=50K
27799,32,114746,9,0,0,60,<=50K
27800,25,178037,10,0,0,35,<=50K
27801,47,160045,10,0,0,40,<=50K
27802,19,268524,10,0,0,15,<=50K
27803,37,174844,10,0,0,17,<=50K
27804,28,82488,9,0,0,40,<=50K
27806,32,48014,10,0,0,35,<=50K
27807,24,217226,10,0,0,30,<=50K
27808,22,177902,10,0,0,25,<=50K
27809,30,39386,10,0,0,99,<=50K
27810,56,37394,14,0,0,40,<=50K
27812,28,114158,10,0,0,26,<=50K
27814,28,360527,10,0,0,45,<=50K
27815,39,225544,8,0,0,40,<=50K
27817,23,230315,10,0,0,40,<=50K
27818,32,158002,10,0,0,55,<=50K
27819,37,179468,9,0,0,40,<=50K
27820,71,99894,3,0,0,75,<=50K
27822,20,42279,10,0,0,40,<=50K
27823,53,167380,9,0,1740,50,<=50K
27824,42,274913,9,0,0,45,<=50K
27826,26,68001,14,0,0,40,<=50K
27827,21,27162,10,0,0,16,<=50K
27828,37,286146,9,0,0,40,<=50K
27829,36,95462,13,0,0,40,<=50K
27830,25,50103,9,0,0,40,<=50K
27833,29,115064,9,0,0,40,<=50K
27834,20,215443,10,0,0,38,<=50K
27835,32,174789,9,0,0,50,<=50K
27836,24,91999,12,0,0,20,<=50K
27839,40,277488,9,0,0,84,<=50K
27842,24,227594,10,0,0,20,<=50K
27844,61,175032,9,0,0,40,<=50K
27845,36,133569,2,0,0,40,<=50K
27846,20,308654,10,0,0,20,<=50K
27847,36,156084,9,0,0,40,<=50K
27848,45,380127,13,0,0,40,<=50K
27849,22,210781,13,0,0,40,<=50K
27850,31,189759,9,0,2001,40,<=50K
27851,34,258675,9,0,0,40,<=50K
27852,24,223367,7,0,0,40,<=50K
27853,42,204817,5,0,0,35,<=50K
27854,23,409230,13,0,0,25,<=50K
27857,40,353142,10,0,0,40,<=50K
27858,55,143030,9,0,0,40,<=50K
27860,28,30912,9,0,0,43,<=50K
27864,32,115989,7,0,0,60,<=50K
27866,61,201273,10,0,0,40,<=50K
27867,62,137354,14,0,0,40,<=50K
27868,29,133420,10,5013,0,40,<=50K
27869,26,192208,9,0,0,32,<=50K
27870,19,220001,10,0,0,50,<=50K
27871,40,352612,6,0,0,40,<=50K
27873,42,319016,9,2885,0,45,<=50K
27874,55,119751,14,0,0,40,<=50K
27875,55,202220,9,2407,0,35,<=50K
27877,39,111275,9,0,0,40,<=50K
27879,28,261725,9,0,0,40,<=50K
27880,36,182013,10,0,0,40,<=50K
27881,49,40666,10,0,0,50,<=50K
27882,41,216461,10,0,0,40,<=50K
27883,60,320376,4,0,0,40,<=50K
27884,35,282951,13,0,0,70,<=50K
27885,36,166697,13,0,0,40,<=50K
27887,23,455361,9,0,0,40,<=50K
27888,51,82783,9,0,0,40,<=50K
27889,17,56536,7,1055,0,18,<=50K
27890,33,109959,10,0,0,25,<=50K
27891,50,177927,9,0,0,40,<=50K
27893,18,236272,9,0,0,35,<=50K
27894,26,33610,9,0,0,40,<=50K
27895,21,209483,10,0,0,47,<=50K
27896,26,247006,9,0,0,52,<=50K
27898,39,204756,10,0,0,20,<=50K
27899,33,300681,9,0,0,40,<=50K
27900,42,24264,10,0,0,38,<=50K
27901,28,266070,15,0,0,50,<=50K
27902,20,226978,9,0,0,35,<=50K
27903,66,362165,13,0,2206,25,<=50K
27904,31,341672,10,0,0,50,<=50K
27905,36,179488,10,0,0,40,<=50K
27907,52,259583,9,0,0,40,<=50K
27909,27,219863,9,0,0,40,<=50K
27910,45,206947,9,0,0,50,<=50K
27911,21,245572,5,0,0,40,<=50K
27912,25,38488,9,0,0,40,<=50K
27913,24,182504,10,0,0,25,<=50K
27914,38,193815,12,0,0,55,<=50K
27915,51,521665,10,0,0,24,<=50K
27917,45,60267,9,0,0,38,<=50K
27918,59,264357,6,0,0,50,<=50K
27919,41,191814,9,0,0,40,<=50K
27920,23,107882,13,0,0,40,<=50K
27921,43,174575,10,0,0,45,<=50K
27922,17,143331,7,0,0,20,<=50K
27924,42,198619,11,0,0,40,<=50K
27927,43,257780,9,0,0,40,<=50K
27929,28,148429,9,0,0,40,<=50K
27930,47,71221,9,0,0,60,<=50K
27931,21,236769,4,0,0,40,<=50K
27932,39,32146,10,0,0,40,<=50K
27933,39,347491,7,0,1876,46,<=50K
27934,34,180714,10,0,2179,40,<=50K
27935,57,188877,5,0,0,40,<=50K
27936,27,306747,13,0,0,40,<=50K
27937,21,478457,10,0,0,12,<=50K
27938,25,248990,3,0,0,40,<=50K
27940,35,148015,13,0,0,40,<=50K
27941,19,278115,10,0,0,12,<=50K
27943,34,176673,10,0,0,35,<=50K
27944,33,202366,9,0,0,32,<=50K
27945,36,238415,9,0,0,40,<=50K
27946,33,37939,13,0,0,35,<=50K
27947,60,35649,13,0,0,40,<=50K
27949,47,204900,9,0,0,40,<=50K
27952,21,200153,9,0,0,32,<=50K
27955,34,366898,9,0,0,40,<=50K
27956,37,324947,13,0,0,40,<=50K
27957,27,321577,9,0,0,40,<=50K
27958,31,241360,13,0,0,40,<=50K
27959,30,207564,10,0,0,40,<=50K
27960,33,220860,9,0,0,45,<=50K
27961,41,336571,10,0,0,40,<=50K
27962,23,56402,10,0,0,30,<=50K
27963,65,180280,10,0,0,40,<=50K
27964,30,81282,9,0,0,40,<=50K
27965,51,86332,11,4064,0,55,<=50K
27966,30,27051,10,0,0,40,<=50K
27968,37,183735,9,3137,0,30,<=50K
27969,42,100800,9,0,0,40,<=50K
27971,67,102693,9,1086,0,35,<=50K
27974,33,173858,13,0,0,40,<=50K
27975,27,347153,10,0,0,40,<=50K
27977,35,197719,10,0,0,40,<=50K
27981,21,184543,11,0,0,40,<=50K
27982,66,175558,4,0,0,20,<=50K
27983,46,122026,9,0,0,50,<=50K
27984,23,340543,13,0,0,38,<=50K
27985,43,101950,14,0,0,45,<=50K
27986,40,179508,9,0,0,55,<=50K
27987,52,225317,3,0,0,40,<=50K
27989,36,282602,11,0,0,40,<=50K
27990,33,184016,9,0,0,40,<=50K
27991,20,250165,9,0,0,40,<=50K
27992,21,196467,9,0,0,35,<=50K
27993,59,220783,6,0,0,40,<=50K
27995,62,65868,9,0,0,43,<=50K
27996,54,35459,9,0,0,40,<=50K
27997,35,98986,4,0,0,30,<=50K
27998,36,282092,12,0,0,40,<=50K
27999,21,140764,9,0,0,45,<=50K
28000,30,33124,9,0,0,14,<=50K
28003,21,214387,10,0,0,64,<=50K
28004,39,180667,9,0,0,40,<=50K
28005,54,278329,9,0,0,43,<=50K
28006,32,184440,10,3464,0,40,<=50K
28007,23,140462,9,0,0,40,<=50K
28008,42,202565,2,0,0,40,<=50K
28009,62,181063,6,0,0,30,<=50K
28010,28,287268,10,0,0,35,<=50K
28011,28,215955,9,0,0,40,<=50K
28012,35,82552,12,0,0,40,<=50K
28013,19,41745,10,0,0,40,<=50K
28014,27,73587,9,0,0,35,<=50K
28015,54,263925,2,0,0,50,<=50K
28016,19,196119,9,0,0,35,<=50K
28017,27,284741,10,0,0,30,<=50K
28018,30,293936,9,0,0,50,<=50K
28019,35,340428,12,0,0,35,<=50K
28020,66,175891,5,0,0,40,<=50K
28021,19,276973,10,0,0,20,<=50K
28023,32,144064,13,0,0,40,<=50K
28024,31,236391,10,0,0,40,<=50K
28025,26,224943,11,0,0,65,<=50K
28026,44,151294,10,0,0,25,<=50K
28028,30,241885,10,0,0,40,<=50K
28029,32,189461,9,0,0,60,<=50K
28030,19,36012,9,0,0,40,<=50K
28031,33,85355,9,0,0,30,<=50K
28032,20,157595,10,0,0,40,<=50K
28033,61,197286,4,0,0,40,<=50K
28034,33,362747,10,0,0,35,<=50K
28035,24,395297,10,0,0,35,<=50K
28036,31,144949,13,0,0,60,<=50K
28037,20,163665,9,0,0,20,<=50K
28038,32,141490,11,0,0,50,<=50K
28039,29,147889,12,0,0,40,<=50K
28040,61,232808,6,0,0,24,<=50K
28041,48,70668,9,0,0,50,<=50K
28042,29,33315,12,0,0,40,<=50K
28043,61,63526,8,0,0,52,<=50K
28044,34,591711,10,0,0,48,<=50K
28045,22,200318,12,0,0,15,<=50K
28046,32,97723,9,0,1672,40,<=50K
28047,38,109231,9,0,0,40,<=50K
28048,27,102889,10,0,0,40,<=50K
28049,26,167106,9,0,0,40,<=50K
28051,62,197918,9,0,0,40,<=50K
28052,28,67386,9,0,0,40,<=50K
28053,50,126592,9,0,0,40,<=50K
28055,37,119929,9,0,0,40,<=50K
28056,63,158199,2,0,0,44,<=50K
28057,35,341102,5,0,0,40,<=50K
28060,25,195201,9,0,0,50,<=50K
28061,51,128272,10,0,0,40,<=50K
28065,26,171114,13,0,0,40,<=50K
28066,46,216414,11,0,0,40,<=50K
28067,24,127753,8,0,0,40,<=50K
28068,19,282698,4,0,0,80,<=50K
28070,36,312785,13,0,0,35,<=50K
28071,18,92864,8,0,0,20,<=50K
28073,30,104223,9,0,0,32,<=50K
28074,29,144784,9,0,0,40,<=50K
28075,65,178934,9,0,0,20,<=50K
28077,34,133122,13,0,0,40,<=50K
28078,58,103540,4,0,0,40,<=50K
28079,39,172700,9,0,0,40,<=50K
28080,21,282484,10,0,0,40,<=50K
28083,28,214702,13,0,0,60,<=50K
28084,32,116055,9,2977,0,35,<=50K
28086,31,216827,9,0,0,40,<=50K
28089,27,278122,9,0,0,40,<=50K
28090,45,122195,9,0,0,40,<=50K
28091,34,156890,9,0,0,50,<=50K
28092,17,36877,6,0,0,10,<=50K
28093,25,131178,9,0,0,23,<=50K
28095,33,73054,9,0,0,40,<=50K
28096,21,96844,10,0,0,20,<=50K
28097,22,324922,9,0,0,50,<=50K
28098,61,130684,10,0,0,42,<=50K
28100,58,81038,10,0,0,12,<=50K
28101,30,151967,10,0,0,58,<=50K
28102,24,278107,9,0,0,60,<=50K
28104,50,183638,9,0,0,40,<=50K
28105,49,247892,10,0,0,30,<=50K
28106,22,221480,9,0,0,40,<=50K
28108,21,518530,10,0,0,40,<=50K
28109,25,193787,10,0,0,50,<=50K
28110,34,157466,9,0,0,45,<=50K
28112,61,158712,9,0,0,99,<=50K
28113,21,252253,10,0,0,40,<=50K
28114,20,200450,4,0,0,52,<=50K
28117,44,291566,9,0,0,60,<=50K
28118,29,151382,9,0,0,60,<=50K
28119,31,221167,15,0,0,35,<=50K
28120,35,196178,9,0,0,40,<=50K
28121,27,302422,9,0,0,40,<=50K
28122,26,37379,13,0,0,45,<=50K
28124,33,182926,13,0,0,40,<=50K
28125,44,159911,4,0,0,55,<=50K
28127,28,207213,12,0,0,5,<=50K
28128,30,200192,10,0,0,45,<=50K
28129,41,180096,13,0,0,35,<=50K
28130,23,192812,13,0,0,40,<=50K
28131,19,105908,9,0,0,70,<=50K
28132,48,373366,2,3781,0,50,<=50K
28133,26,234190,10,0,0,20,<=50K
28135,26,109097,9,0,0,48,<=50K
28137,49,209146,9,0,0,40,<=50K
28138,33,289046,9,0,1741,40,<=50K
28140,36,73023,9,0,0,55,<=50K
28141,41,122626,9,0,0,48,<=50K
28142,27,113635,13,0,0,35,<=50K
28144,21,191806,10,0,0,75,<=50K
28145,56,35723,9,0,0,40,<=50K
28146,40,30759,11,0,0,60,<=50K
28147,46,105327,9,0,0,40,<=50K
28148,55,376058,5,0,0,45,<=50K
28149,43,219307,5,0,0,40,<=50K
28150,46,208067,9,0,0,40,<=50K
28151,51,78631,10,0,0,60,<=50K
28152,19,210308,10,0,0,15,<=50K
28154,31,594187,9,0,0,40,<=50K
28156,21,126613,10,0,0,40,<=50K
28157,36,30267,9,0,0,50,<=50K
28158,23,216811,9,0,0,16,<=50K
28162,39,188335,9,0,0,40,<=50K
28163,24,417668,13,0,0,30,<=50K
28165,38,296317,9,0,0,40,<=50K
28166,36,164898,9,0,0,40,<=50K
28167,17,452406,7,0,0,15,<=50K
28168,27,42696,9,0,0,40,<=50K
28169,30,262994,10,0,0,40,<=50K
28170,43,167298,9,0,0,40,<=50K
28171,51,103529,7,0,0,30,<=50K
28175,19,39460,9,0,0,60,<=50K
28177,28,239130,10,0,0,40,<=50K
28178,41,151089,10,0,0,50,<=50K
28179,21,331611,10,0,0,50,<=50K
28180,31,203463,13,0,0,40,<=50K
28181,45,151518,9,0,0,45,<=50K
28182,23,39844,9,0,0,50,<=50K
28183,32,299635,10,0,0,50,<=50K
28184,67,123393,7,0,0,40,<=50K
28186,35,238802,9,0,0,50,<=50K
28187,29,499197,10,0,0,40,<=50K
28188,38,200220,9,0,0,40,<=50K
28189,38,114059,10,0,0,60,<=50K
28190,18,434430,9,0,0,30,<=50K
28191,47,185385,9,5013,0,24,<=50K
28192,22,225156,9,0,0,40,<=50K
28193,21,377931,10,0,2377,48,<=50K
28194,27,133359,13,0,0,50,<=50K
28195,28,226891,10,0,0,30,<=50K
28196,32,201988,15,4508,0,40,<=50K
28198,23,151910,13,0,1719,40,<=50K
28199,25,231714,10,0,0,40,<=50K
28200,44,178510,10,0,2258,60,<=50K
28203,33,148261,10,0,0,40,<=50K
28205,29,77207,14,0,0,30,<=50K
28206,32,377017,12,0,0,40,<=50K
28207,78,184759,4,1797,0,15,<=50K
28210,55,102058,8,0,0,30,<=50K
28211,20,333843,9,0,0,40,<=50K
28212,35,296478,10,0,0,40,<=50K
28213,27,116662,9,0,0,40,<=50K
28215,42,142424,11,0,0,40,<=50K
28216,47,200808,8,0,0,35,<=50K
28217,29,119052,9,0,0,40,<=50K
28218,33,168981,2,0,0,24,<=50K
28219,44,151780,10,0,0,40,<=50K
28220,70,237065,3,2346,0,40,<=50K
28221,25,509866,9,0,0,78,<=50K
28222,24,249385,13,0,0,10,<=50K
28223,42,109462,13,2977,0,40,<=50K
28225,39,249720,13,0,0,60,<=50K
28226,72,258761,9,0,0,40,<=50K
28227,43,64048,5,0,0,44,<=50K
28228,25,153534,10,0,0,40,<=50K
28230,27,255582,9,0,0,40,<=50K
28232,64,159938,9,2635,0,24,<=50K
28235,33,175479,3,0,0,40,<=50K
28236,18,301814,9,0,0,20,<=50K
28237,20,238917,7,0,0,32,<=50K
28238,32,205581,10,0,0,50,<=50K
28239,45,340341,10,0,0,40,<=50K
28240,48,147860,9,0,0,40,<=50K
28241,20,121023,10,0,0,40,<=50K
28242,23,259496,9,0,0,40,<=50K
28247,47,264244,9,0,0,40,<=50K
28248,46,197988,2,0,0,20,<=50K
28249,19,206599,9,0,0,40,<=50K
28250,51,313146,9,0,0,40,<=50K
28251,41,99212,9,0,0,40,<=50K
28252,37,340599,7,0,0,40,<=50K
28253,31,62932,9,0,0,40,<=50K
28254,25,44861,9,0,0,40,<=50K
28257,47,128401,16,0,0,40,<=50K
28259,60,95445,10,3137,0,46,<=50K
28260,43,54611,9,0,0,40,<=50K
28262,28,210313,6,0,0,40,<=50K
28263,19,181020,7,0,0,30,<=50K
28265,19,256979,9,0,0,35,<=50K
28268,21,209955,9,0,0,48,<=50K
28269,33,182246,9,0,0,40,<=50K
28271,44,91949,9,0,0,40,<=50K
28273,28,183445,9,0,0,70,<=50K
28274,24,130741,13,0,0,40,<=50K
28275,20,191878,10,0,0,20,<=50K
28276,21,233923,10,0,0,24,<=50K
28277,20,48121,9,0,0,40,<=50K
28278,21,304302,9,0,0,40,<=50K
28279,34,284703,10,0,0,52,<=50K
28280,17,401198,7,0,0,15,<=50K
28281,35,243357,7,0,0,40,<=50K
28282,26,32276,9,0,0,40,<=50K
28283,35,110538,9,0,0,70,<=50K
28284,25,257310,9,0,0,40,<=50K
28285,27,411950,10,0,0,40,<=50K
28287,43,52498,13,0,0,50,<=50K
28289,37,87076,9,0,0,40,<=50K
28290,58,224854,9,0,0,40,<=50K
28291,25,193379,12,0,0,45,<=50K
28292,54,98436,14,0,0,40,<=50K
28293,42,116632,10,0,0,60,<=50K
28295,44,90688,9,0,0,45,<=50K
28296,61,229744,3,0,0,40,<=50K
28297,29,59732,9,0,0,40,<=50K
28299,24,90046,10,0,0,40,<=50K
28302,50,301583,9,0,0,40,<=50K
28303,18,171964,9,0,1602,20,<=50K
28304,49,315984,9,0,0,40,<=50K
28305,38,241962,9,0,0,40,<=50K
28306,41,131591,9,0,0,45,<=50K
28307,70,207938,10,0,0,5,<=50K
28309,24,121023,13,0,0,40,<=50K
28311,22,163911,10,0,0,20,<=50K
28313,28,204734,10,0,0,40,<=50K
28314,45,220978,9,0,0,50,<=50K
28316,26,50103,10,0,0,40,<=50K
28317,38,283293,9,0,0,40,<=50K
28319,19,263338,9,0,0,20,<=50K
28321,30,348592,9,0,0,44,<=50K
28323,53,226135,5,0,0,40,<=50K
28324,32,172375,13,0,0,38,<=50K
28326,47,347025,14,0,0,40,<=50K
28327,36,191335,10,0,0,56,<=50K
28328,21,247779,7,0,0,38,<=50K
28330,37,95855,9,0,0,40,<=50K
28331,31,74501,9,0,0,30,<=50K
28332,43,245317,9,0,0,50,<=50K
28333,61,29059,9,0,2754,25,<=50K
28334,56,200316,10,0,0,35,<=50K
28335,35,198341,13,0,0,40,<=50K
28336,59,100453,4,0,0,38,<=50K
28338,47,235683,14,0,0,40,<=50K
28340,64,88470,10,0,0,40,<=50K
28341,26,198801,9,0,0,45,<=50K
28343,50,196193,13,0,0,40,<=50K
28344,30,205418,9,0,0,20,<=50K
28345,46,695411,9,0,0,44,<=50K
28347,44,192771,9,0,0,40,<=50K
28350,23,180837,9,0,0,40,<=50K
28351,33,159548,10,0,0,38,<=50K
28352,34,110554,9,0,0,35,<=50K
28353,38,103474,11,0,0,40,<=50K
28355,21,138768,10,0,0,40,<=50K
28356,41,321824,9,0,0,8,<=50K
28357,35,244803,9,0,0,40,<=50K
28358,62,206063,10,0,0,45,<=50K
28360,69,163689,10,0,0,16,<=50K
28361,19,45546,10,0,0,16,<=50K
28364,54,175594,9,0,0,40,<=50K
28365,58,148673,9,0,0,10,<=50K
28367,39,272338,9,0,0,25,<=50K
28368,73,105886,13,1173,0,75,<=50K
28369,64,312498,13,0,0,40,<=50K
28370,32,177675,9,0,0,40,<=50K
28372,57,319122,13,0,0,40,<=50K
28373,25,212304,9,0,0,40,<=50K
28374,53,208321,9,0,1740,40,<=50K
28375,39,240841,10,0,0,25,<=50K
28376,49,208978,9,0,0,16,<=50K
28377,23,442359,13,0,1092,40,<=50K
28380,40,72791,10,0,0,40,<=50K
28381,24,275395,9,0,0,50,<=50K
28382,20,195767,9,0,0,40,<=50K
28383,50,462966,6,0,0,8,<=50K
28384,24,265434,13,0,0,40,<=50K
28385,35,31269,9,0,0,40,<=50K
28386,33,246291,13,0,0,46,<=50K
28387,54,128378,13,0,0,40,<=50K
28388,35,231180,9,0,0,45,<=50K
28390,47,337050,10,0,0,40,<=50K
28391,48,193075,9,0,0,20,<=50K
28392,33,169652,11,0,1669,55,<=50K
28394,20,141453,10,0,0,10,<=50K
28395,36,252231,1,0,0,40,<=50K
28396,30,128016,13,0,0,55,<=50K
28398,25,258276,10,0,0,40,<=50K
28399,40,188465,9,0,0,35,<=50K
28400,25,161007,9,0,0,40,<=50K
28401,33,403468,9,0,0,40,<=50K
28402,53,181677,10,0,0,40,<=50K
28403,18,120243,7,0,0,10,<=50K
28404,41,157025,9,0,0,40,<=50K
28405,25,306908,13,0,0,50,<=50K
28406,66,28061,4,0,0,50,<=50K
28407,53,95540,10,1471,0,40,<=50K
28408,27,135001,9,0,0,40,<=50K
28409,28,293398,9,0,0,40,<=50K
28410,23,185106,9,0,0,40,<=50K
28411,29,245790,6,0,0,80,<=50K
28412,26,134004,10,0,0,40,<=50K
28413,26,205036,9,0,0,42,<=50K
28414,26,244495,5,0,0,35,<=50K
28415,38,159179,9,0,0,40,<=50K
28416,36,405155,3,0,0,40,<=50K
28418,32,402361,9,0,0,40,<=50K
28420,31,302626,10,0,0,40,<=50K
28421,38,99138,13,0,0,38,<=50K
28422,39,112731,9,0,0,40,<=50K
28423,35,192923,9,0,2377,40,<=50K
28424,18,761006,7,0,0,20,<=50K
28425,75,125784,10,0,0,8,<=50K
28426,28,182344,9,0,0,40,<=50K
28427,41,117012,14,0,0,55,<=50K
28429,31,484669,10,0,0,40,<=50K
28430,38,314052,9,0,0,38,<=50K
28431,43,38537,10,0,0,38,<=50K
28432,27,165412,9,0,0,40,<=50K
28434,46,116635,13,0,0,36,<=50K
28435,20,185452,9,0,0,40,<=50K
28436,42,118686,10,0,0,20,<=50K
28437,69,76939,9,0,0,40,<=50K
28438,47,160646,11,0,0,35,<=50K
28439,49,126754,9,0,0,40,<=50K
28440,20,211049,10,0,0,30,<=50K
28441,52,311931,3,0,0,15,<=50K
28442,33,283602,3,0,0,59,<=50K
28443,18,155021,7,0,0,6,<=50K
28444,55,100569,9,0,0,55,<=50K
28445,61,380462,4,0,0,40,<=50K
28448,30,248584,10,0,0,40,<=50K
28449,61,227468,9,0,0,40,<=50K
28450,36,66173,12,0,0,15,<=50K
28451,34,107624,10,0,0,50,<=50K
28455,27,216013,9,0,0,40,<=50K
28456,32,210926,7,0,0,40,<=50K
28458,23,77581,13,0,0,40,<=50K
28460,22,203263,9,0,0,50,<=50K
28461,25,261519,9,0,0,35,<=50K
28462,29,91189,13,0,0,48,<=50K
28463,90,195433,9,0,0,30,<=50K
28464,37,272471,9,0,0,40,<=50K
28465,32,311524,9,0,0,38,<=50K
28466,18,151386,9,0,0,40,<=50K
28467,35,187625,10,0,0,65,<=50K
28468,50,108933,5,2885,0,40,<=50K
28472,51,467611,5,0,0,40,<=50K
28473,31,373185,10,0,0,42,<=50K
28474,69,130060,9,2387,0,40,<=50K
28476,71,116165,10,0,0,14,<=50K
28477,28,42881,6,0,0,40,<=50K
28478,28,174666,6,0,0,80,<=50K
28479,25,169759,9,0,0,95,<=50K
28480,49,181547,12,0,0,30,<=50K
28481,52,95704,5,0,0,40,<=50K
28482,23,237432,13,0,0,40,<=50K
28483,32,226267,3,0,0,40,<=50K
28484,31,159979,10,0,0,50,<=50K
28485,30,203488,9,0,0,50,<=50K
28486,24,403671,9,0,0,60,<=50K
28487,45,192323,12,0,0,66,<=50K
28488,30,167832,9,0,0,40,<=50K
28490,42,155657,9,0,0,25,<=50K
28491,49,116789,9,0,0,40,<=50K
28492,20,39234,9,0,0,30,<=50K
28493,25,124111,13,0,0,40,<=50K
28494,41,172828,5,0,0,55,<=50K
28495,55,143372,9,0,0,40,<=50K
28496,31,265807,11,3137,0,50,<=50K
28497,25,218184,13,0,0,40,<=50K
28498,32,154087,9,0,0,40,<=50K
28499,29,440647,10,0,0,40,<=50K
28500,37,193952,9,0,0,40,<=50K
28501,52,125932,4,0,0,40,<=50K
28502,19,284652,10,0,0,15,<=50K
28503,21,214635,10,0,0,24,<=50K
28504,43,173316,12,0,0,40,<=50K
28505,39,65390,10,0,0,40,<=50K
28507,54,185042,2,0,0,40,<=50K
28508,35,117381,13,0,0,40,<=50K
28509,34,258666,11,0,1974,40,<=50K
28512,26,192022,13,0,0,40,<=50K
28513,55,99551,13,0,0,15,<=50K
28514,51,208899,13,0,0,40,<=50K
28515,35,287658,12,0,0,30,<=50K
28516,31,196125,9,0,0,40,<=50K
28517,17,275051,7,0,0,8,<=50K
28518,38,23892,9,0,0,40,<=50K
28520,29,267989,9,0,0,45,<=50K
28521,39,30269,11,0,0,40,<=50K
28524,73,349347,4,0,0,25,<=50K
28525,47,154033,10,0,1876,40,<=50K
28526,28,124680,9,0,0,70,<=50K
28527,27,132805,6,0,1980,40,<=50K
28529,19,224849,9,0,0,35,<=50K
28531,24,184839,10,0,0,40,<=50K
28532,52,302847,7,0,0,40,<=50K
28533,36,181322,13,0,0,45,<=50K
28534,26,192213,14,0,0,40,<=50K
28535,28,37250,13,0,0,16,<=50K
28539,27,279960,9,0,0,40,<=50K
28540,47,176239,10,0,0,40,<=50K
28541,36,115360,6,3464,0,40,<=50K
28542,49,337666,9,0,0,40,<=50K
28544,63,145212,9,0,0,40,<=50K
28546,42,142756,10,0,0,35,<=50K
28547,28,156300,14,0,0,45,<=50K
28548,68,186266,9,0,0,8,<=50K
28549,38,219137,9,0,0,22,<=50K
28552,59,148844,9,0,0,40,<=50K
28554,26,124111,12,0,0,36,<=50K
28555,59,157303,10,0,0,48,<=50K
28556,34,113838,10,0,0,45,<=50K
28558,67,140849,9,0,0,24,<=50K
28559,45,200363,11,0,0,44,<=50K
28560,64,180247,4,0,0,40,<=50K
28564,65,90907,3,0,0,40,<=50K
28565,23,142766,10,0,0,20,<=50K
28566,31,246439,10,0,0,45,<=50K
28567,33,184784,6,0,0,40,<=50K
28568,17,195262,7,0,0,35,<=50K
28569,63,167967,14,0,0,46,<=50K
28571,45,170099,12,0,0,40,<=50K
28572,17,228253,6,0,0,10,<=50K
28573,26,205570,9,0,0,40,<=50K
28574,38,506830,10,0,0,40,<=50K
28575,29,412435,9,0,0,40,<=50K
28576,44,163331,10,0,0,32,<=50K
28577,43,222756,14,0,0,40,<=50K
28578,39,318918,13,0,0,40,<=50K
28579,43,105188,9,0,0,40,<=50K
28580,23,199884,9,0,0,45,<=50K
28581,19,96483,9,0,0,40,<=50K
28582,49,192203,5,0,0,40,<=50K
28583,52,203392,10,5013,0,40,<=50K
28584,32,99646,9,0,0,50,<=50K
28585,38,167440,13,4508,0,40,<=50K
28586,25,210095,3,0,0,25,<=50K
28587,44,219591,10,0,0,40,<=50K
28588,63,30270,4,0,0,40,<=50K
28589,42,226020,9,0,0,60,<=50K
28590,21,314165,10,0,0,40,<=50K
28591,32,330715,10,0,0,40,<=50K
28592,24,35448,9,0,0,50,<=50K
28593,50,172970,9,0,0,40,<=50K
28595,35,61518,9,0,0,35,<=50K
28597,24,281356,2,0,0,66,<=50K
28598,40,138975,9,0,0,56,<=50K
28599,31,176969,13,0,0,55,<=50K
28600,43,132393,9,0,0,40,<=50K
28602,40,478205,13,0,0,40,<=50K
28603,75,128224,3,0,0,25,<=50K
28604,52,30118,10,3137,0,42,<=50K
28605,51,290688,3,0,0,40,<=50K
28606,39,85566,13,0,0,40,<=50K
28608,40,29036,10,0,0,35,<=50K
28609,33,348152,9,0,0,40,<=50K
28611,29,151382,11,0,0,50,<=50K
28612,37,236359,10,0,0,37,<=50K
28614,19,138760,9,0,0,40,<=50K
28615,46,354962,9,0,0,40,<=50K
28617,37,393360,10,0,0,30,<=50K
28618,34,210736,10,0,0,40,<=50K
28619,38,110013,10,0,0,43,<=50K
28620,26,193304,9,0,0,40,<=50K
28621,34,118551,13,0,0,35,<=50K
28622,57,201991,13,0,0,40,<=50K
28623,33,157446,7,0,0,65,<=50K
28624,26,283217,10,0,0,40,<=50K
28625,20,247794,9,0,0,84,<=50K
28627,61,35649,10,0,0,6,<=50K
28630,17,271837,10,0,0,16,<=50K
28632,18,62972,7,0,0,16,<=50K
28633,21,174907,12,0,0,32,<=50K
28634,41,176452,9,0,0,40,<=50K
28635,46,268358,7,0,0,40,<=50K
28636,55,176904,9,0,0,40,<=50K
28637,27,176683,12,0,0,52,<=50K
28638,39,98077,9,0,0,42,<=50K
28639,36,266461,9,0,0,48,<=50K
28640,51,312477,10,3908,0,40,<=50K
28641,27,604045,13,0,0,40,<=50K
28643,42,97688,9,0,0,47,<=50K
28644,23,373628,13,0,0,20,<=50K
28646,41,193459,10,0,0,50,<=50K
28647,49,250733,9,0,0,46,<=50K
28648,46,199725,11,0,0,60,<=50K
28649,54,156877,9,0,0,40,<=50K
28653,22,315974,10,0,0,40,<=50K
28654,31,63437,9,0,0,40,<=50K
28655,27,160786,9,0,0,30,<=50K
28656,34,85374,9,0,0,40,<=50K
28657,46,465974,7,0,0,30,<=50K
28659,36,98037,11,0,0,40,<=50K
28660,22,178390,9,0,0,40,<=50K
28661,51,210940,9,0,2002,45,<=50K
28662,43,64506,10,0,0,30,<=50K
28663,54,128378,10,0,0,50,<=50K
28664,24,234460,5,0,0,40,<=50K
28665,29,176760,15,0,0,55,<=50K
28666,40,59460,10,0,0,38,<=50K
28667,18,234428,7,0,0,20,<=50K
28668,31,215047,13,0,0,50,<=50K
28670,32,191777,14,0,0,40,<=50K
28672,24,229773,10,0,0,35,<=50K
28673,24,174461,12,0,0,22,<=50K
28674,24,250647,11,0,0,40,<=50K
28676,27,151402,9,0,1573,70,<=50K
28677,37,184556,10,0,0,40,<=50K
28679,19,177945,10,0,0,25,<=50K
28681,54,54377,14,0,0,40,<=50K
28682,47,144351,9,0,625,40,<=50K
28683,22,95566,10,0,0,22,<=50K
28684,20,181675,9,0,0,40,<=50K
28685,36,172129,5,0,0,40,<=50K
28686,49,350759,9,0,0,40,<=50K
28688,20,200061,10,0,0,40,<=50K
28689,34,200689,13,0,0,40,<=50K
28691,28,135567,13,4101,0,60,<=50K
28692,38,282753,11,0,0,40,<=50K
28693,32,137367,7,0,0,40,<=50K
28694,35,153976,9,0,0,60,<=50K
28695,51,96062,12,0,0,60,<=50K
28696,33,152933,10,0,0,45,<=50K
28697,71,97870,14,0,0,15,<=50K
28699,53,101432,9,0,0,50,<=50K
28701,64,165479,9,0,0,5,<=50K
28707,24,306460,9,0,0,40,<=50K
28708,19,55284,9,0,0,25,<=50K
28709,26,172063,10,0,0,24,<=50K
28710,22,141028,9,0,0,30,<=50K
28711,33,37274,10,0,0,40,<=50K
28712,63,31389,7,0,0,12,<=50K
28713,20,415913,10,0,0,30,<=50K
28714,33,295591,3,0,0,40,<=50K
28715,57,202903,4,1173,0,45,<=50K
28716,56,159770,9,0,0,40,<=50K
28719,25,225193,13,0,0,40,<=50K
28721,80,225892,9,1409,0,40,<=50K
28722,36,605502,6,0,0,40,<=50K
28725,52,189728,9,0,0,35,<=50K
28726,49,360491,9,0,0,40,<=50K
28727,30,115040,9,0,0,40,<=50K
28731,25,149875,13,0,0,40,<=50K
28733,22,60668,10,0,0,40,<=50K
28734,41,153132,12,0,0,50,<=50K
28736,54,244770,9,0,0,40,<=50K
28737,38,312108,9,0,0,40,<=50K
28739,36,93225,7,0,0,40,<=50K
28741,35,256992,3,0,0,15,<=50K
28742,41,118721,8,0,0,40,<=50K
28743,30,151989,11,0,0,40,<=50K
28744,25,109112,9,0,0,48,<=50K
28749,50,99894,3,0,0,15,<=50K
28750,19,369463,9,0,0,40,<=50K
28751,51,79324,10,0,0,40,<=50K
28752,39,61178,13,0,0,40,<=50K
28753,20,204226,7,0,0,40,<=50K
28754,17,183110,7,0,0,16,<=50K
28756,25,167031,10,0,0,25,<=50K
28757,36,108997,9,0,0,40,<=50K
28758,65,176796,16,0,0,40,<=50K
28760,33,49795,13,0,0,45,<=50K
28761,32,131588,10,0,0,20,<=50K
28762,25,307643,9,0,0,40,<=50K
28763,41,351350,10,0,0,40,<=50K
28765,72,156310,6,2414,0,12,<=50K
28766,36,207789,9,0,0,52,<=50K
28767,67,252842,9,1797,0,20,<=50K
28768,28,294936,9,4064,0,45,<=50K
28769,24,196269,7,0,0,40,<=50K
28770,17,46402,4,0,0,8,<=50K
28771,32,267161,13,0,0,30,<=50K
28772,67,160456,7,0,0,40,<=50K
28773,21,123983,10,0,0,10,<=50K
28774,51,123053,14,5013,0,40,<=50K
28775,32,426467,2,3674,0,40,<=50K
28777,18,42857,10,0,0,35,<=50K
28779,24,211391,6,0,0,15,<=50K
28780,21,193130,10,0,0,40,<=50K
28781,24,86745,13,0,0,16,<=50K
28782,34,226525,11,0,0,40,<=50K
28783,68,270339,6,0,0,35,<=50K
28784,49,343742,6,0,0,32,<=50K
28785,50,150975,9,0,0,40,<=50K
28786,33,207301,12,0,0,40,<=50K
28787,18,135924,10,0,0,40,<=50K
28789,20,142233,9,0,0,35,<=50K
28791,64,158412,9,0,0,40,<=50K
28792,39,126161,16,0,0,45,<=50K
28793,35,149347,9,0,0,70,<=50K
28794,21,322674,10,0,0,32,<=50K
28795,29,55390,12,0,0,45,<=50K
28797,45,166056,9,0,0,40,<=50K
28800,37,121772,9,0,0,40,<=50K
28802,20,401690,9,0,0,30,<=50K
28804,20,410446,9,0,0,20,<=50K
28806,35,335704,10,0,0,40,<=50K
28807,24,70261,13,0,0,50,<=50K
28808,19,47577,10,0,0,50,<=50K
28809,23,117767,9,0,0,35,<=50K
28810,34,179641,13,0,0,45,<=50K
28811,23,343553,7,0,0,40,<=50K
28813,46,265097,9,0,0,5,<=50K
28815,55,48055,8,0,0,40,<=50K
28816,27,341672,10,0,0,40,<=50K
28818,35,233571,9,0,0,50,<=50K
28820,47,70754,9,0,0,40,<=50K
28821,50,138852,10,4650,0,22,<=50K
28822,32,175856,10,0,0,40,<=50K
28823,40,193494,9,0,0,46,<=50K
28825,47,197332,13,0,0,40,<=50K
28826,21,205844,10,0,0,25,<=50K
28827,45,206459,14,0,0,35,<=50K
28828,33,202822,4,0,0,14,<=50K
28829,68,174695,10,0,0,25,<=50K
28831,49,105614,6,0,0,50,<=50K
28834,29,207473,4,0,0,40,<=50K
28835,46,149161,10,0,0,60,<=50K
28836,19,311974,9,0,0,25,<=50K
28837,56,175127,6,0,0,40,<=50K
28838,55,111625,9,0,0,60,<=50K
28839,29,48895,9,0,0,50,<=50K
28840,21,27049,9,0,0,25,<=50K
28841,38,108907,9,0,0,40,<=50K
28842,52,94988,3,0,0,50,<=50K
28843,22,218343,9,0,0,40,<=50K
28844,20,227626,9,0,0,60,<=50K
28845,31,272856,9,0,0,50,<=50K
28846,39,30916,9,0,0,40,<=50K
28847,55,276229,10,0,0,40,<=50K
28848,35,289106,12,0,0,40,<=50K
28849,67,39100,9,0,0,5,<=50K
28852,18,187770,9,0,0,30,<=50K
28853,51,213296,13,0,0,40,<=50K
28854,37,107410,9,0,0,40,<=50K
28855,21,170272,10,0,0,25,<=50K
28856,32,86808,10,0,0,38,<=50K
28857,48,149210,9,0,0,45,<=50K
28858,62,123411,4,0,0,53,<=50K
28859,21,306779,10,0,0,40,<=50K
28860,28,487347,9,0,0,45,<=50K
28861,19,283945,6,0,1602,45,<=50K
28862,20,375698,10,0,0,15,<=50K
28863,41,271753,13,0,0,40,<=50K
28864,29,251854,13,0,0,40,<=50K
28867,20,282604,10,0,0,20,<=50K
28869,51,198186,13,0,0,40,<=50K
28871,26,337940,3,0,0,40,<=50K
28872,30,212064,13,0,0,40,<=50K
28873,36,129263,9,0,0,40,<=50K
28874,68,144761,9,0,1668,20,<=50K
28876,41,113324,9,0,0,40,<=50K
28878,20,173724,10,0,0,20,<=50K
28879,43,185129,13,0,0,40,<=50K
28882,39,74194,9,0,0,40,<=50K
28883,31,102130,14,0,0,45,<=50K
28884,23,140915,10,0,0,25,<=50K
28885,69,107575,9,2964,0,35,<=50K
28886,38,34364,14,0,0,40,<=50K
28888,18,391585,9,0,0,40,<=50K
28889,41,233130,9,0,0,45,<=50K
28891,23,32897,12,0,0,20,<=50K
28892,26,248612,13,0,0,30,<=50K
28893,37,212465,9,0,0,40,<=50K
28894,25,198587,10,2174,0,50,<=50K
28897,31,46807,13,0,0,40,<=50K
28898,27,210498,10,0,0,80,<=50K
28901,59,279636,9,0,0,50,<=50K
28902,42,29320,13,0,0,40,<=50K
28904,27,29361,12,0,0,45,<=50K
28905,32,76773,10,0,0,40,<=50K
28906,27,109004,9,0,0,40,<=50K
28907,43,226902,13,0,0,40,<=50K
28911,20,218215,10,0,0,30,<=50K
28913,46,51271,9,4386,0,70,<=50K
28914,45,96100,4,0,0,40,<=50K
28915,29,82393,9,0,1590,45,<=50K
28916,23,248978,7,0,0,40,<=50K
28917,46,254367,9,0,1590,48,<=50K
28920,38,87282,11,0,0,40,<=50K
28921,29,119793,10,0,0,50,<=50K
28922,57,85815,9,0,0,20,<=50K
28923,26,197764,13,0,0,40,<=50K
28927,43,355728,9,0,0,40,<=50K
28930,23,347292,9,0,0,40,<=50K
28931,24,34506,9,0,0,40,<=50K
28932,25,326370,10,0,0,38,<=50K
28933,22,269221,10,0,0,40,<=50K
28934,38,63509,11,0,0,50,<=50K
28936,33,190511,9,0,0,30,<=50K
28938,18,20057,4,0,0,40,<=50K
28939,52,206862,9,0,0,40,<=50K
28941,28,166320,9,0,0,40,<=50K
28942,37,289886,10,0,0,30,<=50K
28943,23,86337,10,0,0,15,<=50K
28945,17,147069,6,0,0,16,<=50K
28947,38,379485,12,0,0,45,<=50K
28948,81,129338,4,0,0,10,<=50K
28949,22,99829,10,0,0,30,<=50K
28950,43,182254,10,0,0,40,<=50K
28951,31,109428,12,0,1740,40,<=50K
28953,66,210750,10,0,0,50,<=50K
28955,31,242984,10,0,0,40,<=50K
28956,35,101509,10,0,0,40,<=50K
28957,21,509629,10,0,0,35,<=50K
28958,36,119957,13,0,0,35,<=50K
28959,33,69727,4,0,0,40,<=50K
28960,36,204590,13,0,213,40,<=50K
28961,37,50862,9,0,0,55,<=50K
28962,50,182907,9,0,0,25,<=50K
28964,29,168015,9,0,0,40,<=50K
28965,24,149396,10,0,0,30,<=50K
28967,34,398988,13,0,0,40,<=50K
28968,29,128777,4,0,0,55,<=50K
28971,58,216851,5,0,0,40,<=50K
28972,27,106935,10,0,0,40,<=50K
28973,46,363875,10,0,0,40,<=50K
28974,63,287277,9,0,0,40,<=50K
28975,38,172342,10,0,0,40,<=50K
28976,23,308498,10,0,0,15,<=50K
28981,42,282062,5,0,0,40,<=50K
28982,48,235108,9,0,0,40,<=50K
28983,33,339482,9,0,0,40,<=50K
28984,24,181820,10,0,0,40,<=50K
28985,49,99335,10,0,0,50,<=50K
28986,40,367533,10,2580,0,40,<=50K
28987,57,64960,11,0,1902,45,<=50K
28988,50,269095,9,0,0,40,<=50K
28990,35,89508,10,3908,0,60,<=50K
28991,19,100999,10,0,0,20,<=50K
28992,18,34125,6,0,0,28,<=50K
28993,20,115057,9,0,0,40,<=50K
28994,42,139126,9,0,0,40,<=50K
28998,28,61435,9,0,0,45,<=50K
29000,28,45613,10,0,0,40,<=50K
29001,22,272615,7,0,0,40,<=50K
29003,27,165519,9,0,0,40,<=50K
29007,75,256474,14,0,0,16,<=50K
29010,47,235986,9,0,0,50,<=50K
29012,25,189897,9,0,0,40,<=50K
29013,52,145155,9,0,0,40,<=50K
29014,27,192257,9,2174,0,40,<=50K
29015,35,194960,9,0,0,40,<=50K
29016,44,357814,8,0,0,35,<=50K
29018,42,156526,10,0,0,33,<=50K
29019,26,189238,5,0,0,38,<=50K
29020,23,202989,9,0,0,40,<=50K
29021,28,25684,9,0,0,40,<=50K
29022,38,192939,9,0,0,50,<=50K
29023,28,138692,10,0,0,50,<=50K
29024,29,222249,9,0,0,40,<=50K
29025,56,201318,5,3411,0,50,<=50K
29026,23,190650,13,0,0,35,<=50K
29027,30,56004,10,0,0,40,<=50K
29028,48,182313,10,0,0,40,<=50K
29029,45,138962,10,0,0,72,<=50K
29031,24,125031,9,0,0,40,<=50K
29033,22,171176,9,0,0,48,<=50K
29034,29,356133,10,0,0,40,<=50K
29035,45,185397,12,0,0,40,<=50K
29036,24,308285,9,0,0,40,<=50K
29037,40,56651,9,0,0,40,<=50K
29040,34,222548,10,0,0,4,<=50K
29041,32,248754,10,0,0,40,<=50K
29042,20,104981,9,0,0,40,<=50K
29043,23,315065,10,0,0,35,<=50K
29044,46,188325,9,0,0,40,<=50K
29045,21,221661,9,0,0,35,<=50K
29047,31,169122,10,0,0,50,<=50K
29048,48,216734,10,0,0,40,<=50K
29049,34,98101,4,0,0,40,<=50K
29050,19,292511,10,0,0,25,<=50K
29051,20,122971,10,0,0,35,<=50K
29052,29,124953,13,0,0,50,<=50K
29054,36,76417,9,0,0,52,<=50K
29058,33,117983,6,0,0,45,<=50K
29059,36,186110,10,0,0,40,<=50K
29062,64,64101,8,0,0,24,<=50K
29063,45,162923,9,0,0,60,<=50K
29064,25,288519,13,0,0,40,<=50K
29065,28,33798,11,0,0,40,<=50K
29066,26,195734,9,2354,0,40,<=50K
29067,23,214120,9,0,0,40,<=50K
29068,24,113515,9,0,0,40,<=50K
29069,58,261230,10,0,0,40,<=50K
29070,36,98515,11,0,0,40,<=50K
29071,46,187715,10,0,0,50,<=50K
29072,23,214238,4,0,0,40,<=50K
29073,32,123964,10,4386,0,50,<=50K
29074,26,68991,9,0,0,40,<=50K
29075,52,292110,3,0,0,40,<=50K
29076,19,198320,9,0,0,45,<=50K
29078,60,372838,9,0,0,40,<=50K
29079,39,160402,10,0,0,38,<=50K
29080,45,98475,13,0,0,45,<=50K
29081,37,97136,10,0,0,40,<=50K
29082,29,136985,12,0,0,40,<=50K
29083,53,187356,10,0,0,66,<=50K
29084,46,107231,10,0,1740,40,<=50K
29085,20,305874,10,0,0,40,<=50K
29086,39,290922,14,0,0,40,<=50K
29088,38,160808,9,4386,0,48,<=50K
29089,36,247321,9,0,0,45,<=50K
29090,53,247651,4,0,0,56,<=50K
29091,29,214702,9,0,1974,35,<=50K
29092,64,75577,4,2580,0,50,<=50K
29094,36,224886,9,0,0,40,<=50K
29095,41,401134,13,0,0,40,<=50K
29096,34,258170,9,0,0,38,<=50K
29097,68,141181,5,0,0,2,<=50K
29099,22,300871,10,0,0,40,<=50K
29100,43,136721,8,0,0,40,<=50K
29101,19,140399,10,0,0,30,<=50K
29102,36,109133,10,0,0,40,<=50K
29104,25,226891,11,0,0,40,<=50K
29105,33,241885,10,0,0,40,<=50K
29106,27,97165,10,0,0,40,<=50K
29107,33,212918,10,0,0,70,<=50K
29108,24,211585,9,0,0,40,<=50K
29109,47,178309,10,0,0,40,<=50K
29110,48,481987,6,0,0,40,<=50K
29111,28,215211,9,0,0,50,<=50K
29114,33,190290,11,0,0,56,<=50K
29115,26,188569,10,0,0,25,<=50K
29116,22,162282,11,0,0,40,<=50K
29118,31,304212,10,0,0,45,<=50K
29119,73,200878,9,0,0,15,<=50K
29120,38,256864,11,0,0,40,<=50K
29122,36,37778,10,0,0,40,<=50K
29125,24,143766,10,0,0,55,<=50K
29126,21,204425,10,0,0,20,<=50K
29128,18,113185,7,0,0,25,<=50K
29129,41,112262,9,0,0,50,<=50K
29130,17,28031,5,0,0,16,<=50K
29132,50,334273,13,0,0,8,<=50K
29133,30,356015,7,0,0,40,<=50K
29134,47,278900,9,0,0,40,<=50K
29135,24,142528,10,0,0,20,<=50K
29136,50,343014,10,0,0,40,<=50K
29137,29,201017,14,0,0,55,<=50K
29140,31,29662,10,0,0,60,<=50K
29141,53,347446,5,0,0,40,<=50K
29142,33,90668,9,0,0,40,<=50K
29143,43,190403,13,0,0,40,<=50K
29146,18,157131,7,0,0,30,<=50K
29148,78,135566,9,2329,0,12,<=50K
29149,27,103164,7,0,0,40,<=50K
29150,19,570002,10,0,0,25,<=50K
29151,24,215797,13,0,0,40,<=50K
29152,20,289405,10,0,1602,15,<=50K
29153,25,239461,14,0,0,35,<=50K
29155,30,443546,11,0,0,35,<=50K
29156,37,141029,14,0,0,40,<=50K
29158,67,137192,9,0,0,12,<=50K
29159,35,222989,9,0,0,30,<=50K
29160,75,36325,9,0,0,30,<=50K
29161,47,73394,10,0,0,50,<=50K
29162,23,249046,6,0,0,40,<=50K
29163,51,100653,9,0,0,8,<=50K
29164,42,1125613,9,0,0,40,<=50K
29166,54,340476,9,0,0,35,<=50K
29167,20,192711,10,0,0,40,<=50K
29170,35,85399,9,0,0,40,<=50K
29172,27,153475,13,0,0,40,<=50K
29174,41,180138,9,0,0,50,<=50K
29175,22,48347,10,0,0,40,<=50K
29177,66,129476,13,0,0,6,<=50K
29178,25,181772,10,0,0,40,<=50K
29179,20,284317,10,0,0,35,<=50K
29180,20,237305,10,0,0,35,<=50K
29181,67,111321,13,0,0,16,<=50K
29184,29,205262,10,0,0,40,<=50K
29186,25,397962,9,0,0,40,<=50K
29189,40,56072,14,0,0,20,<=50K
29190,26,176756,10,0,0,40,<=50K
29191,28,60374,9,0,0,35,<=50K
29193,41,287037,9,0,0,40,<=50K
29194,39,55568,13,0,0,50,<=50K
29195,48,155509,9,0,0,16,<=50K
29196,19,201178,9,0,0,30,<=50K
29197,27,37250,10,0,1651,40,<=50K
29198,59,314149,11,0,1740,50,<=50K
29199,19,264593,10,0,0,40,<=50K
29200,32,159589,9,0,0,50,<=50K
29201,39,454915,9,0,0,40,<=50K
29202,33,285131,9,0,0,40,<=50K
29203,38,150057,9,0,0,40,<=50K
29204,27,55390,10,0,0,45,<=50K
29205,23,314894,9,0,0,45,<=50K
29206,59,184948,11,0,0,48,<=50K
29207,25,124483,13,0,0,20,<=50K
29208,37,97986,12,0,0,68,<=50K
29209,31,210562,9,0,0,65,<=50K
29210,24,233280,12,0,0,37,<=50K
29211,53,164300,13,0,0,38,<=50K
29212,26,227489,10,0,0,40,<=50K
29214,59,96459,7,0,0,40,<=50K
29215,39,116608,9,0,0,40,<=50K
29216,28,180007,10,0,0,40,<=50K
29217,22,305466,9,0,0,40,<=50K
29218,20,238917,9,0,0,40,<=50K
29219,25,129784,10,0,0,40,<=50K
29220,27,367390,10,0,0,50,<=50K
29221,20,235691,9,0,0,40,<=50K
29222,63,166425,10,0,0,24,<=50K
29223,43,160369,6,0,0,25,<=50K
29224,39,206298,10,0,0,40,<=50K
29225,27,183523,13,0,0,45,<=50K
29226,17,217342,6,0,0,5,<=50K
29227,40,141858,15,0,0,72,<=50K
29229,23,201682,13,0,0,35,<=50K
29231,30,269723,9,0,0,40,<=50K
29232,24,200593,9,0,0,50,<=50K
29233,23,32616,13,0,0,20,<=50K
29234,24,259510,13,5013,0,30,<=50K
29235,45,271828,13,0,0,20,<=50K
29237,22,113703,10,0,0,20,<=50K
29238,41,187802,10,0,0,40,<=50K
29240,31,191834,9,0,0,40,<=50K
29242,49,315998,13,0,0,50,<=50K
29244,38,60313,9,0,0,40,<=50K
29245,58,32855,9,0,0,48,<=50K
29246,58,142326,13,0,0,50,<=50K
29247,61,201965,9,0,0,40,<=50K
29250,33,177828,9,0,0,50,<=50K
29252,22,89991,10,0,0,11,<=50K
29254,59,170988,9,0,0,55,<=50K
29256,50,213654,9,0,0,40,<=50K
29257,56,32316,8,0,0,40,<=50K
29258,36,150371,9,0,0,40,<=50K
29259,18,387871,6,0,0,30,<=50K
29260,28,314649,10,0,0,60,<=50K
29262,60,206339,9,0,0,40,<=50K
29263,41,230168,10,0,0,91,<=50K
29267,42,248406,9,0,0,40,<=50K
29269,31,137537,13,0,0,40,<=50K
29270,47,225065,3,0,0,40,<=50K
29271,35,217274,10,0,0,50,<=50K
29272,19,69151,5,0,0,25,<=50K
29275,36,201117,13,0,0,50,<=50K
29276,35,397307,14,0,0,55,<=50K
29277,39,115422,9,0,0,30,<=50K
29278,64,114994,10,0,0,40,<=50K
29279,17,39815,6,0,0,25,<=50K
29280,49,151584,10,0,0,32,<=50K
29281,19,164938,10,0,0,25,<=50K
29282,36,179896,9,3137,0,40,<=50K
29283,26,253841,9,0,0,45,<=50K
29284,27,177955,3,2176,0,40,<=50K
29286,38,320305,4,0,0,40,<=50K
29287,25,229287,13,0,0,25,<=50K
29288,19,100790,9,0,0,40,<=50K
29290,22,171419,11,0,0,40,<=50K
29293,46,220124,9,0,0,37,<=50K
29294,33,31703,10,0,0,40,<=50K
29295,51,153908,14,0,0,40,<=50K
29297,18,252046,9,0,0,30,<=50K
29298,60,160062,9,0,0,25,<=50K
29299,39,148443,9,0,0,60,<=50K
29300,23,91733,13,3325,0,40,<=50K
29301,39,176634,12,0,0,40,<=50K
29302,40,74949,10,0,0,40,<=50K
29304,24,44738,9,0,0,40,<=50K
29305,32,130040,9,0,0,40,<=50K
29306,31,234537,10,0,0,60,<=50K
29307,39,179016,9,0,0,40,<=50K
29308,27,335421,14,0,0,40,<=50K
29309,45,312678,14,0,0,38,<=50K
29310,22,313786,9,0,0,40,<=50K
29311,31,198751,13,0,0,40,<=50K
29312,63,131519,9,0,0,40,<=50K
29314,28,189765,10,0,0,50,<=50K
29315,23,130905,13,0,0,40,<=50K
29317,33,102821,8,0,0,40,<=50K
29318,22,137876,10,0,0,40,<=50K
29320,29,82910,10,0,0,40,<=50K
29321,36,309122,9,0,0,35,<=50K
29323,46,195833,13,0,0,50,<=50K
29324,67,98882,14,0,0,40,<=50K
29325,20,133515,10,0,0,15,<=50K
29326,23,55215,13,0,0,55,<=50K
29327,38,176357,9,0,0,50,<=50K
29329,20,54152,10,0,0,35,<=50K
29330,37,212437,10,0,0,48,<=50K
29331,37,224566,9,0,0,40,<=50K
29332,58,200040,9,0,0,40,<=50K
29333,25,41526,13,0,0,30,<=50K
29334,27,89598,10,0,0,60,<=50K
29335,33,323811,10,0,0,55,<=50K
29336,43,30824,10,0,0,40,<=50K
29337,21,181096,10,0,0,20,<=50K
29338,45,217953,9,0,0,40,<=50K
29339,44,222635,3,0,0,40,<=50K
29340,52,121942,4,0,0,40,<=50K
29342,31,184889,9,0,0,20,<=50K
29343,18,101709,7,0,0,15,<=50K
29344,20,125010,9,0,0,30,<=50K
29345,32,53135,9,0,0,40,<=50K
29346,48,498328,6,0,0,40,<=50K
29347,46,604380,9,0,0,40,<=50K
29348,28,174327,9,0,0,50,<=50K
29349,27,357283,9,0,0,40,<=50K
29350,18,280728,10,0,0,32,<=50K
29353,43,143046,9,0,0,40,<=50K
29354,32,210541,13,0,0,30,<=50K
29355,43,172364,9,0,0,48,<=50K
29359,20,174461,9,0,0,5,<=50K
29360,73,123345,9,0,0,65,<=50K
29361,46,164427,9,0,0,45,<=50K
29364,40,163434,9,0,0,50,<=50K
29365,25,264055,13,0,0,40,<=50K
29366,22,336215,12,0,0,25,<=50K
29367,33,78307,13,0,0,40,<=50K
29368,49,233059,11,0,0,40,<=50K
29369,62,91433,6,0,0,40,<=50K
29370,56,157525,10,0,0,48,<=50K
29371,24,86065,9,0,0,40,<=50K
29372,42,22831,9,0,0,40,<=50K
29373,41,180181,14,0,0,40,<=50K
29374,23,212617,13,0,0,66,<=50K
29375,22,125905,10,0,0,40,<=50K
29376,35,336793,13,0,0,40,<=50K
29377,42,314649,9,0,0,40,<=50K
29378,22,283969,9,0,0,40,<=50K
29379,32,35595,9,0,0,50,<=50K
29380,25,410240,9,0,0,40,<=50K
29381,66,178120,3,0,0,15,<=50K
29382,26,294400,9,0,0,38,<=50K
29383,46,65353,10,3325,0,55,<=50K
29385,24,23438,9,0,0,40,<=50K
29386,25,178037,9,0,0,40,<=50K
29387,22,109815,10,0,0,40,<=50K
29388,31,197860,9,0,0,40,<=50K
29389,30,271933,9,0,0,40,<=50K
29390,54,141663,9,0,0,15,<=50K
29391,19,199609,10,0,0,40,<=50K
29393,47,93449,9,0,0,60,<=50K
29394,29,235393,9,0,0,40,<=50K
29395,53,151864,9,0,0,40,<=50K
29396,22,189277,9,0,0,40,<=50K
29399,21,265356,10,0,0,40,<=50K
29400,36,166880,9,0,0,70,<=50K
29402,69,213249,11,0,0,25,<=50K
29403,31,112627,9,0,0,40,<=50K
29404,48,125120,10,0,0,55,<=50K
29405,23,60409,9,0,0,40,<=50K
29408,36,68089,9,0,0,40,<=50K
29410,22,186573,9,0,0,46,<=50K
29412,36,437909,9,0,0,40,<=50K
29413,54,420691,2,0,0,40,<=50K
29414,33,94193,9,0,0,40,<=50K
29416,52,145879,10,0,0,65,<=50K
29417,23,208946,13,0,0,32,<=50K
29418,33,231826,2,0,0,40,<=50K
29419,30,178587,11,0,0,38,<=50K
29420,35,213208,11,0,0,38,<=50K
29422,27,153869,9,0,0,37,<=50K
29423,24,88676,9,0,0,35,<=50K
29424,44,151089,9,0,0,40,<=50K
29425,62,138621,11,0,0,20,<=50K
29427,75,213349,9,0,0,20,<=50K
29428,47,192776,13,0,0,50,<=50K
29429,64,192884,15,0,0,60,<=50K
29432,33,178615,12,0,0,40,<=50K
29433,20,249956,10,0,0,10,<=50K
29436,18,25837,7,0,0,72,<=50K
29437,43,557349,6,0,0,40,<=50K
29438,30,89735,9,0,1504,40,<=50K
29439,32,222548,9,0,0,40,<=50K
29441,61,316359,10,0,0,40,<=50K
29442,21,200089,2,0,0,40,<=50K
29443,56,271795,7,0,0,49,<=50K
29444,28,31801,9,0,0,60,<=50K
29445,23,196508,10,0,0,40,<=50K
29446,55,189933,10,0,0,84,<=50K
29447,27,501172,10,0,419,20,<=50K
29448,33,361497,9,0,0,70,<=50K
29449,22,150175,10,0,0,20,<=50K
29450,43,155106,11,0,0,40,<=50K
29451,32,62272,9,0,0,40,<=50K
29452,38,189916,10,0,0,40,<=50K
29453,18,324011,5,0,0,20,<=50K
29455,67,53588,9,0,0,40,<=50K
29456,29,107998,9,0,0,40,<=50K
29457,19,340567,2,0,0,55,<=50K
29458,39,167777,7,0,0,35,<=50K
29462,42,195897,4,0,0,40,<=50K
29463,34,242984,13,0,0,40,<=50K
29464,52,236497,13,0,0,40,<=50K
29465,18,312634,7,0,0,25,<=50K
29466,64,59829,9,0,0,25,<=50K
29468,43,180407,13,0,0,42,<=50K
29469,49,121238,10,0,0,40,<=50K
29472,49,194189,4,0,0,40,<=50K
29473,19,329130,7,0,0,40,<=50K
29474,22,205939,13,2202,0,4,<=50K
29475,31,62165,9,0,0,40,<=50K
29476,26,224361,10,0,0,40,<=50K
29477,44,34722,10,0,0,55,<=50K
29478,38,175972,10,0,0,40,<=50K
29479,33,359428,9,0,0,60,<=50K
29480,24,138504,9,0,0,37,<=50K
29481,18,268952,8,0,0,20,<=50K
29482,32,257978,11,0,0,40,<=50K
29483,27,118799,9,0,0,40,<=50K
29484,28,78356,14,0,0,40,<=50K
29485,30,609789,11,0,0,40,<=50K
29486,33,123157,9,0,0,38,<=50K
29487,74,84197,14,0,0,10,<=50K
29488,36,162312,9,0,0,70,<=50K
29489,36,138441,12,0,0,55,<=50K
29490,29,239753,9,0,2057,20,<=50K
29491,39,262158,13,0,0,45,<=50K
29492,25,133373,13,0,0,80,<=50K
29493,21,57916,9,0,0,40,<=50K
29494,39,142897,11,0,0,50,<=50K
29495,38,161016,10,0,0,32,<=50K
29496,20,227491,9,0,0,25,<=50K
29497,51,306790,9,0,0,40,<=50K
29498,21,33831,9,0,0,40,<=50K
29499,36,188972,10,0,0,40,<=50K
29500,50,313546,9,0,0,40,<=50K
29502,25,476599,13,0,0,40,<=50K
29503,23,163665,10,0,0,15,<=50K
29505,41,206470,13,0,0,40,<=50K
29506,34,169583,14,0,0,50,<=50K
29507,19,127085,10,0,0,10,<=50K
29508,18,152044,6,0,0,3,<=50K
29509,36,111387,6,0,0,40,<=50K
29511,29,213692,10,0,0,45,<=50K
29512,23,163665,9,0,0,32,<=50K
29513,35,30529,9,0,0,40,<=50K
29514,35,290226,9,0,0,40,<=50K
29515,40,182136,9,0,0,40,<=50K
29516,22,73266,10,0,0,40,<=50K
29517,19,60412,10,0,0,15,<=50K
29518,70,187891,7,0,0,40,<=50K
29519,38,194304,10,0,0,55,<=50K
29520,35,160910,10,0,0,50,<=50K
29521,25,148300,10,0,0,35,<=50K
29524,43,184018,12,0,0,50,<=50K
29527,29,78529,6,0,0,12,<=50K
29528,20,164441,9,0,0,40,<=50K
29529,21,199419,10,0,0,40,<=50K
29530,47,181342,9,0,0,40,<=50K
29531,44,173382,12,0,0,40,<=50K
29532,17,184924,5,0,1719,15,<=50K
29533,25,215384,7,0,0,40,<=50K
29534,43,424094,16,0,0,40,<=50K
29536,42,185764,10,0,0,60,<=50K
29537,46,133969,14,0,0,40,<=50K
29538,22,32616,10,0,0,30,<=50K
29539,49,149210,9,0,0,40,<=50K
29540,21,161210,9,0,0,50,<=50K
29542,43,282069,10,0,0,42,<=50K
29543,22,97508,9,0,0,50,<=50K
29545,28,171133,11,0,0,40,<=50K
29546,25,231638,10,0,0,24,<=50K
29550,30,39150,9,0,0,40,<=50K
29551,33,288840,9,0,0,38,<=50K
29552,34,293703,10,0,0,40,<=50K
29554,48,82098,10,0,0,65,<=50K
29556,29,78261,9,0,0,40,<=50K
29557,33,355996,6,0,0,40,<=50K
29559,44,110908,11,0,0,25,<=50K
29561,49,248895,9,0,0,45,<=50K
29562,25,363707,9,0,0,40,<=50K
29563,33,272411,13,0,0,40,<=50K
29564,38,128033,10,0,0,60,<=50K
29565,20,177287,9,0,0,38,<=50K
29566,44,197344,9,0,0,50,<=50K
29568,27,193868,9,0,0,50,<=50K
29569,18,232082,9,0,0,40,<=50K
29570,38,27408,9,0,0,50,<=50K
29571,45,247043,7,0,0,42,<=50K
29572,27,162404,9,2174,0,40,<=50K
29573,64,236341,3,0,0,16,<=50K
29574,66,179285,9,3432,0,20,<=50K
29575,34,30433,13,0,0,35,<=50K
29577,42,221172,9,0,0,40,<=50K
29579,26,375499,6,0,0,20,<=50K
29580,27,178688,11,0,0,40,<=50K
29581,21,276709,10,0,0,40,<=50K
29582,23,238087,10,0,0,30,<=50K
29583,47,84790,10,0,0,40,<=50K
29584,20,37482,10,0,0,40,<=50K
29586,35,153926,9,0,0,40,<=50K
29588,28,116613,10,0,0,24,<=50K
29589,21,108687,10,0,0,40,<=50K
29590,36,365739,9,0,0,40,<=50K
29594,81,193237,2,0,0,45,<=50K
29595,41,46870,10,0,0,40,<=50K
29596,29,351324,13,0,0,40,<=50K
29597,30,189265,12,0,0,40,<=50K
29598,25,236564,9,0,0,40,<=50K
29599,42,557644,9,0,0,40,<=50K
29600,30,374454,9,0,0,40,<=50K
29601,65,160654,9,0,0,20,<=50K
29602,18,122775,9,0,0,35,<=50K
29603,26,214413,7,6497,0,48,<=50K
29604,30,329425,10,0,0,48,<=50K
29605,61,178312,12,0,0,42,<=50K
29606,21,241951,9,0,0,45,<=50K
29607,53,130143,9,0,0,48,<=50K
29610,60,399387,4,0,0,15,<=50K
29611,47,163814,6,0,0,40,<=50K
29612,48,69586,10,0,0,40,<=50K
29613,32,237903,13,0,0,40,<=50K
29614,25,219897,14,0,0,35,<=50K
29615,31,243165,13,0,0,40,<=50K
29616,33,173806,14,0,0,30,<=50K
29617,27,65308,9,0,0,50,<=50K
29620,37,314963,10,0,0,40,<=50K
29621,34,81206,9,0,0,40,<=50K
29623,51,95329,14,0,0,40,<=50K
29624,25,45474,13,0,0,60,<=50K
29625,25,372728,13,0,0,24,<=50K
29628,55,327589,9,0,0,40,<=50K
29629,39,706180,13,0,0,40,<=50K
29630,31,32550,6,0,0,40,<=50K
29631,31,173858,15,0,0,40,<=50K
29632,51,230095,11,0,0,40,<=50K
29633,30,139012,11,2463,0,40,<=50K
29634,62,174711,9,0,0,32,<=50K
29637,27,193898,13,0,0,52,<=50K
29639,23,303121,10,0,0,30,<=50K
29640,35,188540,5,0,0,50,<=50K
29641,46,158656,12,0,0,36,<=50K
29643,27,183802,9,0,0,40,<=50K
29645,22,190903,7,0,0,20,<=50K
29646,37,173780,10,0,0,30,<=50K
29647,42,251239,10,0,0,40,<=50K
29648,45,112761,9,0,0,40,<=50K
29649,33,425785,11,0,0,40,<=50K
29650,46,197731,11,0,0,40,<=50K
29651,24,119156,9,0,0,50,<=50K
29652,56,133819,9,0,0,40,<=50K
29656,45,45857,7,0,0,36,<=50K
29658,41,342834,10,0,0,40,<=50K
29659,66,234743,10,0,0,24,<=50K
29660,29,106179,10,0,1408,40,<=50K
29661,37,177895,10,5013,0,40,<=50K
29662,63,257876,15,0,0,40,<=50K
29665,35,138441,9,0,0,35,<=50K
29666,22,279802,10,0,0,40,<=50K
29667,58,407138,4,2936,0,50,<=50K
29669,24,204172,9,0,0,48,<=50K
29670,34,100593,10,0,0,6,<=50K
29671,33,162623,14,0,0,50,<=50K
29672,33,80933,9,0,0,60,<=50K
29673,17,47425,7,0,0,15,<=50K
29675,20,104443,10,0,0,20,<=50K
29677,30,209691,4,0,0,40,<=50K
29678,22,314525,13,0,0,40,<=50K
29679,20,190772,12,0,0,40,<=50K
29680,64,199298,3,0,0,45,<=50K
29682,38,216129,13,0,0,60,<=50K
29684,17,136363,6,0,0,20,<=50K
29685,45,233799,2,0,0,40,<=50K
29686,27,207611,13,0,0,40,<=50K
29687,45,178344,11,0,0,30,<=50K
29689,23,188545,12,0,1974,20,<=50K
29690,44,58124,13,0,0,45,<=50K
29691,36,321733,13,0,1741,40,<=50K
29692,35,206253,5,0,0,40,<=50K
29693,24,152140,9,0,0,40,<=50K
29694,56,76281,13,0,0,40,<=50K
29695,47,606752,14,0,0,40,<=50K
29697,29,114158,13,3325,0,10,<=50K
29698,55,227203,12,0,0,5,<=50K
29700,37,34146,9,0,0,68,<=50K
29701,36,34378,11,3908,0,75,<=50K
29702,33,141490,9,0,0,45,<=50K
29703,34,199227,9,0,0,50,<=50K
29704,24,224954,10,0,0,40,<=50K
29705,25,231357,9,0,0,40,<=50K
29706,31,113530,9,0,0,45,<=50K
29707,38,22245,11,0,0,40,<=50K
29709,35,320305,9,0,0,32,<=50K
29710,67,201657,13,0,0,60,<=50K
29711,34,48935,13,0,0,40,<=50K
29712,46,101455,9,0,0,40,<=50K
29713,19,243960,10,0,0,16,<=50K
29714,26,90915,12,0,0,15,<=50K
29715,28,315287,10,0,0,40,<=50K
29716,47,106255,10,0,0,40,<=50K
29720,30,195488,9,0,0,40,<=50K
29721,18,152246,10,0,0,16,<=50K
29725,43,254817,10,0,0,40,<=50K
29726,35,41777,8,0,0,20,<=50K
29727,58,234841,9,0,0,72,<=50K
29728,32,79586,13,0,0,40,<=50K
29729,40,115331,9,0,0,35,<=50K
29730,32,63564,9,0,0,40,<=50K
29731,21,132053,10,0,1721,35,<=50K
29732,44,370502,9,0,0,25,<=50K
29734,25,69413,10,0,0,40,<=50K
29735,42,32981,9,0,0,40,<=50K
29736,27,176683,9,0,0,40,<=50K
29737,62,144116,6,0,0,40,<=50K
29738,31,209213,9,0,0,40,<=50K
29739,33,150657,13,0,0,40,<=50K
29740,50,124793,10,0,0,55,<=50K
29742,46,270565,11,0,0,60,<=50K
29743,22,38251,12,0,0,35,<=50K
29745,52,195638,9,0,0,45,<=50K
29746,57,118806,2,0,1602,45,<=50K
29747,41,44006,11,0,0,40,<=50K
29748,42,119679,9,0,1579,42,<=50K
29749,19,333953,8,0,0,30,<=50K
29750,45,172111,13,0,0,60,<=50K
29751,51,32372,8,0,0,99,<=50K
29752,69,117525,12,0,0,1,<=50K
29753,45,123681,13,0,0,30,<=50K
29754,48,317360,10,0,0,50,<=50K
29756,42,135056,9,0,0,40,<=50K
29757,19,135162,10,0,0,10,<=50K
29758,39,194004,9,0,0,70,<=50K
29760,58,212864,9,3908,0,40,<=50K
29761,36,30509,10,0,0,45,<=50K
29762,21,118712,9,0,0,35,<=50K
29764,17,151799,7,0,0,20,<=50K
29765,29,181280,9,0,0,40,<=50K
29766,52,232024,10,0,0,60,<=50K
29767,33,226267,12,0,0,40,<=50K
29768,38,240467,14,0,0,35,<=50K
29770,24,231473,12,0,0,30,<=50K
29775,42,238188,9,0,0,96,<=50K
29776,54,156800,13,0,0,50,<=50K
29777,26,130620,12,0,0,40,<=50K
29779,42,37937,11,0,0,45,<=50K
29781,31,221167,13,0,0,30,<=50K
29782,56,179641,9,0,0,45,<=50K
29785,28,227840,9,0,0,40,<=50K
29788,34,37646,12,0,0,65,<=50K
29791,64,146272,10,3411,0,15,<=50K
29792,25,182656,11,0,0,40,<=50K
29793,48,200471,10,0,0,40,<=50K
29794,47,358465,10,0,0,40,<=50K
29795,17,78602,7,0,0,20,<=50K
29796,44,213416,3,0,0,40,<=50K
29797,46,345911,10,0,0,40,<=50K
29798,32,119522,13,0,0,50,<=50K
29799,42,126320,10,0,0,40,<=50K
29801,61,141745,9,0,0,40,<=50K
29802,47,359461,13,0,0,40,<=50K
29804,62,148113,6,0,0,40,<=50K
29805,62,75478,13,0,0,40,<=50K
29807,19,28455,10,0,0,40,<=50K
29808,33,231413,13,0,0,40,<=50K
29809,39,119421,13,0,0,42,<=50K
29810,17,206998,7,0,0,10,<=50K
29811,58,183810,10,0,0,40,<=50K
29812,35,187053,13,0,0,50,<=50K
29813,34,155781,9,4064,0,50,<=50K
29814,55,193895,4,0,0,40,<=50K
29815,32,48520,10,0,0,40,<=50K
29816,19,170125,9,0,0,40,<=50K
29817,41,107584,9,0,0,40,<=50K
29818,24,196742,9,0,0,40,<=50K
29819,52,244214,9,0,0,35,<=50K
29820,48,127921,13,0,0,40,<=50K
29821,32,42617,10,0,0,30,<=50K
29822,47,191389,9,0,0,35,<=50K
29823,38,187983,15,0,0,40,<=50K
29824,18,215110,9,0,0,40,<=50K
29825,25,230292,9,0,0,40,<=50K
29827,40,175398,11,0,0,20,<=50K
29828,56,53366,7,0,0,20,<=50K
29831,32,112650,9,0,0,40,<=50K
29833,28,160981,10,0,0,52,<=50K
29834,53,72257,10,0,0,55,<=50K
29835,26,182332,11,0,0,40,<=50K
29836,60,48788,13,5455,0,55,<=50K
29837,21,417668,10,0,0,20,<=50K
29838,29,107458,9,0,0,40,<=50K
29841,45,101977,10,0,0,45,<=50K
29842,35,374716,5,0,0,35,<=50K
29844,25,111243,9,0,0,50,<=50K
29845,38,252947,10,0,0,40,<=50K
29846,30,118500,10,0,0,40,<=50K
29848,41,174575,9,0,0,40,<=50K
29849,27,190391,10,0,0,40,<=50K
29850,64,166715,10,0,0,20,<=50K
29851,41,142725,9,0,0,45,<=50K
29853,51,241745,3,0,0,40,<=50K
29854,35,316141,10,7443,0,40,<=50K
29855,61,248595,2,0,0,40,<=50K
29856,52,90189,4,0,0,16,<=50K
29858,20,148940,9,0,0,40,<=50K
29859,52,298035,14,0,0,40,<=50K
29862,36,97136,13,0,0,40,<=50K
29863,33,347623,14,0,0,40,<=50K
29864,40,117917,9,0,0,50,<=50K
29866,22,71864,10,0,0,35,<=50K
29868,24,229826,9,0,0,30,<=50K
29869,19,121788,10,0,0,30,<=50K
29870,40,151365,9,0,0,40,<=50K
29874,63,214143,13,0,0,40,<=50K
29875,18,45316,7,0,0,20,<=50K
29876,19,311974,2,0,0,40,<=50K
29877,49,48495,9,0,0,45,<=50K
29879,49,170846,14,0,0,40,<=50K
29880,60,142922,9,0,0,50,<=50K
29881,71,181301,9,0,0,40,<=50K
29882,34,286675,9,0,0,40,<=50K
29884,30,177304,10,0,0,44,<=50K
29885,46,336984,9,0,0,17,<=50K
29886,32,379412,11,0,0,40,<=50K
29887,25,180778,9,0,0,75,<=50K
29888,25,141876,14,0,0,45,<=50K
29890,32,329993,10,0,0,50,<=50K
29893,20,155775,9,0,0,30,<=50K
29894,34,81223,9,0,0,48,<=50K
29895,40,236021,10,0,0,50,<=50K
29896,34,103371,11,0,0,40,<=50K
29897,19,199480,6,0,0,25,<=50K
29898,53,152657,6,0,0,40,<=50K
29902,64,267198,15,0,0,16,<=50K
29903,30,111883,10,0,0,40,<=50K
29904,20,66917,7,0,0,40,<=50K
29905,19,292583,9,0,0,30,<=50K
29906,20,391679,9,0,0,60,<=50K
29907,35,475324,13,0,0,45,<=50K
29908,33,218164,9,0,0,40,<=50K
29910,38,65706,10,0,0,38,<=50K
29911,50,156606,10,0,0,30,<=50K
29912,23,200967,9,0,0,10,<=50K
29913,30,164493,10,0,0,10,<=50K
29914,33,547886,13,0,0,40,<=50K
29915,48,232145,9,0,0,40,<=50K
29916,43,96421,13,0,0,24,<=50K
29917,33,554206,10,0,0,40,<=50K
29920,36,103886,10,0,0,50,<=50K
29921,50,54709,9,0,0,46,<=50K
29922,26,276548,9,0,0,20,<=50K
29923,55,176046,14,0,2267,40,<=50K
29924,37,114605,9,0,0,40,<=50K
29925,43,323713,9,0,0,40,<=50K
29926,38,261382,10,0,0,40,<=50K
29927,42,223548,4,0,0,30,<=50K
29928,47,355978,16,0,2002,45,<=50K
29929,44,107218,13,0,0,40,<=50K
29930,28,31717,9,0,0,40,<=50K
29931,51,328947,10,0,0,40,<=50K
29932,51,148431,9,0,0,40,<=50K
29933,49,121602,13,0,0,40,<=50K
29935,31,83425,10,0,0,40,<=50K
29936,29,157308,7,2829,0,14,<=50K
29937,23,57898,10,0,0,30,<=50K
29938,40,175304,10,0,0,40,<=50K
29939,66,102663,4,0,0,50,<=50K
29940,17,99175,7,0,0,20,<=50K
29942,69,361561,15,0,0,3,<=50K
29943,23,215115,13,0,0,40,<=50K
29945,37,160910,9,0,0,40,<=50K
29946,38,64879,10,0,0,40,<=50K
29947,38,430035,5,0,0,54,<=50K
29948,37,74163,13,0,0,40,<=50K
29950,23,386019,5,0,0,70,<=50K
29951,17,112795,6,0,0,15,<=50K
29952,48,332465,13,0,0,35,<=50K
29953,17,38611,7,0,0,23,<=50K
29957,35,241998,13,0,0,45,<=50K
29959,43,69333,9,0,0,48,<=50K
29960,36,172538,14,0,0,40,<=50K
29961,24,275884,9,0,0,40,<=50K
29962,45,43479,10,0,0,48,<=50K
29963,34,199864,10,0,2057,40,<=50K
29964,56,235197,9,0,0,38,<=50K
29966,22,325179,10,0,0,50,<=50K
29967,19,351195,5,0,1719,35,<=50K
29968,33,141841,9,0,0,36,<=50K
29969,48,207817,9,0,0,32,<=50K
29970,20,137974,10,0,0,30,<=50K
29972,47,293623,7,0,0,40,<=50K
29973,20,37783,10,0,0,25,<=50K
29974,44,308027,13,0,0,40,<=50K
29975,45,149218,13,0,0,77,<=50K
29978,27,291196,13,0,0,40,<=50K
29980,20,203027,9,0,0,55,<=50K
29982,17,132680,6,0,1602,10,<=50K
29984,31,193565,14,0,0,40,<=50K
29985,49,123598,9,0,0,30,<=50K
29986,44,456236,14,0,0,40,<=50K
29987,49,163229,9,0,0,50,<=50K
29988,28,419740,13,0,0,52,<=50K
29990,33,31449,12,0,0,40,<=50K
29991,35,204163,10,0,0,55,<=50K
29992,17,177629,7,0,0,20,<=50K
29993,25,186370,9,0,0,40,<=50K
29994,41,188307,9,0,0,40,<=50K
29995,30,55481,14,0,0,45,<=50K
29997,61,167347,10,0,0,35,<=50K
29998,41,184378,9,0,0,40,<=50K
29999,36,348960,9,0,0,50,<=50K
30000,24,69640,10,0,0,40,<=50K
30001,27,297457,9,0,0,40,<=50K
30002,18,279593,7,0,0,2,<=50K
30003,20,211968,10,0,0,15,<=50K
30004,18,194561,10,0,0,12,<=50K
30005,23,140414,9,0,0,40,<=50K
30007,38,462832,10,0,0,40,<=50K
30008,36,48972,10,0,0,40,<=50K
30009,28,35032,13,0,0,50,<=50K
30010,47,228583,10,0,0,40,<=50K
30013,38,112497,13,0,0,60,<=50K
30015,26,147982,7,0,0,40,<=50K
30017,46,200734,10,0,0,35,<=50K
30018,49,31807,10,0,0,40,<=50K
30019,19,166153,9,0,0,30,<=50K
30020,45,212954,10,0,0,50,<=50K
30022,70,303588,10,0,0,20,<=50K
30023,19,96176,10,0,0,20,<=50K
30024,46,184632,11,0,0,50,<=50K
30025,20,137618,10,0,0,35,<=50K
30026,17,160029,7,0,0,22,<=50K
30028,19,39756,10,0,0,15,<=50K
30029,37,35309,9,0,0,40,<=50K
30030,51,117253,9,0,0,40,<=50K
30032,24,214542,10,0,0,60,<=50K
30033,31,342019,12,0,0,40,<=50K
30035,27,401508,9,0,0,40,<=50K
30037,30,85708,9,0,0,40,<=50K
30038,28,115677,12,0,0,32,<=50K
30039,25,144259,9,0,0,50,<=50K
30040,22,197583,13,0,0,20,<=50K
30041,21,142766,10,0,0,40,<=50K
30042,67,132626,10,0,0,6,<=50K
30044,54,29887,9,0,0,56,<=50K
30045,36,117381,9,0,0,40,<=50K
30046,29,211482,13,0,0,40,<=50K
30047,32,90653,9,0,1380,40,<=50K
30048,55,209535,9,0,0,40,<=50K
30049,56,187873,14,0,0,40,<=50K
30050,19,174732,10,0,0,25,<=50K
30051,36,297847,9,0,2001,40,<=50K
30053,35,162601,9,0,0,40,<=50K
30054,44,108438,6,0,0,40,<=50K
30055,40,132222,9,0,0,40,<=50K
30056,18,174394,9,0,0,20,<=50K
30057,71,322789,9,0,0,35,<=50K
30059,27,60726,9,0,0,40,<=50K
30060,20,190273,8,0,0,35,<=50K
30061,33,393376,7,0,0,40,<=50K
30062,34,140571,11,0,0,40,<=50K
30064,23,197666,10,0,0,24,<=50K
30065,36,245090,10,3137,0,50,<=50K
30068,19,113915,9,0,0,10,<=50K
30069,38,287658,14,0,0,40,<=50K
30070,22,192455,9,0,0,40,<=50K
30071,36,317040,11,0,0,54,<=50K
30073,17,116626,7,0,1719,18,<=50K
30074,30,48458,10,0,0,40,<=50K
30075,35,241469,5,2635,0,30,<=50K
30080,58,72812,6,0,0,40,<=50K
30081,39,89040,11,0,0,40,<=50K
30082,62,164518,9,0,0,38,<=50K
30083,51,182740,9,0,0,40,<=50K
30084,52,361875,10,0,0,50,<=50K
30085,25,197130,9,0,0,30,<=50K
30086,26,340335,13,0,0,40,<=50K
30087,26,293984,6,0,0,40,<=50K
30088,59,261584,13,0,0,40,<=50K
30089,21,170302,9,0,0,50,<=50K
30091,26,88449,9,0,0,36,<=50K
30092,68,261897,6,0,0,20,<=50K
30094,65,88513,9,0,0,18,<=50K
30095,41,168293,14,0,0,45,<=50K
30096,34,283921,9,0,0,50,<=50K
30097,28,407043,9,0,0,40,<=50K
30098,40,63745,11,0,0,40,<=50K
30100,37,241962,7,0,0,50,<=50K
30101,34,338416,6,0,0,60,<=50K
30102,21,212888,7,0,0,56,<=50K
30105,51,64643,9,0,0,60,<=50K
30107,32,286675,10,0,0,60,<=50K
30108,18,165532,10,0,0,15,<=50K
30109,48,349986,11,0,0,40,<=50K
30112,33,183612,9,0,0,20,<=50K
30113,33,391114,9,0,0,40,<=50K
30114,47,219632,3,0,0,40,<=50K
30116,40,799281,9,0,0,38,<=50K
30117,42,657397,9,0,0,40,<=50K
30119,51,168660,7,0,0,40,<=50K
30120,44,191149,10,0,0,57,<=50K
30121,37,356824,9,0,0,40,<=50K
30122,25,191782,7,0,0,40,<=50K
30124,52,204226,9,0,0,45,<=50K
30125,42,246862,10,3325,0,40,<=50K
30126,28,496526,9,0,0,40,<=50K
30128,34,84154,13,0,0,50,<=50K
30130,31,130021,9,0,0,45,<=50K
30131,35,63021,10,0,0,35,<=50K
30132,25,367306,10,0,0,40,<=50K
30133,38,65624,9,0,0,40,<=50K
30134,43,144928,9,0,0,60,<=50K
30135,22,117747,10,0,0,40,<=50K
30136,18,266681,7,0,0,20,<=50K
30137,26,152035,9,0,0,40,<=50K
30139,43,233130,9,0,0,20,<=50K
30140,21,149637,10,0,0,25,<=50K
30141,62,224277,10,0,0,40,<=50K
30142,26,121559,9,0,0,40,<=50K
30144,18,345285,7,0,0,20,<=50K
30145,65,28367,9,0,0,55,<=50K
30146,41,320744,9,3325,0,50,<=50K
30147,31,243773,5,0,0,20,<=50K
30148,56,151474,5,0,0,40,<=50K
30150,22,210781,13,0,0,35,<=50K
30151,36,359001,10,0,0,48,<=50K
30153,30,226396,9,0,0,30,<=50K
30154,35,283122,10,0,0,45,<=50K
30155,37,326400,9,0,0,30,<=50K
30156,32,169186,9,0,0,5,<=50K
30157,56,158752,14,0,0,50,<=50K
30158,29,208406,9,0,0,35,<=50K
30159,41,96741,12,0,0,40,<=50K
30160,38,255191,9,0,0,40,<=50K
30161,34,177733,5,0,0,35,<=50K
30162,54,137815,8,4101,0,40,<=50K
30163,36,187203,11,0,0,50,<=50K
30164,42,168515,11,0,0,40,<=50K
30165,33,122672,9,0,0,50,<=50K
30166,21,195199,9,0,0,30,<=50K
30167,69,179813,6,0,0,10,<=50K
30168,32,178623,12,0,0,46,<=50K
30169,50,41890,9,0,0,40,<=50K
30170,40,373050,8,0,0,40,<=50K
30171,45,80430,9,0,0,40,<=50K
30172,31,198613,9,0,0,35,<=50K
30173,24,330571,13,0,0,40,<=50K
30175,21,132243,12,0,0,5,<=50K
30176,43,237670,11,0,0,25,<=50K
30177,22,193586,9,0,0,25,<=50K
30178,62,197353,9,0,1740,40,<=50K
30179,21,74538,10,0,0,25,<=50K
30180,37,89718,10,0,0,45,<=50K
30181,34,93169,10,0,0,40,<=50K
30183,43,328570,10,0,0,38,<=50K
30184,25,312157,10,0,0,40,<=50K
30185,43,193459,7,0,0,40,<=50K
30186,23,236804,7,0,0,40,<=50K
30187,33,126223,9,0,0,40,<=50K
30189,64,153894,13,0,0,40,<=50K
30190,35,331395,10,0,0,50,<=50K
30191,69,92472,6,3273,0,45,<=50K
30193,20,332931,10,0,0,40,<=50K
30195,31,301168,10,0,0,40,<=50K
30196,22,440969,10,0,0,24,<=50K
30197,32,154950,15,0,0,40,<=50K
30198,23,218343,12,0,0,40,<=50K
30199,21,239577,10,0,0,40,<=50K
30200,36,247936,9,0,0,2,<=50K
30201,62,203525,4,2829,0,40,<=50K
30202,24,182342,9,0,0,40,<=50K
30204,27,243569,7,3942,0,40,<=50K
30206,20,289116,10,0,0,5,<=50K
30207,30,487330,10,0,0,30,<=50K
30208,17,34019,6,0,0,20,<=50K
30209,17,250541,7,0,0,8,<=50K
30210,21,318987,11,0,0,40,<=50K
30211,56,140558,9,0,0,40,<=50K
30213,37,76855,10,0,0,40,<=50K
30214,52,308764,10,0,0,40,<=50K
30218,45,98265,9,0,0,40,<=50K
30219,72,116640,10,3471,0,20,<=50K
30220,39,187167,10,0,0,40,<=50K
30221,28,184078,8,0,0,40,<=50K
30222,38,108140,13,0,0,40,<=50K
30223,44,150533,10,0,1876,55,<=50K
30224,51,313702,9,0,0,40,<=50K
30225,20,39803,10,0,1719,36,<=50K
30226,25,252752,10,0,0,45,<=50K
30228,45,361842,9,0,0,40,<=50K
30229,17,231438,7,0,0,12,<=50K
30230,20,178469,9,0,0,15,<=50K
30231,64,116620,14,0,0,25,<=50K
30232,34,112212,9,0,1485,40,<=50K
30233,74,109101,10,0,0,4,<=50K
30236,23,314645,12,0,0,25,<=50K
30237,23,444554,9,0,0,50,<=50K
30238,27,129629,11,0,0,36,<=50K
30240,18,189924,9,0,0,24,<=50K
30241,33,311194,7,0,0,17,<=50K
30242,50,89737,10,0,0,48,<=50K
30243,47,49298,9,0,0,50,<=50K
30245,18,251923,7,0,0,15,<=50K
30247,34,180284,10,0,0,50,<=50K
30250,64,203783,9,0,0,8,<=50K
30251,23,250037,10,0,0,50,<=50K
30252,33,158688,10,0,0,40,<=50K
30253,43,214781,14,0,0,45,<=50K
30255,57,109015,8,0,0,40,<=50K
30256,22,194630,13,0,0,45,<=50K
30257,23,239375,13,0,0,40,<=50K
30260,32,182926,14,0,0,40,<=50K
30261,20,117222,10,0,0,15,<=50K
30262,30,110643,10,0,0,52,<=50K
30263,56,170217,9,0,0,45,<=50K
30264,34,193285,9,0,0,40,<=50K
30265,32,161075,9,0,0,40,<=50K
30267,19,229431,10,0,0,11,<=50K
30268,60,106282,5,0,0,40,<=50K
30269,29,105694,9,0,0,42,<=50K
30270,24,199883,10,0,0,60,<=50K
30271,41,100800,14,0,0,35,<=50K
30272,23,256278,4,0,0,30,<=50K
30274,51,129525,9,0,0,40,<=50K
30275,18,285013,9,0,0,10,<=50K
30276,28,248911,10,0,0,40,<=50K
30278,38,219902,9,0,0,30,<=50K
30279,29,375482,13,0,0,50,<=50K
30280,25,169124,9,0,0,45,<=50K
30281,31,183000,15,0,0,55,<=50K
30282,34,28053,13,0,0,25,<=50K
30285,41,212894,3,0,0,40,<=50K
30286,62,223975,4,0,0,20,<=50K
30287,58,357788,9,0,0,40,<=50K
30288,40,406811,9,0,0,40,<=50K
30289,24,154422,13,0,0,40,<=50K
30291,19,355477,9,0,0,25,<=50K
30292,32,151773,10,0,0,45,<=50K
30293,51,341548,10,0,0,40,<=50K
30294,25,512771,5,0,0,45,<=50K
30295,60,141580,14,0,0,40,<=50K
30296,22,48988,10,0,0,40,<=50K
30298,20,82777,9,0,0,40,<=50K
30299,42,152676,4,0,0,40,<=50K
30300,18,115815,9,0,0,20,<=50K
30301,23,168009,6,0,0,40,<=50K
30304,40,126868,9,0,0,40,<=50K
30305,52,95128,10,0,0,50,<=50K
30307,21,301408,10,0,1602,22,<=50K
30308,35,216256,11,0,0,60,<=50K
30309,45,182541,10,0,0,48,<=50K
30310,39,172855,9,0,0,40,<=50K
30311,54,68684,9,0,0,44,<=50K
30312,42,364832,4,0,0,40,<=50K
30313,26,264300,10,0,0,20,<=50K
30314,59,349910,12,0,0,40,<=50K
30316,22,251196,10,0,0,20,<=50K
30317,33,196898,13,0,0,40,<=50K
30319,18,101061,7,0,0,70,<=50K
30321,24,174043,13,0,0,40,<=50K
30322,28,129460,11,0,0,30,<=50K
30323,21,110946,9,0,0,43,<=50K
30324,22,313873,7,0,0,30,<=50K
30326,56,255386,10,0,0,40,<=50K
30327,21,191497,10,0,0,20,<=50K
30328,17,128617,6,0,0,26,<=50K
30331,62,257277,9,0,0,38,<=50K
30332,39,339442,9,2176,0,40,<=50K
30333,30,289442,9,0,0,40,<=50K
30334,20,162667,7,0,0,40,<=50K
30335,18,466325,7,0,0,12,<=50K
30336,54,142169,9,0,0,40,<=50K
30338,33,119628,16,0,0,50,<=50K
30340,57,70720,9,0,0,78,<=50K
30341,50,201513,9,0,0,40,<=50K
30344,23,268525,9,0,0,48,<=50K
30345,23,250630,13,0,0,40,<=50K
30346,47,180277,9,0,0,40,<=50K
30347,39,191342,13,0,0,50,<=50K
30349,46,153254,9,0,0,40,<=50K
30350,18,362600,3,0,0,40,<=50K
30351,68,171933,4,0,0,40,<=50K
30353,43,48193,12,0,0,40,<=50K
30354,35,22463,9,0,0,40,<=50K
30355,21,440969,9,0,0,40,<=50K
30356,21,164922,10,0,0,40,<=50K
30357,41,134524,11,0,0,45,<=50K
30358,61,176689,9,0,0,40,<=50K
30359,24,220993,9,0,0,50,<=50K
30360,21,512828,9,0,0,40,<=50K
30361,36,422275,3,0,0,40,<=50K
30362,37,65291,11,0,0,40,<=50K
30364,49,181657,10,0,0,50,<=50K
30366,21,238068,9,0,0,40,<=50K
30367,18,337046,6,0,0,40,<=50K
30368,26,187248,9,0,0,40,<=50K
30369,20,250037,10,0,0,18,<=50K
30370,46,285750,9,4064,0,55,<=50K
30371,23,260617,6,0,0,40,<=50K
30374,42,121265,14,0,0,40,<=50K
30376,45,297676,12,0,0,40,<=50K
30377,52,114228,9,3325,0,40,<=50K
30378,22,121144,13,0,0,18,<=50K
30379,20,26842,10,2176,0,40,<=50K
30380,27,113054,9,0,0,43,<=50K
30381,36,256636,9,0,0,40,<=50K
30382,34,152246,9,0,0,52,<=50K
30384,20,203353,10,0,0,40,<=50K
30385,47,207207,9,0,0,45,<=50K
30386,21,115420,9,0,0,50,<=50K
30387,33,80058,9,0,0,40,<=50K
30388,31,48520,12,0,0,40,<=50K
30389,61,411652,8,0,0,40,<=50K
30390,46,154405,6,0,0,45,<=50K
30392,19,261422,10,0,0,40,<=50K
30394,61,172037,9,0,0,40,<=50K
30395,28,144833,10,0,0,40,<=50K
30396,28,275116,6,0,0,40,<=50K
30398,61,103575,9,0,0,37,<=50K
30399,54,200783,10,0,0,40,<=50K
30400,50,152810,10,0,0,70,<=50K
30402,17,48703,7,0,0,30,<=50K
30403,56,91905,9,0,0,4,<=50K
30406,28,153546,7,0,0,40,<=50K
30407,34,35595,11,0,0,40,<=50K
30408,33,225507,6,0,0,25,<=50K
30409,42,345504,11,0,0,35,<=50K
30410,64,137205,11,0,0,48,<=50K
30411,29,327779,10,0,0,20,<=50K
30412,41,213416,3,0,0,32,<=50K
30413,45,362883,10,0,0,40,<=50K
30415,44,188331,10,0,0,38,<=50K
30416,34,194740,10,0,0,40,<=50K
30417,40,43711,9,0,0,45,<=50K
30418,45,187033,9,0,2051,40,<=50K
30419,23,233923,10,0,0,20,<=50K
30421,24,437666,9,2885,0,50,<=50K
30423,23,129767,10,0,1721,40,<=50K
30425,36,108320,9,4101,0,40,<=50K
30427,42,284758,9,0,0,40,<=50K
30428,45,188330,13,0,0,60,<=50K
30431,54,172962,13,0,1340,40,<=50K
30433,29,163265,9,0,0,40,<=50K
30434,35,128608,13,0,0,40,<=50K
30435,47,107460,9,0,0,37,<=50K
30436,51,251841,11,0,0,43,<=50K
30437,28,403671,9,0,0,40,<=50K
30439,24,170070,9,0,0,25,<=50K
30440,46,192323,9,0,0,40,<=50K
30441,57,135796,6,0,0,48,<=50K
30442,22,232985,9,0,0,20,<=50K
30443,28,34532,13,0,0,30,<=50K
30444,17,371316,6,0,0,25,<=50K
30445,23,236994,9,0,0,60,<=50K
30446,19,208366,9,0,0,40,<=50K
30447,66,102640,9,0,0,35,<=50K
30448,38,111377,10,0,0,55,<=50K
30449,39,472166,10,0,0,40,<=50K
30450,39,86551,8,0,0,40,<=50K
30452,39,294919,9,0,0,60,<=50K
30453,22,408383,10,0,0,40,<=50K
30454,36,255454,9,0,0,30,<=50K
30455,32,193260,10,0,0,40,<=50K
30456,29,191935,9,0,0,40,<=50K
30457,43,125461,13,0,0,40,<=50K
30458,51,97005,9,0,0,40,<=50K
30459,42,183319,3,0,0,60,<=50K
30460,32,167049,8,0,0,40,<=50K
30461,34,185216,10,0,0,40,<=50K
30462,51,161838,11,0,0,57,<=50K
30463,38,165848,13,0,0,44,<=50K
30464,21,138816,9,0,0,20,<=50K
30465,33,99761,13,0,0,15,<=50K
30466,34,112139,9,0,0,40,<=50K
30467,32,129020,9,0,0,40,<=50K
30468,38,365465,11,0,0,15,<=50K
30471,29,201556,13,0,0,50,<=50K
30472,40,176286,9,0,0,40,<=50K
30473,46,192894,4,0,0,30,<=50K
30474,37,172232,9,0,0,30,<=50K
30475,38,163204,9,3411,0,25,<=50K
30478,25,185952,14,0,0,30,<=50K
30479,38,216845,9,0,0,42,<=50K
30480,34,35683,12,0,0,10,<=50K
30483,20,200089,3,0,0,30,<=50K
30486,34,234537,12,0,0,40,<=50K
30487,61,142922,9,0,0,40,<=50K
30488,55,181641,10,0,0,37,<=50K
30489,36,185325,9,0,0,35,<=50K
30491,22,379778,9,0,0,40,<=50K
30492,34,176117,10,0,0,35,<=50K
30493,33,100228,10,0,0,40,<=50K
30494,27,150296,9,0,0,32,<=50K
30495,43,25005,14,5013,0,12,<=50K
30497,39,251710,6,0,1721,15,<=50K
30498,20,653574,10,0,0,33,<=50K
30499,38,175441,9,0,0,40,<=50K
30500,30,333119,10,0,0,40,<=50K
30501,21,89154,7,0,0,42,<=50K
30502,60,198727,9,0,0,30,<=50K
30503,43,87284,10,0,0,40,<=50K
30505,23,227070,10,0,0,48,<=50K
30507,25,348986,9,0,0,40,<=50K
30508,38,96185,9,0,0,32,<=50K
30509,22,112693,9,0,0,35,<=50K
30510,23,417605,3,0,0,40,<=50K
30511,61,140300,9,0,0,44,<=50K
30512,28,340408,10,0,0,46,<=50K
30513,17,187539,7,0,0,10,<=50K
30514,21,237051,10,0,0,25,<=50K
30515,49,175622,14,0,0,40,<=50K
30516,37,389725,8,0,0,35,<=50K
30517,23,182812,10,0,0,40,<=50K
30518,38,245372,10,3137,0,50,<=50K
30520,21,502837,9,0,0,40,<=50K
30523,22,156933,9,0,0,25,<=50K
30524,20,286734,10,0,0,35,<=50K
30526,38,226357,9,0,0,40,<=50K
30527,40,104892,13,0,0,40,<=50K
30528,44,223194,9,0,1485,40,<=50K
30529,37,272090,10,0,0,20,<=50K
30530,57,204816,14,0,0,30,<=50K
30531,56,230039,4,0,0,30,<=50K
30532,41,242619,12,0,0,80,<=50K
30533,50,131982,9,0,0,60,<=50K
30534,33,87310,5,0,0,50,<=50K
30535,29,134566,14,0,0,20,<=50K
30537,35,239409,6,0,0,50,<=50K
30538,36,203717,9,0,0,40,<=50K
30540,30,65278,12,0,0,40,<=50K
30541,35,135289,9,0,0,60,<=50K
30542,27,246974,11,0,0,40,<=50K
30543,22,180060,9,0,0,40,<=50K
30544,24,118023,10,0,0,30,<=50K
30547,18,137646,7,0,0,15,<=50K
30548,18,237646,10,0,0,30,<=50K
30550,43,118261,14,0,0,30,<=50K
30551,45,288437,9,4064,0,40,<=50K
30552,39,106347,9,0,0,40,<=50K
30553,30,316471,13,0,0,50,<=50K
30554,22,50058,10,0,0,35,<=50K
30555,30,182089,9,0,0,85,<=50K
30557,20,158206,12,0,0,30,<=50K
30558,61,229744,2,3942,0,20,<=50K
30559,27,141545,9,0,1902,45,<=50K
30561,60,132529,9,0,0,40,<=50K
30562,43,260696,13,0,0,40,<=50K
30563,35,231180,9,0,0,60,<=50K
30565,20,279538,7,2961,0,35,<=50K
30566,47,46044,14,0,0,40,<=50K
30567,40,168071,12,0,0,50,<=50K
30568,20,79691,9,0,0,40,<=50K
30569,75,114204,10,0,0,13,<=50K
30570,25,124111,10,0,0,40,<=50K
30573,34,112564,9,0,0,45,<=50K
30574,45,32186,13,0,0,40,<=50K
30575,23,239663,10,2597,0,50,<=50K
30576,46,269284,12,0,0,40,<=50K
30577,41,175537,10,0,0,38,<=50K
30579,17,27415,7,0,0,20,<=50K
30580,39,174343,5,0,0,40,<=50K
30581,37,148143,9,0,0,40,<=50K
30582,34,209213,9,0,0,40,<=50K
30583,20,165097,9,0,0,40,<=50K
30584,18,51574,9,0,1602,38,<=50K
30586,42,29075,12,0,0,40,<=50K
30587,22,396895,3,0,0,35,<=50K
30588,66,71075,10,0,0,55,<=50K
30589,35,129573,9,0,0,65,<=50K
30591,21,164991,9,0,0,38,<=50K
30592,51,154891,9,0,0,52,<=50K
30593,34,200117,6,0,0,40,<=50K
30594,24,176389,9,0,0,40,<=50K
30595,43,342567,13,0,0,40,<=50K
30597,42,191149,14,0,0,40,<=50K
30598,41,29702,11,0,0,30,<=50K
30599,21,157893,9,0,0,40,<=50K
30600,64,31993,4,0,0,10,<=50K
30601,24,210736,9,0,1974,40,<=50K
30602,23,39615,10,0,0,10,<=50K
30603,29,200511,9,0,0,50,<=50K
30604,44,47818,9,0,0,60,<=50K
30605,28,183155,13,0,0,55,<=50K
30607,35,128876,10,0,0,40,<=50K
30608,41,202872,6,0,0,40,<=50K
30611,32,316769,7,0,0,40,<=50K
30612,37,126569,9,0,0,40,<=50K
30613,18,128538,7,0,0,25,<=50K
30614,24,234640,11,0,0,35,<=50K
30615,29,65372,10,0,0,40,<=50K
30616,45,343377,10,0,0,40,<=50K
30618,35,412379,9,0,0,40,<=50K
30619,46,112320,13,0,0,50,<=50K
30622,24,128061,9,594,0,15,<=50K
30623,72,402306,10,0,0,32,<=50K
30624,35,98389,10,0,0,10,<=50K
30625,29,179565,13,0,0,40,<=50K
30627,70,102610,6,0,0,32,<=50K
30629,36,150548,9,0,0,30,<=50K
30631,49,67001,9,0,0,40,<=50K
30633,18,138557,7,0,0,40,<=50K
30634,21,170456,10,0,0,35,<=50K
30635,42,66006,6,0,0,40,<=50K
30636,25,176077,14,0,0,37,<=50K
30637,32,218322,9,0,0,40,<=50K
30638,25,181691,9,0,0,60,<=50K
30640,30,161690,11,0,0,40,<=50K
30641,21,242736,12,0,0,40,<=50K
30642,38,67317,13,0,0,60,<=50K
30643,34,265807,9,0,2051,55,<=50K
30644,37,99357,12,0,0,30,<=50K
30646,52,231166,11,0,0,40,<=50K
30647,23,62339,13,0,0,40,<=50K
30648,29,118520,9,0,0,42,<=50K
30650,23,157331,13,0,0,40,<=50K
30652,30,164190,13,0,0,42,<=50K
30653,45,83064,13,0,0,50,<=50K
30654,26,304283,9,0,0,40,<=50K
30655,23,436798,10,0,0,40,<=50K
30656,24,29302,10,0,0,40,<=50K
30658,42,79036,9,0,0,40,<=50K
30659,72,165622,10,0,0,25,<=50K
30660,21,177287,10,0,0,40,<=50K
30662,24,22966,13,0,0,45,<=50K
30663,27,59068,9,0,0,40,<=50K
30664,54,77336,9,0,0,40,<=50K
30666,17,143868,5,0,0,40,<=50K
30668,39,176279,13,0,0,40,<=50K
30670,50,205100,4,0,0,35,<=50K
30671,57,353881,9,0,0,45,<=50K
30673,20,122244,9,0,0,28,<=50K
30674,49,125892,9,0,0,40,<=50K
30675,44,155472,12,1151,0,50,<=50K
30676,42,355728,11,0,0,44,<=50K
30677,18,245274,10,0,0,16,<=50K
30678,18,240330,8,0,0,18,<=50K
30679,51,182944,9,0,0,40,<=50K
30680,28,264498,13,0,0,40,<=50K
30682,25,166971,9,0,0,52,<=50K
30685,42,215219,7,0,0,30,<=50K
30686,33,190772,9,0,1617,40,<=50K
30687,63,331527,6,0,0,40,<=50K
30689,27,85918,13,0,0,68,<=50K
30691,20,182342,10,0,0,40,<=50K
30692,49,129640,9,0,0,40,<=50K
30693,70,133536,9,0,0,28,<=50K
30694,46,148738,9,0,1740,35,<=50K
30696,35,111387,5,0,0,40,<=50K
30697,24,241752,9,0,0,40,<=50K
30698,22,334593,10,0,0,40,<=50K
30699,43,101950,13,0,0,35,<=50K
30702,47,142061,10,0,0,40,<=50K
30703,34,158615,10,0,0,40,<=50K
30704,37,29145,11,0,0,40,<=50K
30705,35,40135,9,0,0,30,<=50K
30706,23,224640,10,0,0,40,<=50K
30707,27,146651,9,0,0,15,<=50K
30708,29,167737,9,0,0,50,<=50K
30709,23,60331,10,0,0,40,<=50K
30710,35,187167,9,0,0,35,<=50K
30711,18,157131,9,0,0,12,<=50K
30712,27,255237,13,0,0,40,<=50K
30713,56,192325,10,0,0,20,<=50K
30714,40,163342,9,0,0,70,<=50K
30715,31,129775,13,0,0,65,<=50K
30716,18,206008,10,2176,0,40,<=50K
30717,25,397317,12,0,0,40,<=50K
30718,36,745768,10,0,0,40,<=50K
30719,38,141550,6,0,0,40,<=50K
30720,52,35576,9,0,0,40,<=50K
30721,23,376383,9,0,0,35,<=50K
30723,34,362787,9,0,0,35,<=50K
30725,26,160300,9,0,0,40,<=50K
30726,47,362654,9,0,0,40,<=50K
30727,21,107801,10,0,0,3,<=50K
30728,65,170939,13,6723,0,40,<=50K
30729,31,224234,9,0,0,40,<=50K
30731,68,211162,9,0,0,40,<=50K
30732,26,147638,13,0,0,40,<=50K
30733,42,104647,9,0,0,40,<=50K
30737,31,268482,5,0,0,40,<=50K
30738,28,288731,13,0,0,20,<=50K
30739,36,231082,13,0,0,50,<=50K
30741,62,214288,9,0,0,40,<=50K
30742,21,118023,9,0,0,24,<=50K
30743,21,187088,10,0,0,20,<=50K
30744,60,174073,9,0,0,40,<=50K
30745,22,133833,10,0,0,25,<=50K
30746,30,229772,6,0,0,40,<=50K
30747,64,210082,9,0,0,40,<=50K
30750,25,122999,9,0,0,40,<=50K
30751,27,44767,9,0,0,40,<=50K
30752,40,200574,12,0,0,44,<=50K
30754,31,33124,15,0,0,99,<=50K
30755,50,308764,9,0,0,40,<=50K
30756,27,103524,9,0,0,40,<=50K
30757,31,99483,9,0,0,40,<=50K
30758,50,230951,13,0,0,40,<=50K
30760,33,857532,8,0,0,40,<=50K
30761,62,81116,10,0,1974,40,<=50K
30762,38,154410,9,0,2051,40,<=50K
30763,19,198943,10,0,0,35,<=50K
30764,30,311696,7,0,0,30,<=50K
30765,38,252897,10,0,0,25,<=50K
30767,49,122066,10,0,0,25,<=50K
30770,24,202721,10,0,0,40,<=50K
30771,29,197565,11,0,0,35,<=50K
30772,24,206827,10,5060,0,30,<=50K
30774,25,158751,11,0,0,55,<=50K
30775,51,243631,6,0,0,40,<=50K
30776,17,219277,7,0,0,20,<=50K
30777,19,45381,10,0,0,8,<=50K
30779,60,225014,9,0,0,40,<=50K
30780,29,405083,9,0,0,40,<=50K
30781,66,186061,10,0,4356,40,<=50K
30782,28,24153,6,0,0,40,<=50K
30784,57,137658,9,0,0,5,<=50K
30785,24,315476,12,0,0,40,<=50K
30786,43,248186,12,0,0,38,<=50K
30789,20,191910,9,0,0,40,<=50K
30790,21,145119,10,0,0,20,<=50K
30791,20,130840,6,0,0,40,<=50K
30793,20,334105,10,0,0,10,<=50K
30794,19,354104,9,0,0,35,<=50K
30795,34,111985,9,0,0,45,<=50K
30796,40,321187,13,0,0,45,<=50K
30797,33,138142,10,0,0,25,<=50K
30798,36,296999,10,0,0,37,<=50K
30800,41,174491,9,0,0,40,<=50K
30803,47,187563,9,0,0,40,<=50K
30804,41,196344,2,0,0,50,<=50K
30806,28,715938,13,0,0,40,<=50K
30808,29,229656,9,0,0,50,<=50K
30809,46,97883,10,0,0,40,<=50K
30810,28,131298,9,0,0,60,<=50K
30811,57,197875,9,0,0,40,<=50K
30812,22,172766,10,0,0,40,<=50K
30813,28,175796,12,0,0,40,<=50K
30814,24,51973,13,0,0,45,<=50K
30816,22,291979,7,0,0,40,<=50K
30817,36,180752,13,0,0,40,<=50K
30818,50,234657,10,0,0,40,<=50K
30819,18,39411,7,0,0,24,<=50K
30821,41,192779,4,0,0,40,<=50K
30822,21,105312,9,0,0,20,<=50K
30823,36,171676,13,0,1741,40,<=50K
30825,21,231866,11,0,0,40,<=50K
30826,46,102102,9,0,0,40,<=50K
30827,57,50248,10,0,0,40,<=50K
30828,61,195519,14,0,0,25,<=50K
30829,22,34310,10,0,0,25,<=50K
30830,33,314913,7,0,0,53,<=50K
30832,43,188280,14,914,0,40,<=50K
30834,17,79682,6,0,0,30,<=50K
30836,30,340899,15,0,1590,80,<=50K
30837,40,192259,14,0,0,35,<=50K
30838,31,190228,14,0,0,45,<=50K
30841,37,238433,2,0,0,40,<=50K
30842,37,166744,9,0,0,20,<=50K
30844,36,134367,9,0,0,30,<=50K
30845,46,133616,10,0,0,40,<=50K
30846,46,203039,13,0,0,48,<=50K
30847,32,217460,5,0,0,50,<=50K
30848,17,106733,7,594,0,40,<=50K
30849,42,212027,13,0,0,40,<=50K
30850,37,126569,9,0,0,40,<=50K
30851,29,289960,9,0,0,48,<=50K
30853,38,181716,8,0,0,48,<=50K
30854,46,172822,9,0,0,40,<=50K
30855,24,293091,9,0,0,40,<=50K
30856,57,107443,2,0,0,40,<=50K
30857,59,95283,2,0,0,40,<=50K
30859,35,220943,9,0,1594,40,<=50K
30860,53,257940,9,2829,0,40,<=50K
30861,26,134945,9,0,0,40,<=50K
30862,55,105582,14,2228,0,50,<=50K
30863,46,169324,9,0,0,45,<=50K
30865,30,113838,11,3137,0,60,<=50K
30866,24,143436,10,0,0,24,<=50K
30867,32,143604,6,0,0,37,<=50K
30868,35,226311,13,0,0,40,<=50K
30871,26,160261,14,0,0,20,<=50K
30872,46,117310,12,6497,0,40,<=50K
30874,38,89202,10,0,0,40,<=50K
30875,31,174704,9,0,0,50,<=50K
30876,53,153486,9,0,0,30,<=50K
30877,27,360097,9,0,0,40,<=50K
30878,39,230356,13,0,0,40,<=50K
30879,22,163870,9,0,0,40,<=50K
30881,20,333505,9,0,0,30,<=50K
30882,60,149281,9,0,0,40,<=50K
30883,51,138514,11,0,0,48,<=50K
30886,37,170020,9,0,0,40,<=50K
30887,35,217605,9,0,0,40,<=50K
30889,17,169155,8,0,0,35,<=50K
30891,18,110142,9,0,0,40,<=50K
30892,52,222646,8,0,0,40,<=50K
30893,18,182643,10,0,0,9,<=50K
30894,20,303565,10,0,0,40,<=50K
30895,34,140092,9,0,0,40,<=50K
30896,19,178811,9,0,0,20,<=50K
30897,18,267399,8,0,0,12,<=50K
30898,17,192387,5,0,0,45,<=50K
30899,30,127610,13,0,0,35,<=50K
30900,29,258862,13,0,0,45,<=50K
30902,18,174926,5,0,0,15,<=50K
30903,50,238187,13,0,0,37,<=50K
30904,22,191444,9,0,0,40,<=50K
30905,21,198822,9,0,0,35,<=50K
30906,39,251323,5,0,0,40,<=50K
30907,20,168187,10,4416,0,25,<=50K
30908,62,370881,12,0,0,7,<=50K
30909,32,198183,10,0,0,38,<=50K
30911,32,269182,10,3887,0,40,<=50K
30912,55,141727,13,3464,0,40,<=50K
30914,34,46746,7,0,0,30,<=50K
30915,28,120475,9,0,0,20,<=50K
30916,26,135845,10,0,0,37,<=50K
30917,41,310255,9,0,0,40,<=50K
30919,75,31428,9,3456,0,40,<=50K
30920,21,211013,11,0,0,50,<=50K
30923,26,247025,9,0,0,65,<=50K
30924,39,252327,4,0,0,40,<=50K
30925,24,375313,10,0,0,40,<=50K
30926,56,107165,9,0,0,18,<=50K
30927,17,108470,7,0,0,17,<=50K
30929,23,189468,11,0,0,30,<=50K
30930,28,198393,9,0,0,40,<=50K
30931,57,181031,9,0,0,60,<=50K
30933,25,27411,13,0,0,40,<=50K
30934,22,147397,13,0,0,20,<=50K
30935,39,242922,9,0,0,40,<=50K
30937,41,423217,13,0,0,50,<=50K
30938,43,195385,9,0,0,40,<=50K
30939,19,100009,9,0,0,40,<=50K
30940,35,191628,10,0,0,40,<=50K
30942,19,207173,9,0,0,30,<=50K
30943,33,48010,10,0,0,40,<=50K
30944,33,229051,10,0,0,52,<=50K
30946,31,57781,9,0,0,50,<=50K
30947,69,121136,9,0,0,13,<=50K
30949,24,136687,9,0,0,40,<=50K
30952,75,239038,10,0,0,16,<=50K
30953,34,244064,9,0,0,40,<=50K
30955,33,66278,14,0,0,40,<=50K
30956,44,162643,9,0,0,43,<=50K
30958,18,205218,7,0,0,20,<=50K
30959,48,154033,9,0,0,52,<=50K
30962,35,301862,9,0,0,50,<=50K
30963,34,228406,10,0,0,40,<=50K
30965,54,127943,9,0,0,40,<=50K
30966,57,301514,9,0,0,40,<=50K
30967,21,156980,9,0,0,60,<=50K
30968,28,124685,10,0,0,55,<=50K
30972,21,211391,10,0,0,27,<=50K
30974,66,78855,9,0,0,40,<=50K
30976,48,49278,12,0,0,40,<=50K
30977,44,248876,13,0,0,50,<=50K
30978,41,242586,9,0,0,40,<=50K
30983,31,124420,7,0,0,40,<=50K
30984,30,67072,13,6849,0,60,<=50K
30985,51,194908,9,0,0,40,<=50K
30986,31,94991,9,0,0,40,<=50K
30987,18,194561,10,0,0,37,<=50K
30988,60,75726,9,0,1092,40,<=50K
30989,29,60722,9,0,0,40,<=50K
30990,33,59944,9,0,0,40,<=50K
30991,34,220840,3,0,0,40,<=50K
30992,40,104235,14,0,0,99,<=50K
30993,57,142714,10,0,0,38,<=50K
30994,55,110490,13,0,0,60,<=50K
30995,40,154076,12,0,0,60,<=50K
30996,26,130557,13,0,0,35,<=50K
30997,29,107108,10,0,0,40,<=50K
30998,30,207172,13,0,0,40,<=50K
31001,65,107620,7,0,0,8,<=50K
31002,19,301911,10,0,0,35,<=50K
31004,28,269786,9,0,0,40,<=50K
31005,34,167474,9,0,0,40,<=50K
31007,63,86590,9,0,0,32,<=50K
31009,31,184307,10,0,0,40,<=50K
31010,18,225859,10,2907,0,30,<=50K
31012,59,157932,9,0,0,40,<=50K
31014,49,251180,4,2407,0,50,<=50K
31017,48,328606,9,0,0,40,<=50K
31018,21,403860,10,0,0,40,<=50K
31019,41,215479,9,0,0,40,<=50K
31020,56,157639,10,0,0,50,<=50K
31021,26,152129,8,0,0,40,<=50K
31022,53,239284,9,0,0,40,<=50K
31023,23,234302,9,0,0,40,<=50K
31024,58,218724,4,0,0,50,<=50K
31025,61,106330,9,0,0,40,<=50K
31026,29,35032,10,0,0,60,<=50K
31027,22,234641,9,0,0,40,<=50K
31029,31,218322,10,0,0,30,<=50K
31030,90,47929,9,0,0,40,<=50K
31031,53,142411,11,0,0,40,<=50K
31032,22,219122,10,0,0,40,<=50K
31033,55,132887,9,3411,0,40,<=50K
31034,34,44464,16,0,0,60,<=50K
31035,28,180928,10,5013,0,55,<=50K
31036,22,199426,10,0,0,40,<=50K
31037,36,139703,9,0,0,40,<=50K
31038,33,202642,13,0,0,40,<=50K
31039,17,160049,6,0,0,12,<=50K
31040,38,239755,7,0,0,40,<=50K
31041,60,152369,11,0,0,60,<=50K
31043,72,117017,9,0,0,8,<=50K
31044,57,175017,3,0,0,40,<=50K
31045,39,342642,9,0,0,60,<=50K
31046,50,143730,13,0,0,80,<=50K
31047,45,191098,13,0,0,40,<=50K
31048,37,208106,13,0,0,35,<=50K
31049,27,167737,10,0,0,48,<=50K
31051,41,142717,10,0,0,36,<=50K
31052,20,190227,14,0,0,25,<=50K
31053,44,79864,14,0,0,20,<=50K
31055,54,222882,9,0,0,45,<=50K
31057,33,256062,10,0,0,35,<=50K
31058,22,251073,5,0,0,50,<=50K
31059,46,149949,10,0,0,40,<=50K
31061,22,243190,10,0,0,40,<=50K
31062,59,160662,9,2407,0,60,<=50K
31063,57,175942,10,0,0,25,<=50K
31064,26,212793,9,0,0,40,<=50K
31066,55,173296,14,0,0,45,<=50K
31068,19,117444,9,0,0,40,<=50K
31069,26,226196,9,0,0,40,<=50K
31072,39,82540,10,0,0,60,<=50K
31073,17,41643,7,0,0,15,<=50K
31074,26,197292,9,0,0,50,<=50K
31075,26,76491,14,0,0,20,<=50K
31076,50,101094,14,0,0,55,<=50K
31078,18,141626,10,2176,0,20,<=50K
31079,26,122575,13,0,0,60,<=50K
31081,50,263200,3,0,0,34,<=50K
31083,52,202115,9,0,0,25,<=50K
31085,42,318046,7,0,0,40,<=50K
31086,53,276369,9,0,0,45,<=50K
31087,30,67187,9,0,0,8,<=50K
31088,23,133582,2,0,0,36,<=50K
31089,23,216672,13,0,0,30,<=50K
31090,32,45796,10,0,0,60,<=50K
31091,29,31778,9,0,0,25,<=50K
31092,40,190044,12,0,0,40,<=50K
31094,17,172145,6,0,0,40,<=50K
31098,23,116830,8,0,0,50,<=50K
31099,37,117683,9,0,0,40,<=50K
31100,25,106491,9,0,0,48,<=50K
31101,22,39803,10,0,0,40,<=50K
31102,27,363053,5,0,0,24,<=50K
31103,21,54472,9,0,0,40,<=50K
31105,38,54317,10,0,0,60,<=50K
31107,27,159623,10,0,0,40,<=50K
31108,25,161235,11,0,0,90,<=50K
31109,27,247978,9,0,0,40,<=50K
31112,33,226525,9,0,0,60,<=50K
31113,28,247819,11,0,0,5,<=50K
31114,28,194940,9,0,0,40,<=50K
31115,29,289991,9,0,0,55,<=50K
31116,46,585361,5,0,0,40,<=50K
31117,30,91145,9,0,0,40,<=50K
31118,65,231604,9,0,0,45,<=50K
31119,28,273269,10,0,0,40,<=50K
31120,39,202683,13,0,0,40,<=50K
31121,35,159179,10,0,0,40,<=50K
31122,50,28952,10,0,0,39,<=50K
31123,25,214925,6,0,0,40,<=50K
31124,63,163708,5,0,0,20,<=50K
31127,19,166153,10,0,0,30,<=50K
31129,31,69056,9,0,0,15,<=50K
31131,17,277541,7,0,0,5,<=50K
31132,27,289039,10,0,0,40,<=50K
31133,30,134737,10,0,0,45,<=50K
31134,18,56613,10,0,0,20,<=50K
31135,41,36699,10,4650,0,40,<=50K
31137,35,185366,13,0,0,50,<=50K
31138,29,154017,9,0,0,10,<=50K
31140,25,222539,6,2597,0,50,<=50K
31141,53,191565,2,0,0,40,<=50K
31142,53,111939,13,0,0,35,<=50K
31143,26,53903,9,0,0,50,<=50K
31144,41,146659,13,0,0,70,<=50K
31145,28,194200,9,0,0,70,<=50K
31146,48,78529,14,0,0,60,<=50K
31147,22,194829,13,0,0,30,<=50K
31150,53,137250,14,0,1669,35,<=50K
31152,57,300908,12,0,0,75,<=50K
31153,53,187830,11,0,0,40,<=50K
31154,23,201138,10,0,0,8,<=50K
31155,31,44503,10,0,0,40,<=50K
31156,20,381357,5,0,0,28,<=50K
31157,25,311124,15,0,0,20,<=50K
31158,37,96330,10,0,0,40,<=50K
31160,34,56964,9,0,0,35,<=50K
31163,29,404998,11,0,0,90,<=50K
31165,31,157886,10,0,0,40,<=50K
31166,47,101299,9,0,0,40,<=50K
31167,51,134447,9,0,0,70,<=50K
31168,27,191822,9,0,0,50,<=50K
31169,23,70919,13,0,0,40,<=50K
31170,55,266343,9,0,0,46,<=50K
31172,31,236487,13,0,0,40,<=50K
31173,30,224147,9,0,0,40,<=50K
31174,23,197200,13,0,0,60,<=50K
31175,19,124265,9,0,0,50,<=50K
31176,22,79980,10,0,0,25,<=50K
31177,50,128814,9,0,0,25,<=50K
31179,21,51262,9,0,0,35,<=50K
31181,29,82393,9,0,0,40,<=50K
31183,20,218962,9,0,0,40,<=50K
31184,33,204752,9,0,0,40,<=50K
31186,41,170299,11,0,0,43,<=50K
31187,23,60331,9,0,0,40,<=50K
31190,21,119665,10,0,0,35,<=50K
31191,38,150057,10,0,0,45,<=50K
31192,31,128567,9,0,0,40,<=50K
31193,19,230874,10,0,0,40,<=50K
31194,59,148526,10,0,0,40,<=50K
31195,36,160192,9,0,0,40,<=50K
31196,50,74660,10,0,0,40,<=50K
31197,60,142494,6,0,0,40,<=50K
31199,28,37088,13,0,0,50,<=50K
31201,21,176356,10,0,0,10,<=50K
31202,27,123302,9,0,0,40,<=50K
31203,18,89760,8,0,0,20,<=50K
31205,56,104945,4,0,0,40,<=50K
31208,31,73585,11,0,0,45,<=50K
31209,35,29145,11,0,0,40,<=50K
31210,35,175232,9,0,0,40,<=50K
31211,36,325374,10,0,0,40,<=50K
31212,47,107231,12,0,1672,65,<=50K
31213,23,129345,10,0,0,25,<=50K
31214,21,228395,10,0,0,20,<=50K
31215,49,452402,10,0,0,60,<=50K
31217,46,165138,11,0,0,40,<=50K
31218,31,109055,9,3137,0,45,<=50K
31219,27,193122,9,0,0,40,<=50K
31220,56,425497,12,0,0,20,<=50K
31221,48,191858,10,0,0,40,<=50K
31222,30,297155,10,0,0,40,<=50K
31223,29,181282,13,0,0,50,<=50K
31224,50,111700,14,0,0,50,<=50K
31225,18,35065,9,0,0,35,<=50K
31228,31,162160,9,0,0,47,<=50K
31230,39,314007,6,0,2051,40,<=50K
31233,39,290321,6,0,0,40,<=50K
31234,22,44064,7,0,0,35,<=50K
31236,42,374790,5,0,0,40,<=50K
31237,18,231562,9,0,0,33,<=50K
31238,27,376150,10,0,0,25,<=50K
31239,51,99987,6,0,0,40,<=50K
31240,27,120126,10,0,0,40,<=50K
31241,60,33717,7,0,0,50,<=50K
31242,36,132879,2,0,0,40,<=50K
31246,41,239833,9,0,0,50,<=50K
31247,53,155233,8,0,0,40,<=50K
31248,34,130369,9,1151,0,48,<=50K
31249,34,347166,10,0,0,40,<=50K
31251,22,255575,12,0,0,15,<=50K
31253,43,214541,9,0,0,35,<=50K
31255,27,69132,13,0,0,37,<=50K
31257,29,236992,9,0,0,50,<=50K
31258,27,492263,6,0,0,35,<=50K
31259,42,180019,9,0,0,65,<=50K
31260,49,47086,13,0,0,40,<=50K
31261,24,222853,10,0,0,50,<=50K
31262,22,344176,9,0,0,20,<=50K
31263,30,223212,13,0,0,40,<=50K
31264,28,110981,10,0,0,40,<=50K
31265,20,162688,11,0,0,40,<=50K
31268,43,306440,15,0,0,66,<=50K
31269,18,210311,9,0,0,20,<=50K
31270,53,127117,9,0,0,40,<=50K
31273,33,216908,6,0,0,40,<=50K
31275,21,766115,6,0,0,35,<=50K
31276,65,52728,10,0,0,40,<=50K
31278,49,122206,11,0,0,25,<=50K
31279,20,95989,10,0,0,40,<=50K
31281,46,225456,9,0,0,40,<=50K
31283,61,171840,9,0,0,16,<=50K
31284,48,180695,10,0,0,38,<=50K
31285,44,121012,5,0,0,40,<=50K
31286,37,126569,13,0,0,60,<=50K
31287,45,227791,10,0,1740,50,<=50K
31289,33,251521,13,0,0,50,<=50K
31290,55,41938,13,0,0,8,<=50K
31291,25,27678,10,0,0,60,<=50K
31292,26,133756,9,0,0,40,<=50K
31294,38,461337,9,0,0,33,<=50K
31296,20,214542,10,0,0,40,<=50K
31297,30,258170,9,0,0,40,<=50K
31298,29,242147,9,0,0,45,<=50K
31299,42,235700,9,0,0,40,<=50K
31300,24,278130,12,0,0,40,<=50K
31303,42,340885,9,0,0,44,<=50K
31304,42,152889,6,0,0,45,<=50K
31305,46,195023,9,0,0,40,<=50K
31307,27,249463,11,0,0,20,<=50K
31308,43,158177,10,0,0,35,<=50K
31309,43,47818,13,0,0,40,<=50K
31310,27,391468,7,0,0,40,<=50K
31312,31,231043,10,0,0,50,<=50K
31313,38,281768,4,0,0,30,<=50K
31314,44,267790,5,0,0,40,<=50K
31315,27,217379,10,0,0,40,<=50K
31316,50,421561,10,0,0,40,<=50K
31317,23,50953,10,0,0,40,<=50K
31318,22,138504,10,0,0,30,<=50K
31319,36,177064,10,0,0,40,<=50K
31320,24,103064,13,3674,0,40,<=50K
31323,23,149204,13,0,0,40,<=50K
31324,37,405284,13,0,1340,42,<=50K
31325,25,137296,12,0,0,38,<=50K
31326,40,87771,9,0,1628,45,<=50K
31328,31,59083,9,0,0,35,<=50K
31329,28,138332,16,0,0,40,<=50K
31330,24,198914,9,0,0,25,<=50K
31332,29,123677,9,0,0,40,<=50K
31334,53,251063,10,0,0,40,<=50K
31336,39,175681,13,0,0,60,<=50K
31337,44,165599,9,0,0,48,<=50K
31339,30,143526,13,0,0,40,<=50K
31340,24,211160,10,0,0,40,<=50K
31341,29,342989,9,0,0,40,<=50K
31342,62,173631,10,0,0,70,<=50K
31343,25,141876,9,0,0,45,<=50K
31344,45,137604,10,0,0,40,<=50K
31345,21,129232,10,0,0,40,<=50K
31347,39,456922,13,0,0,40,<=50K
31348,60,232242,9,0,0,40,<=50K
31349,35,352188,9,0,0,40,<=50K
31350,27,114967,13,0,0,40,<=50K
31351,41,201981,9,0,0,40,<=50K
31352,32,159247,14,0,0,50,<=50K
31353,24,125905,9,0,0,40,<=50K
31356,58,110844,14,0,0,27,<=50K
31358,31,59732,9,0,0,40,<=50K
31359,28,178489,13,0,0,45,<=50K
31360,41,252127,10,0,0,20,<=50K
31362,19,160811,9,0,0,38,<=50K
31363,27,365110,13,0,0,20,<=50K
31366,25,173062,13,0,0,40,<=50K
31369,51,293802,3,0,0,52,<=50K
31371,46,166809,9,0,0,40,<=50K
31372,67,34122,3,0,0,40,<=50K
31373,50,231725,9,0,0,40,<=50K
31374,20,63210,9,0,0,15,<=50K
31376,57,116878,2,0,0,40,<=50K
31377,40,110622,15,0,0,40,<=50K
31378,42,180318,6,0,0,35,<=50K
31379,67,112318,6,0,0,40,<=50K
31381,30,27153,9,0,0,50,<=50K
31382,26,73312,7,0,0,15,<=50K
31383,51,145409,9,0,0,40,<=50K
31384,38,167882,10,0,0,45,<=50K
31385,24,236696,9,0,0,35,<=50K
31386,48,28791,9,0,0,50,<=50K
31389,35,189922,9,0,0,40,<=50K
31392,64,253759,9,0,0,3,<=50K
31393,26,111243,9,0,0,35,<=50K
31394,39,147850,9,0,0,30,<=50K
31395,55,171015,10,0,0,36,<=50K
31396,23,118023,10,0,0,45,<=50K
31397,33,361497,9,0,0,40,<=50K
31399,28,401886,9,0,0,20,<=50K
31400,50,201882,14,0,0,30,<=50K
31402,44,139161,12,0,1741,40,<=50K
31403,51,210736,9,0,0,40,<=50K
31404,34,167781,9,0,0,50,<=50K
31407,24,493034,13,0,0,40,<=50K
31408,27,184078,11,0,0,40,<=50K
31409,44,191814,10,0,0,45,<=50K
31410,24,329852,9,0,0,40,<=50K
31413,30,143766,9,0,0,30,<=50K
31414,35,234271,10,0,0,40,<=50K
31415,39,314822,10,0,0,40,<=50K
31416,42,195584,12,0,0,40,<=50K
31418,41,126850,15,0,0,40,<=50K
31419,36,279485,9,0,0,38,<=50K
31421,42,175935,9,0,0,40,<=50K
31422,20,163665,10,0,0,17,<=50K
31423,29,200468,6,0,0,40,<=50K
31424,27,91501,9,0,0,40,<=50K
31426,59,56392,10,0,1579,60,<=50K
31427,31,20511,13,0,0,25,<=50K
31428,21,538822,9,0,0,40,<=50K
31429,26,332008,10,0,0,37,<=50K
31432,87,90338,9,0,0,2,<=50K
31433,25,181576,10,0,0,55,<=50K
31436,32,542265,9,0,0,40,<=50K
31437,38,193026,7,0,0,40,<=50K
31438,21,25505,11,0,0,35,<=50K
31439,17,375657,7,0,0,30,<=50K
31440,44,201599,7,0,0,40,<=50K
31441,23,181820,10,0,0,20,<=50K
31443,30,54318,7,0,0,40,<=50K
31444,51,141388,9,0,0,55,<=50K
31445,54,57101,9,0,0,35,<=50K
31446,44,168515,10,0,0,40,<=50K
31455,40,293809,13,0,0,20,<=50K
31458,24,314182,9,0,0,50,<=50K
31459,18,170544,7,0,0,20,<=50K
31460,18,94196,9,0,0,25,<=50K
31462,42,112607,9,0,0,50,<=50K
31463,28,146949,9,0,0,40,<=50K
31464,32,309513,12,0,0,40,<=50K
31465,48,191389,10,0,0,50,<=50K
31466,24,213902,4,0,0,32,<=50K
31467,73,46514,9,0,0,25,<=50K
31470,19,188568,10,0,0,40,<=50K
31471,27,215014,9,0,0,35,<=50K
31472,27,184477,8,0,0,40,<=50K
31474,31,39054,9,0,0,20,<=50K
31476,45,358701,8,0,0,10,<=50K
31477,47,217750,9,0,0,35,<=50K
31478,22,200374,9,0,0,35,<=50K
31479,24,498349,13,0,0,40,<=50K
31480,69,170458,9,0,0,20,<=50K
31482,45,188432,9,0,0,40,<=50K
31484,31,225779,9,0,0,40,<=50K
31485,48,46677,12,0,0,42,<=50K
31487,34,85355,13,0,0,40,<=50K
31488,48,207120,10,0,0,40,<=50K
31490,20,224640,12,0,0,40,<=50K
31492,40,130749,10,0,0,40,<=50K
31493,28,204516,6,0,0,45,<=50K
31494,20,105479,10,0,0,25,<=50K
31495,41,197093,13,0,0,40,<=50K
31497,24,155150,9,0,0,40,<=50K
31498,35,216035,9,0,0,40,<=50K
31499,22,388247,10,0,0,40,<=50K
31500,23,208908,13,0,0,30,<=50K
31501,23,259301,9,0,0,40,<=50K
31504,32,386877,11,4650,0,40,<=50K
31506,48,238360,13,0,0,40,<=50K
31508,48,50748,13,0,0,40,<=50K
31509,22,50136,3,0,0,40,<=50K
31511,31,298871,16,0,0,40,<=50K
31514,46,327786,11,3325,0,42,<=50K
31517,24,236696,13,0,0,40,<=50K
31518,38,337130,2,0,0,40,<=50K
31520,38,186191,9,0,0,55,<=50K
31521,33,268451,10,0,0,40,<=50K
31522,61,154600,9,0,0,4,<=50K
31525,42,191765,9,0,0,35,<=50K
31526,21,253583,9,0,0,40,<=50K
31527,29,297054,9,0,0,40,<=50K
31528,54,204397,10,0,0,50,<=50K
31529,23,288771,10,0,0,30,<=50K
31530,52,173987,6,0,0,40,<=50K
31532,23,91658,10,0,0,40,<=50K
31535,51,291755,4,0,0,42,<=50K
31536,29,207032,9,0,0,42,<=50K
31537,23,161478,10,0,0,40,<=50K
31538,73,109833,13,0,0,30,<=50K
31539,47,229394,7,0,0,55,<=50K
31540,61,69285,9,0,0,37,<=50K
31541,26,491862,11,0,0,40,<=50K
31543,32,420895,13,0,0,47,<=50K
31544,39,226374,6,0,0,40,<=50K
31545,33,101345,13,0,0,40,<=50K
31546,35,48779,9,0,0,35,<=50K
31547,42,152676,9,0,0,40,<=50K
31548,46,164877,10,0,0,44,<=50K
31549,33,97521,9,0,0,40,<=50K
31550,47,88564,3,0,0,20,<=50K
31551,33,188246,13,0,0,40,<=50K
31552,26,189185,9,0,0,40,<=50K
31553,42,163069,10,0,0,40,<=50K
31554,28,251905,13,0,0,50,<=50K
31555,29,112403,3,0,0,40,<=50K
31556,18,36882,8,0,0,20,<=50K
31557,33,195891,10,0,0,45,<=50K
31558,36,194905,13,0,0,44,<=50K
31560,40,31621,9,0,0,40,<=50K
31562,40,196029,9,0,0,45,<=50K
31563,36,107302,9,0,0,50,<=50K
31565,52,256861,13,0,0,50,<=50K
31566,24,82777,9,0,0,40,<=50K
31567,30,147430,9,0,0,40,<=50K
31568,28,60726,9,0,0,40,<=50K
31569,46,165754,16,0,0,45,<=50K
31570,36,448337,9,0,0,40,<=50K
31571,48,185079,9,0,0,50,<=50K
31572,36,418702,11,0,0,40,<=50K
31574,21,387335,10,0,1719,9,<=50K
31575,18,261720,9,0,0,40,<=50K
31577,66,357750,7,0,0,40,<=50K
31579,38,60135,9,0,0,40,<=50K
31582,22,477505,12,0,0,40,<=50K
31583,29,164711,10,0,0,40,<=50K
31584,40,208277,10,0,0,40,<=50K
31585,21,39943,10,0,0,20,<=50K
31586,49,104542,9,0,0,40,<=50K
31589,26,336404,9,0,0,40,<=50K
31590,33,117983,9,0,0,41,<=50K
31592,59,59469,14,0,0,40,<=50K
31593,37,171968,11,0,0,40,<=50K
31594,56,119254,6,0,0,40,<=50K
31595,27,278617,10,0,0,40,<=50K
31597,49,343231,14,0,0,80,<=50K
31598,30,63910,9,0,0,40,<=50K
31599,28,190350,5,0,0,40,<=50K
31600,25,176162,13,0,0,40,<=50K
31601,18,37720,6,0,0,40,<=50K
31602,25,421467,12,0,0,26,<=50K
31603,36,138441,10,0,0,40,<=50K
31605,20,369678,8,0,1602,40,<=50K
31606,25,160445,9,0,0,40,<=50K
31607,26,211695,13,0,0,40,<=50K
31610,39,111129,9,0,0,40,<=50K
31611,30,44566,13,0,0,40,<=50K
31612,26,118497,9,0,0,60,<=50K
31614,49,237920,16,0,0,60,<=50K
31615,34,136331,13,0,0,60,<=50K
31616,28,187397,9,0,0,48,<=50K
31617,28,119793,9,0,0,40,<=50K
31619,26,231714,9,0,0,40,<=50K
31621,66,68219,5,0,0,40,<=50K
31622,61,268831,9,0,0,53,<=50K
31624,29,261725,13,0,0,35,<=50K
31625,74,161387,9,0,0,16,<=50K
31626,61,260167,9,0,0,40,<=50K
31627,27,200928,10,0,0,22,<=50K
31629,57,79539,9,0,0,40,<=50K
31630,41,469454,10,0,0,40,<=50K
31631,45,331482,13,0,0,50,<=50K
31632,43,225193,9,0,0,40,<=50K
31634,29,82393,9,0,0,25,<=50K
31635,65,37170,4,0,0,20,<=50K
31636,41,58484,13,0,0,40,<=50K
31637,31,156464,13,0,0,40,<=50K
31638,50,344621,9,0,0,40,<=50K
31640,18,174202,9,0,0,60,<=50K
31641,26,261203,4,0,0,30,<=50K
31642,57,316000,9,0,0,40,<=50K
31643,63,216871,10,0,1740,40,<=50K
31644,29,246933,9,0,0,40,<=50K
31647,43,99185,9,0,0,58,<=50K
31649,28,100219,9,0,0,45,<=50K
31650,32,46691,13,0,0,40,<=50K
31651,28,297735,15,0,0,90,<=50K
31656,51,158508,10,0,0,36,<=50K
31657,67,261203,4,0,0,35,<=50K
31658,17,309504,6,0,0,24,<=50K
31659,24,324637,10,0,0,40,<=50K
31660,25,267426,9,0,0,40,<=50K
31661,68,229016,9,0,0,25,<=50K
31662,54,46401,10,0,0,47,<=50K
31663,32,114288,9,0,0,40,<=50K
31664,61,203849,10,0,0,40,<=50K
31665,41,193882,9,0,0,40,<=50K
31666,53,311269,9,0,0,40,<=50K
31667,45,156117,11,0,0,32,<=50K
31668,64,169917,4,0,0,4,<=50K
31672,27,380560,9,0,0,40,<=50K
31675,36,749636,10,0,0,40,<=50K
31676,34,154120,9,0,0,55,<=50K
31677,43,105119,9,0,0,40,<=50K
31678,61,181081,9,0,0,20,<=50K
31679,31,182237,6,0,0,40,<=50K
31682,52,170562,8,0,0,40,<=50K
31683,18,240543,7,0,0,20,<=50K
31685,60,389254,9,0,0,40,<=50K
31686,47,179955,10,0,0,25,<=50K
31687,21,197997,10,0,0,30,<=50K
31689,28,191088,9,0,1741,52,<=50K
31691,26,433906,12,0,0,40,<=50K
31692,48,207982,10,0,0,40,<=50K
31693,46,175925,10,0,0,40,<=50K
31694,58,85767,10,0,0,48,<=50K
31695,32,281030,9,0,0,40,<=50K
31698,20,189203,12,0,0,20,<=50K
31699,43,163108,10,0,0,99,<=50K
31700,17,141590,7,0,0,12,<=50K
31701,36,137421,8,0,0,45,<=50K
31702,36,67728,9,5013,0,40,<=50K
31704,45,330087,9,0,0,40,<=50K
31705,51,204322,9,0,0,50,<=50K
31706,29,50295,10,0,0,48,<=50K
31707,35,147258,11,0,0,65,<=50K
31708,19,194260,10,0,0,20,<=50K
31709,56,437727,5,0,0,40,<=50K
31710,64,34100,10,0,0,4,<=50K
31711,62,186611,9,0,0,40,<=50K
31712,24,280960,9,0,0,24,<=50K
31713,33,33117,12,0,0,40,<=50K
31715,22,124942,10,0,0,45,<=50K
31716,44,143368,10,0,0,55,<=50K
31717,37,255621,9,0,0,50,<=50K
31718,34,154227,10,0,0,75,<=50K
31719,43,171438,11,0,0,45,<=50K
31720,39,191524,9,0,0,40,<=50K
31721,30,377017,10,0,0,32,<=50K
31722,58,192806,4,0,0,33,<=50K
31723,31,259120,10,0,0,10,<=50K
31724,45,234195,9,0,0,35,<=50K
31725,30,147596,10,0,0,40,<=50K
31726,42,147251,10,0,0,36,<=50K
31728,25,176162,11,0,0,30,<=50K
31731,72,82635,7,0,0,40,<=50K
31732,60,165827,16,0,0,55,<=50K
31734,71,78786,4,0,0,10,<=50K
31735,40,33310,15,0,2339,35,<=50K
31736,22,349368,13,0,0,30,<=50K
31737,52,117674,13,0,0,38,<=50K
31738,30,310889,10,0,0,55,<=50K
31739,36,187167,9,0,0,30,<=50K
31740,40,379919,10,0,0,40,<=50K
31741,31,34862,12,0,0,40,<=50K
31746,39,42044,7,0,0,40,<=50K
31749,22,199426,10,0,0,17,<=50K
31751,22,148955,10,0,0,15,<=50K
31753,20,71788,10,0,0,18,<=50K
31754,26,326033,13,0,0,80,<=50K
31755,35,129305,9,0,0,30,<=50K
31756,28,171067,9,0,0,40,<=50K
31757,34,143582,10,0,0,35,<=50K
31758,17,171461,6,0,0,20,<=50K
31759,18,257980,9,0,0,40,<=50K
31760,25,182866,9,0,0,40,<=50K
31762,61,668362,2,0,0,40,<=50K
31765,19,166018,10,0,0,40,<=50K
31766,22,120518,9,0,0,40,<=50K
31767,19,183532,10,0,0,25,<=50K
31768,45,49298,13,0,0,40,<=50K
31769,20,157332,10,0,0,25,<=50K
31770,37,213726,9,0,0,40,<=50K
31771,26,31143,10,0,0,40,<=50K
31772,17,256173,6,0,0,15,<=50K
31774,58,202652,9,0,0,40,<=50K
31777,19,292590,9,0,0,25,<=50K
31778,36,141420,13,0,0,30,<=50K
31779,47,159389,12,0,0,40,<=50K
31780,62,254534,10,0,0,40,<=50K
31781,36,89508,15,0,0,40,<=50K
31782,38,238980,10,0,0,60,<=50K
31784,31,204752,13,0,0,50,<=50K
31785,26,290213,10,0,0,40,<=50K
31787,41,291965,10,0,0,40,<=50K
31789,28,90547,9,0,0,23,<=50K
31790,23,449101,9,0,0,30,<=50K
31791,46,101722,10,3137,0,40,<=50K
31792,32,981628,9,0,0,40,<=50K
31793,59,147989,9,0,0,35,<=50K
31796,31,190027,9,0,0,40,<=50K
31797,36,218015,10,0,0,48,<=50K
31798,31,77634,1,0,0,24,<=50K
31800,29,413297,10,3411,0,70,<=50K
31801,48,218835,14,0,0,50,<=50K
31803,58,252419,7,0,0,50,<=50K
31804,20,347935,10,0,0,40,<=50K
31805,19,237848,10,0,0,3,<=50K
31806,63,174826,9,0,0,40,<=50K
31808,53,470368,12,0,0,48,<=50K
31810,35,35854,10,0,0,40,<=50K
31811,26,746432,9,0,0,48,<=50K
31812,47,258498,10,0,0,52,<=50K
31813,44,176063,13,0,0,45,<=50K
31814,80,26865,4,0,0,20,<=50K
31817,49,402462,13,0,0,30,<=50K
31818,27,153078,15,0,0,40,<=50K
31820,39,451059,5,0,0,40,<=50K
31821,36,229533,9,0,0,40,<=50K
31822,32,106437,9,0,0,40,<=50K
31823,58,294313,10,0,0,55,<=50K
31824,63,67903,5,0,0,40,<=50K
31827,46,72896,10,0,0,50,<=50K
31829,39,206520,9,0,0,45,<=50K
31832,30,236543,10,0,0,68,<=50K
31833,39,43702,11,0,0,37,<=50K
31834,44,335248,10,0,0,40,<=50K
31835,27,198197,13,0,0,45,<=50K
31836,80,281768,12,0,0,4,<=50K
31837,31,160594,12,0,0,3,<=50K
31838,34,231826,9,0,0,40,<=50K
31839,28,188171,12,0,0,60,<=50K
31841,36,166509,9,0,0,40,<=50K
31843,67,204123,13,0,0,10,<=50K
31844,53,220786,10,0,0,60,<=50K
31846,29,152461,13,0,0,42,<=50K
31847,19,223669,10,0,0,30,<=50K
31849,21,304602,11,0,0,98,<=50K
31850,54,24108,10,0,0,40,<=50K
31852,41,93885,10,0,0,48,<=50K
31853,28,210765,9,0,0,40,<=50K
31854,31,191276,11,0,0,40,<=50K
31855,82,71438,9,0,0,20,<=50K
31856,23,330571,13,0,0,16,<=50K
31857,40,138634,9,0,0,40,<=50K
31858,35,112264,9,0,0,50,<=50K
31859,24,205865,9,0,0,45,<=50K
31860,21,224640,10,0,0,40,<=50K
31861,27,180758,10,0,0,30,<=50K
31862,29,499935,11,0,0,40,<=50K
31863,40,107762,13,0,0,45,<=50K
31864,17,214787,8,0,0,25,<=50K
31865,27,211032,2,0,0,40,<=50K
31866,34,208353,9,0,0,40,<=50K
31867,18,157273,6,0,0,15,<=50K
31868,39,75891,13,0,0,40,<=50K
31870,44,182370,9,0,0,40,<=50K
31871,18,200525,7,0,0,25,<=50K
31873,28,95566,2,0,0,35,<=50K
31874,30,30290,9,0,0,40,<=50K
31875,60,240951,9,0,0,40,<=50K
31876,58,183810,9,0,0,24,<=50K
31877,49,94342,13,0,0,60,<=50K
31879,27,103634,9,0,0,38,<=50K
31880,59,83542,12,0,0,40,<=50K
31882,42,262402,13,0,0,40,<=50K
31883,27,198286,10,0,0,34,<=50K
31885,35,273558,10,0,0,30,<=50K
31886,50,117496,13,0,0,24,<=50K
31887,36,128876,6,0,0,40,<=50K
31888,21,199698,9,0,0,45,<=50K
31889,38,65390,12,0,0,45,<=50K
31890,46,128645,10,0,0,40,<=50K
31891,59,53481,10,0,0,50,<=50K
31892,55,92215,9,0,0,45,<=50K
31893,49,78859,14,0,323,20,<=50K
31896,22,41837,10,0,0,25,<=50K
31897,28,291374,8,0,0,40,<=50K
31899,59,159008,10,0,0,56,<=50K
31900,37,271013,9,0,0,40,<=50K
31901,33,199046,13,0,0,40,<=50K
31902,34,164280,6,0,0,40,<=50K
31904,55,100054,6,0,0,40,<=50K
31905,18,183824,8,0,0,30,<=50K
31908,70,92593,10,0,0,25,<=50K
31909,27,189777,9,0,0,40,<=50K
31910,43,198330,14,0,0,37,<=50K
31912,62,31577,9,0,0,18,<=50K
31913,18,90230,9,0,0,20,<=50K
31915,38,175732,9,0,0,15,<=50K
31916,18,218889,5,0,0,35,<=50K
31917,46,117605,5,0,0,35,<=50K
31919,44,228057,4,0,0,40,<=50K
31920,32,173998,10,0,0,60,<=50K
31921,25,90752,13,0,0,40,<=50K
31922,55,51008,9,0,0,40,<=50K
31923,55,113398,10,0,0,40,<=50K
31924,25,74977,10,0,0,40,<=50K
31925,40,101593,13,0,0,50,<=50K
31926,29,228346,11,0,0,50,<=50K
31927,60,180418,7,0,0,40,<=50K
31928,45,44489,9,0,0,45,<=50K
31929,43,277488,9,0,0,30,<=50K
31930,24,103064,9,0,0,55,<=50K
31931,34,226872,13,0,0,40,<=50K
31932,47,330416,10,0,0,60,<=50K
31933,24,186495,9,0,0,32,<=50K
31934,47,205712,10,0,0,38,<=50K
31935,18,217743,7,0,0,40,<=50K
31936,50,52565,10,0,1485,40,<=50K
31937,22,239954,10,0,0,40,<=50K
31940,68,122094,9,0,0,15,<=50K
31941,62,26857,4,0,0,35,<=50K
31942,25,192321,13,0,0,40,<=50K
31943,24,88095,10,0,0,24,<=50K
31944,44,144067,13,0,0,12,<=50K
31945,32,124187,5,0,0,40,<=50K
31947,68,145638,10,0,0,40,<=50K
31948,25,130513,12,0,0,40,<=50K
31949,47,197038,13,0,0,50,<=50K
31951,37,198841,7,0,0,40,<=50K
31952,57,317969,9,0,0,50,<=50K
31954,34,111589,6,0,0,40,<=50K
31955,46,267952,11,0,0,36,<=50K
31956,21,63899,7,0,0,40,<=50K
31957,26,473625,9,0,0,30,<=50K
31959,17,24090,9,0,0,35,<=50K
31960,36,102729,12,0,0,70,<=50K
31961,33,91666,8,0,0,40,<=50K
31962,27,215873,9,0,0,40,<=50K
31963,32,152109,9,0,0,48,<=50K
31964,24,175586,9,0,0,40,<=50K
31965,37,232614,9,0,0,30,<=50K
31969,29,358124,9,0,0,52,<=50K
31970,47,222529,13,0,0,65,<=50K
31971,37,338320,14,0,0,60,<=50K
31973,23,263886,10,0,0,20,<=50K
31974,50,310774,13,0,0,35,<=50K
31975,25,98155,10,0,0,40,<=50K
31976,40,259307,10,0,0,50,<=50K
31979,32,202729,9,0,0,40,<=50K
31980,19,28790,10,0,0,40,<=50K
31981,26,53209,9,0,0,40,<=50K
31982,30,169020,13,0,0,40,<=50K
31983,34,127195,10,0,0,40,<=50K
31984,41,211731,10,0,0,40,<=50K
31985,42,126614,13,0,0,30,<=50K
31987,22,228411,10,0,0,35,<=50K
31988,25,117827,10,0,0,40,<=50K
31989,22,57216,10,0,0,20,<=50K
31991,48,88564,10,0,0,45,<=50K
31993,19,251579,10,0,0,14,<=50K
31994,31,118399,7,0,0,40,<=50K
31995,30,178383,10,0,0,70,<=50K
31999,22,203894,10,0,0,15,<=50K
32000,25,237065,10,0,0,38,<=50K
32002,32,93213,12,0,0,62,<=50K
32003,51,231230,13,0,0,25,<=50K
32006,24,223515,9,0,0,45,<=50K
32007,52,208630,9,0,1741,38,<=50K
32008,58,97969,2,0,0,40,<=50K
32009,43,174295,14,0,0,55,<=50K
32010,31,60229,9,0,0,40,<=50K
32011,28,66095,9,0,0,40,<=50K
32013,61,179743,9,0,2051,20,<=50K
32014,26,192022,13,0,0,40,<=50K
32015,46,45288,13,0,0,40,<=50K
32017,50,99476,14,0,0,35,<=50K
32018,18,41973,7,0,0,5,<=50K
32019,23,162228,13,0,0,48,<=50K
32020,21,211968,10,0,1762,28,<=50K
32021,46,211226,12,0,0,36,<=50K
32022,38,33397,9,0,0,40,<=50K
32023,53,120839,8,0,0,40,<=50K
32026,26,107827,9,0,0,25,<=50K
32030,20,344394,10,0,0,30,<=50K
32031,35,195516,4,0,0,40,<=50K
32032,40,31627,13,0,0,20,<=50K
32033,70,174032,9,0,0,40,<=50K
32034,57,226875,4,0,0,50,<=50K
32035,40,566537,1,0,1672,40,<=50K
32036,18,36162,7,0,0,5,<=50K
32037,45,31478,13,2829,0,60,<=50K
32039,24,108495,9,0,0,40,<=50K
32040,42,161532,13,0,0,60,<=50K
32041,28,332249,9,0,0,45,<=50K
32042,32,268147,11,0,0,60,<=50K
32043,56,317847,13,0,0,40,<=50K
32044,44,52028,2,0,0,40,<=50K
32045,20,184045,10,0,0,30,<=50K
32047,59,152968,10,3325,0,40,<=50K
32048,21,213015,9,2176,0,40,<=50K
32050,49,66385,9,5013,0,40,<=50K
32051,22,205940,13,1055,0,30,<=50K
32053,33,60567,9,3411,0,40,<=50K
32054,23,335067,13,0,0,50,<=50K
32055,34,331126,9,0,0,30,<=50K
32056,53,156612,8,0,0,40,<=50K
32057,44,188436,13,0,0,45,<=50K
32058,60,227468,10,0,0,40,<=50K
32059,55,183580,10,0,0,38,<=50K
32060,57,50990,9,0,0,30,<=50K
32061,59,384246,16,0,0,50,<=50K
32062,26,375313,10,0,0,40,<=50K
32064,49,93639,13,0,0,43,<=50K
32065,45,30289,8,0,0,40,<=50K
32066,29,124950,13,0,0,40,<=50K
32068,21,145964,8,0,0,40,<=50K
32069,36,345712,9,0,0,40,<=50K
32070,18,97474,9,0,0,20,<=50K
32071,37,180342,13,0,0,45,<=50K
32072,19,167087,9,0,0,40,<=50K
32073,65,192825,4,0,0,25,<=50K
32074,30,318749,11,0,0,35,<=50K
32075,27,147638,14,0,0,40,<=50K
32078,25,242464,13,0,0,40,<=50K
32080,21,155697,5,0,0,42,<=50K
32082,49,23776,10,0,0,40,<=50K
32083,51,43909,9,0,0,40,<=50K
32085,42,169995,10,0,0,45,<=50K
32086,53,141388,7,0,0,40,<=50K
32087,29,241431,9,0,0,45,<=50K
32088,21,78374,9,0,0,24,<=50K
32089,54,158948,9,0,0,15,<=50K
32091,34,272411,13,0,0,40,<=50K
32093,62,263374,11,0,0,40,<=50K
32094,30,190228,9,0,0,40,<=50K
32095,27,126060,13,0,0,40,<=50K
32096,25,391192,11,0,0,40,<=50K
32097,26,214069,9,0,0,40,<=50K
32099,55,118993,10,0,0,10,<=50K
32100,26,245880,9,0,0,40,<=50K
32101,45,174794,13,0,0,56,<=50K
32103,34,330301,4,0,0,40,<=50K
32104,26,385278,9,0,0,60,<=50K
32105,44,38434,14,0,0,40,<=50K
32106,45,111679,10,0,0,30,<=50K
32107,55,168956,10,0,0,40,<=50K
32108,20,86143,10,0,0,30,<=50K
32110,33,263561,9,0,0,60,<=50K
32111,44,118536,5,0,0,40,<=50K
32112,32,209691,13,0,0,50,<=50K
32113,54,123374,4,0,0,40,<=50K
32116,56,134153,6,0,0,40,<=50K
32118,22,147655,10,0,0,40,<=50K
32120,24,312017,10,0,0,40,<=50K
32121,37,272950,9,0,0,40,<=50K
32122,49,259323,9,0,0,40,<=50K
32124,21,119156,9,0,0,40,<=50K
32126,23,136075,13,0,0,32,<=50K
32127,50,187465,7,0,0,40,<=50K
32128,44,328561,11,0,0,20,<=50K
32132,39,86643,10,0,0,50,<=50K
32134,63,45912,9,0,0,40,<=50K
32136,37,338033,14,0,0,40,<=50K
32137,26,158963,14,0,0,40,<=50K
32140,19,119964,9,0,0,15,<=50K
32141,34,193344,10,0,0,40,<=50K
32142,29,45554,10,0,0,40,<=50K
32143,33,249716,9,0,0,45,<=50K
32144,53,58985,10,0,0,24,<=50K
32145,24,456367,9,0,0,40,<=50K
32146,39,117381,10,0,0,65,<=50K
32147,50,240922,12,0,1408,5,<=50K
32148,31,226443,13,0,0,40,<=50K
32149,22,364342,11,0,0,25,<=50K
32150,42,101593,13,0,0,42,<=50K
32151,23,267471,8,0,0,25,<=50K
32152,22,186849,7,0,0,50,<=50K
32153,65,174603,3,0,0,10,<=50K
32154,34,115040,9,0,0,44,<=50K
32155,23,142766,10,1055,0,20,<=50K
32157,45,49595,10,0,0,80,<=50K
32158,19,127491,9,0,0,40,<=50K
32159,46,155933,13,0,1602,8,<=50K
32160,23,122272,10,0,0,20,<=50K
32162,59,91384,13,0,0,40,<=50K
32163,36,135874,13,0,0,40,<=50K
32165,51,172493,10,0,0,12,<=50K
32166,42,189956,13,0,0,30,<=50K
32167,35,106967,14,0,0,40,<=50K
32168,20,200153,9,0,0,38,<=50K
32169,25,149943,9,4101,0,60,<=50K
32170,41,151736,6,0,0,40,<=50K
32171,40,67852,9,0,0,35,<=50K
32172,36,54229,12,0,0,37,<=50K
32174,44,157217,13,0,0,42,<=50K
32175,31,381645,13,0,0,40,<=50K
32176,41,160785,9,0,0,40,<=50K
32177,43,133584,10,0,0,40,<=50K
32178,43,170230,14,0,0,40,<=50K
32180,19,128363,10,0,0,30,<=50K
32182,50,195690,9,0,0,45,<=50K
32184,46,118419,9,0,0,38,<=50K
32186,52,283079,9,0,0,50,<=50K
32187,18,119655,8,0,0,12,<=50K
32188,29,153416,13,0,0,55,<=50K
32189,19,204868,9,0,0,36,<=50K
32190,34,220362,13,0,0,40,<=50K
32191,23,203078,10,0,0,40,<=50K
32192,64,104361,10,0,0,65,<=50K
32193,68,274096,6,0,0,20,<=50K
32194,42,455553,9,0,0,40,<=50K
32196,41,64506,9,0,0,50,<=50K
32197,22,24395,10,0,0,20,<=50K
32200,25,178025,14,0,0,40,<=50K
32201,49,113913,9,0,0,60,<=50K
32202,28,55191,12,0,0,45,<=50K
32204,23,162551,13,0,0,35,<=50K
32205,19,693066,8,0,0,15,<=50K
32206,72,96867,3,0,0,40,<=50K
32207,33,256362,10,0,0,35,<=50K
32208,53,539864,10,0,0,20,<=50K
32209,35,241153,11,0,0,40,<=50K
32210,31,284395,13,0,0,40,<=50K
32211,18,180039,8,0,0,20,<=50K
32212,45,178416,11,0,0,40,<=50K
32213,28,175710,13,0,0,30,<=50K
32215,55,176897,10,0,0,40,<=50K
32217,22,193090,9,0,0,37,<=50K
32218,37,186009,9,0,1672,60,<=50K
32219,28,175262,9,0,0,40,<=50K
32220,19,109928,7,0,0,35,<=50K
32223,31,181372,9,0,0,35,<=50K
32224,40,70645,1,0,0,20,<=50K
32225,51,128272,5,0,0,45,<=50K
32226,56,106723,9,0,0,40,<=50K
32227,21,122348,10,0,0,35,<=50K
32229,22,254547,10,0,0,40,<=50K
32231,44,33105,9,0,0,40,<=50K
32232,30,215441,10,0,0,40,<=50K
32233,44,197919,10,0,0,40,<=50K
32235,47,117849,12,0,0,44,<=50K
32237,34,90415,11,0,0,40,<=50K
32239,36,127573,9,0,0,38,<=50K
32240,21,180190,11,0,0,46,<=50K
32241,45,231013,13,0,0,40,<=50K
32242,33,356015,9,0,0,35,<=50K
32243,33,198069,9,0,0,65,<=50K
32244,58,99141,9,0,0,10,<=50K
32248,24,128477,14,0,0,40,<=50K
32251,49,185041,9,0,0,40,<=50K
32252,37,103925,13,0,0,50,<=50K
32253,42,34037,13,0,0,35,<=50K
32255,19,57145,9,0,0,25,<=50K
32257,51,213296,9,0,0,30,<=50K
32259,63,37792,6,0,0,31,<=50K
32261,30,33678,9,0,0,40,<=50K
32262,62,159908,10,0,0,16,<=50K
32263,27,176761,9,0,0,40,<=50K
32264,32,260954,7,0,2042,30,<=50K
32268,42,204235,9,0,0,40,<=50K
32269,37,249720,11,0,0,32,<=50K
32270,60,127084,9,0,2042,34,<=50K
32273,24,206008,12,0,0,20,<=50K
32274,34,286020,9,0,0,45,<=50K
32275,20,99891,10,0,0,30,<=50K
32276,29,169544,10,0,0,48,<=50K
32277,90,313749,9,0,0,25,<=50K
32278,55,89182,8,0,0,40,<=50K
32279,36,258102,9,0,0,40,<=50K
32280,49,255466,10,0,0,60,<=50K
32281,50,38795,13,0,0,50,<=50K
32282,17,311907,7,0,0,25,<=50K
32283,54,171924,9,0,0,70,<=50K
32284,26,164488,13,0,0,10,<=50K
32285,44,297991,12,0,0,50,<=50K
32286,28,478315,13,0,0,40,<=50K
32288,21,67804,5,0,0,20,<=50K
32289,24,34568,11,0,0,40,<=50K
32290,31,47151,9,0,0,56,<=50K
32291,59,120617,10,0,0,40,<=50K
32293,29,363963,9,0,0,40,<=50K
32294,50,92811,13,0,0,40,<=50K
32296,42,66118,10,0,0,40,<=50K
32298,44,159960,10,0,0,40,<=50K
32299,49,242987,13,0,0,40,<=50K
32300,61,232719,14,0,0,50,<=50K
32301,65,103153,4,0,1411,40,<=50K
32303,59,207391,9,0,0,40,<=50K
32304,30,176673,9,0,0,40,<=50K
32306,24,427686,2,0,0,40,<=50K
32309,36,43712,6,0,0,40,<=50K
32310,21,205939,10,0,0,40,<=50K
32312,34,346034,8,0,0,35,<=50K
32313,41,144460,10,0,0,40,<=50K
32314,18,153663,10,0,0,4,<=50K
32315,26,262617,9,0,0,48,<=50K
32316,23,173851,9,0,0,8,<=50K
32317,63,126540,10,0,0,5,<=50K
32319,54,219737,9,0,0,37,<=50K
32320,37,328466,9,0,0,72,<=50K
32321,54,138852,9,0,0,40,<=50K
32322,22,195532,10,0,0,43,<=50K
32323,32,188246,9,0,0,40,<=50K
32324,42,138162,10,0,0,40,<=50K
32325,31,110714,10,0,0,37,<=50K
32327,28,330466,13,0,0,40,<=50K
32328,31,254304,6,0,0,38,<=50K
32329,28,435842,13,0,0,40,<=50K
32330,24,118657,8,0,0,40,<=50K
32331,50,278188,9,0,0,45,<=50K
32332,26,233777,9,0,0,72,<=50K
32334,24,176580,3,0,0,40,<=50K
32335,18,156608,7,0,0,25,<=50K
32336,32,172415,9,0,0,40,<=50K
32337,23,194951,13,0,0,55,<=50K
32338,33,318921,9,0,0,35,<=50K
32339,49,189462,9,0,0,40,<=50K
32340,75,192813,14,0,0,45,<=50K
32342,26,156805,10,0,0,40,<=50K
32343,66,93318,9,0,0,40,<=50K
32344,34,121966,13,0,0,45,<=50K
32345,18,347336,8,0,0,12,<=50K
32346,33,205950,9,0,0,40,<=50K
32348,44,187821,13,0,0,55,<=50K
32349,36,250807,7,0,0,40,<=50K
32350,53,291755,11,0,0,40,<=50K
32351,60,36077,4,0,0,40,<=50K
32352,28,119793,9,0,0,40,<=50K
32353,36,184655,6,0,0,48,<=50K
32354,35,162256,11,6849,0,40,<=50K
32355,45,204405,11,0,0,20,<=50K
32356,23,133355,10,0,0,15,<=50K
32357,35,89559,10,0,0,55,<=50K
32359,46,139514,1,0,0,75,<=50K
32360,58,200316,9,0,0,40,<=50K
32361,55,166502,14,0,0,45,<=50K
32362,63,226422,9,0,0,40,<=50K
32363,41,251305,10,0,0,40,<=50K
32364,45,190482,11,0,0,76,<=50K
32366,42,248356,9,0,0,40,<=50K
32367,90,214594,4,2653,0,40,<=50K
32368,41,220460,9,0,0,40,<=50K
32369,22,174043,9,0,0,50,<=50K
32373,22,205940,13,0,0,40,<=50K
32374,23,265077,11,0,0,40,<=50K
32376,40,306225,9,0,0,40,<=50K
32377,28,180299,9,0,0,70,<=50K
32378,39,214896,9,0,0,40,<=50K
32379,25,273792,9,0,0,37,<=50K
32380,48,224474,10,0,0,40,<=50K
32381,62,271431,5,0,0,42,<=50K
32382,44,150171,9,0,0,40,<=50K
32383,28,381789,13,0,0,50,<=50K
32384,62,170984,10,0,0,45,<=50K
32385,32,108256,9,0,0,40,<=50K
32387,20,176321,10,0,0,20,<=50K
32388,40,260425,12,1471,0,32,<=50K
32390,60,56248,10,0,0,40,<=50K
32391,55,199763,9,0,0,81,<=50K
32392,18,200047,8,0,0,35,<=50K
32393,43,191712,13,0,1741,40,<=50K
32394,31,156033,9,0,0,35,<=50K
32395,22,173736,9,0,0,50,<=50K
32396,56,135458,9,0,0,40,<=50K
32397,41,185660,9,0,0,40,<=50K
32398,24,222005,9,0,0,30,<=50K
32401,52,143533,4,0,0,40,<=50K
32403,48,325372,2,0,0,40,<=50K
32404,35,379959,9,0,0,40,<=50K
32405,33,168387,7,0,0,40,<=50K
32406,20,234640,10,0,0,40,<=50K
32407,33,232475,10,0,0,45,<=50K
32408,30,205152,13,0,0,40,<=50K
32409,31,112115,10,0,0,40,<=50K
32410,29,183854,9,0,0,25,<=50K
32411,26,164386,9,0,0,48,<=50K
32412,61,149620,10,0,0,40,<=50K
32413,45,199590,3,0,0,40,<=50K
32414,29,83742,9,0,0,45,<=50K
32417,20,227778,10,0,0,56,<=50K
32418,26,48280,13,0,0,40,<=50K
32420,23,45834,13,0,0,50,<=50K
32421,31,298995,9,0,0,35,<=50K
32422,47,161950,9,0,0,32,<=50K
32423,61,98776,7,0,0,30,<=50K
32424,35,102268,13,0,0,45,<=50K
32425,23,180771,2,0,0,35,<=50K
32426,20,203992,9,0,0,40,<=50K
32427,41,206878,9,0,0,32,<=50K
32428,39,110622,13,0,0,40,<=50K
32430,61,50483,4,0,0,56,<=50K
32431,51,274502,4,0,0,48,<=50K
32432,36,208068,1,0,0,72,<=50K
32433,41,168098,13,0,0,50,<=50K
32434,34,213307,9,7443,0,35,<=50K
32435,25,175128,9,0,0,40,<=50K
32437,19,60890,9,0,0,49,<=50K
32439,23,190273,13,0,0,40,<=50K
32442,25,390657,10,0,0,40,<=50K
32443,18,41381,9,0,1602,20,<=50K
32444,51,101432,9,0,0,40,<=50K
32445,61,190682,9,0,1669,50,<=50K
32446,53,158993,9,0,0,38,<=50K
32447,17,117798,6,0,0,20,<=50K
32448,61,137554,4,0,0,40,<=50K
32450,38,257416,5,0,0,40,<=50K
32451,40,195617,10,0,0,20,<=50K
32452,32,236318,10,0,0,32,<=50K
32454,50,257933,10,0,0,40,<=50K
32456,30,261943,7,0,0,30,<=50K
32459,85,98611,13,0,0,3,<=50K
32460,62,128092,9,0,0,32,<=50K
32461,24,284317,13,0,0,32,<=50K
32463,58,223214,9,0,0,40,<=50K
32465,66,269665,9,0,0,25,<=50K
32467,55,199713,5,0,0,48,<=50K
32468,39,193689,9,0,0,65,<=50K
32469,58,181974,16,0,0,99,<=50K
32470,50,485710,16,0,0,50,<=50K
32471,28,185647,10,0,0,50,<=50K
32472,34,30673,14,0,0,55,<=50K
32473,41,160467,14,1506,0,40,<=50K
32475,22,67234,9,0,0,45,<=50K
32476,35,30673,8,0,0,84,<=50K
32477,49,114648,8,0,0,40,<=50K
32478,21,182117,12,0,0,40,<=50K
32479,64,222966,4,0,0,40,<=50K
32481,52,301229,11,0,0,40,<=50K
32482,32,157747,10,0,0,40,<=50K
32483,27,155382,10,0,0,25,<=50K
32484,48,268083,10,0,0,40,<=50K
32485,28,113987,9,0,0,40,<=50K
32486,24,216984,10,0,0,35,<=50K
32487,51,177669,10,0,0,60,<=50K
32488,32,164190,10,0,0,40,<=50K
32489,61,355645,9,0,0,40,<=50K
32490,60,134152,5,0,0,35,<=50K
32491,33,63079,9,0,0,40,<=50K
32492,42,217597,9,0,0,50,<=50K
32493,24,381895,7,0,0,40,<=50K
32494,82,403910,9,0,0,3,<=50K
32495,26,179010,10,0,0,65,<=50K
32496,18,436163,7,0,0,20,<=50K
32497,34,321709,9,0,0,28,<=50K
32498,57,153918,9,0,0,40,<=50K
32499,25,403788,9,0,0,40,<=50K
32500,34,60567,7,0,880,60,<=50K
32501,71,138145,5,0,0,40,<=50K
32502,35,79649,13,0,0,50,<=50K
32503,47,312088,9,0,0,40,<=50K
32505,33,182401,6,0,0,40,<=50K
32507,50,302372,13,0,0,40,<=50K
32508,45,155093,6,0,0,38,<=50K
32509,32,192965,9,0,0,45,<=50K
32511,25,514716,13,0,0,40,<=50K
32512,20,270436,9,0,0,40,<=50K
32514,40,142657,11,0,0,45,<=50K
32515,66,47358,6,3471,0,40,<=50K
32516,30,176175,11,0,0,24,<=50K
32517,36,131459,4,0,0,40,<=50K
32520,27,177398,9,0,0,64,<=50K
32521,33,273243,9,0,0,40,<=50K
32522,58,147707,7,0,0,40,<=50K
32523,30,77266,9,0,0,55,<=50K
32524,26,191648,12,0,0,15,<=50K
32525,81,120478,11,0,0,1,<=50K
32526,32,211349,6,0,0,40,<=50K
32527,22,203715,10,0,0,40,<=50K
32528,31,292592,9,0,0,40,<=50K
32529,29,125976,9,0,0,35,<=50K
32531,30,33811,13,0,0,99,<=50K
32534,37,179137,10,0,0,39,<=50K
32535,22,325033,8,0,0,35,<=50K
32537,30,345898,9,0,0,46,<=50K
32540,45,252208,9,0,0,40,<=50K
32541,41,202822,9,0,0,32,<=50K
32542,72,129912,9,0,0,25,<=50K
32543,45,119199,12,0,0,48,<=50K
32544,31,199655,14,0,0,30,<=50K
32546,37,198216,12,0,0,40,<=50K
32547,43,260761,9,0,0,40,<=50K
32548,65,99359,15,1086,0,60,<=50K
32549,43,255835,10,0,0,40,<=50K
32550,43,27242,10,0,0,50,<=50K
32551,32,34066,6,0,0,40,<=50K
32552,43,84661,11,0,0,45,<=50K
32553,32,116138,14,0,0,11,<=50K
32555,22,310152,10,0,0,40,<=50K
32556,27,257302,12,0,0,38,<=50K
32558,58,151910,9,0,0,40,<=50K
32559,22,201490,9,0,0,20,<=50K
10834,35,270572,13,0,0,40,>50K
19002,47,323798,15,15024,0,55,>50K
14342,36,136343,13,0,0,40,>50K
18913,31,182177,9,0,1902,40,>50K
12508,37,342084,10,0,0,60,>50K
20147,45,203653,9,7298,0,40,>50K
18309,27,160786,7,0,1902,40,>50K
16310,52,236497,13,0,0,48,>50K
8366,62,121319,13,3103,0,40,>50K
9995,38,80303,10,0,0,60,>50K
4932,32,213179,10,0,0,40,>50K
7018,38,342448,10,0,0,55,>50K
12879,35,226916,13,0,0,40,>50K
1240,35,33975,14,0,0,45,>50K
6608,37,259785,14,0,0,50,>50K
22030,30,211654,14,0,0,40,>50K
11561,57,290661,16,0,0,60,>50K
25243,33,115496,16,0,0,60,>50K
29857,40,205195,12,0,0,60,>50K
17709,39,76417,14,0,0,40,>50K
10692,38,116608,9,0,0,35,>50K
21398,47,202560,13,0,0,40,>50K
18657,45,81534,9,0,0,84,>50K
21693,50,171924,13,0,0,43,>50K
172,51,96062,10,0,1977,40,>50K
3595,27,153546,11,0,0,36,>50K
1163,54,96062,12,0,0,40,>50K
5771,46,137354,14,0,0,40,>50K
27727,41,37997,8,0,0,84,>50K
12827,53,30244,12,15024,0,40,>50K
26681,73,139049,9,0,0,22,>50K
22968,47,96854,13,0,0,40,>50K
15311,41,267252,10,0,1902,40,>50K
30021,46,52291,13,7688,0,45,>50K
6236,32,116539,13,0,1887,55,>50K
20513,51,285747,14,0,1977,60,>50K
4555,41,67339,7,7688,0,40,>50K
15971,63,179981,10,0,0,60,>50K
17024,41,279914,10,0,0,45,>50K
26846,36,32334,11,0,0,50,>50K
23404,47,350759,9,0,0,40,>50K
29249,32,206541,11,0,0,45,>50K
15496,67,224984,9,15831,0,16,>50K
20512,44,151089,13,0,1902,50,>50K
15411,47,352614,12,0,0,40,>50K
10114,43,261929,16,25236,0,64,>50K
16930,38,257250,10,7298,0,60,>50K
10286,51,73670,16,4386,0,52,>50K
30522,57,300104,9,0,0,84,>50K
20205,52,92968,14,15024,0,40,>50K
17908,58,275859,9,8614,0,52,>50K
6220,55,323706,10,0,1902,40,>50K
4441,43,286750,15,0,0,99,>50K
23010,34,170769,9,0,0,50,>50K
21482,30,116138,13,27828,0,60,>50K
10945,45,187581,10,0,0,40,>50K
27067,53,134854,11,0,0,40,>50K
12685,61,176965,15,0,0,50,>50K
3732,32,107843,9,5178,0,50,>50K
16621,53,105788,13,0,0,50,>50K
19768,63,339755,13,0,0,50,>50K
2167,45,242391,13,0,0,40,>50K
22948,46,20956,13,15024,0,40,>50K
9690,26,247455,13,5178,0,42,>50K
12526,46,30219,10,7688,0,38,>50K
28830,44,183342,15,0,0,55,>50K
7716,58,222311,9,7688,0,55,>50K
26038,65,344152,14,5556,0,50,>50K
26857,47,102628,14,15024,0,55,>50K
10458,51,388496,10,0,0,8,>50K
21216,42,345969,13,0,0,48,>50K
25915,33,182926,13,15024,0,50,>50K
19644,50,33304,9,0,0,40,>50K
6665,39,177907,9,0,1887,40,>50K
9211,33,193172,11,7688,0,50,>50K
29971,64,161325,12,0,1887,50,>50K
3651,34,30497,13,15024,0,60,>50K
23519,46,303918,9,7688,0,96,>50K
21301,29,137476,13,0,0,35,>50K
6535,25,169905,11,27828,0,40,>50K
4978,45,339863,13,8614,0,48,>50K
24701,48,353824,9,0,0,72,>50K
32138,50,121441,7,0,2444,40,>50K
12872,39,114251,9,0,0,40,>50K
21514,40,124692,13,0,0,40,>50K
26178,44,236746,14,10520,0,45,>50K
15074,46,207022,13,7688,0,40,>50K
16126,50,31621,9,0,0,40,>50K
20355,37,32528,9,0,0,40,>50K
17136,50,226735,10,0,0,70,>50K
12188,25,162687,8,0,0,40,>50K
14440,31,111567,5,0,0,43,>50K
819,47,191277,9,0,0,50,>50K
5368,41,218302,13,0,0,60,>50K
17868,36,142573,9,0,0,45,>50K
1327,52,168381,9,0,0,40,>50K
14371,49,330874,10,0,0,70,>50K
2971,36,131239,13,3103,0,45,>50K
20923,45,241350,9,0,0,48,>50K
18817,58,113806,13,7688,0,30,>50K
17500,53,100109,14,0,1977,40,>50K
21375,25,306908,13,0,0,45,>50K
2431,61,244087,9,0,0,52,>50K
7012,28,259840,13,0,0,60,>50K
1774,49,169818,9,0,0,40,>50K
3460,38,364782,9,0,0,40,>50K
15489,45,233511,13,0,1977,60,>50K
9817,40,123306,15,0,0,45,>50K
2305,30,190385,13,0,0,40,>50K
3108,28,119545,10,7688,0,50,>50K
27294,37,216924,9,0,0,44,>50K
11245,53,96062,13,0,1902,48,>50K
1007,39,180804,9,0,0,40,>50K
22266,56,83922,10,0,0,40,>50K
14234,44,159297,9,0,0,40,>50K
17368,57,314153,13,0,1887,55,>50K
20786,50,48358,9,7688,0,40,>50K
13660,46,326857,14,0,2415,65,>50K
29055,43,351576,13,0,0,50,>50K
26592,49,36177,13,0,0,45,>50K
25646,36,52327,14,0,0,40,>50K
17181,52,235307,13,0,0,40,>50K
6291,50,95469,9,7298,0,45,>50K
10978,39,203204,12,0,0,25,>50K
18457,66,182470,15,0,0,25,>50K
17757,48,175653,12,14084,0,40,>50K
17446,40,247880,13,0,0,40,>50K
7271,28,132686,10,0,0,40,>50K
13335,38,76878,7,5178,0,40,>50K
11090,57,426263,14,0,0,40,>50K
14596,43,421837,10,7298,0,50,>50K
588,52,25826,6,0,1887,47,>50K
4865,32,182556,13,0,1887,45,>50K
24316,56,189975,10,0,1902,60,>50K
14644,44,105862,10,0,0,70,>50K
15579,61,116230,13,0,0,40,>50K
31697,38,396595,10,0,0,40,>50K
21241,40,155106,5,0,0,40,>50K
29722,60,187794,9,3103,0,60,>50K
29087,48,248254,10,7298,0,40,>50K
8857,46,216999,13,0,0,55,>50K
31840,55,125000,9,0,0,40,>50K
13523,27,153291,15,0,0,50,>50K
26356,34,99872,14,3103,0,40,>50K
16864,42,54202,13,10520,0,50,>50K
29415,42,154076,9,7688,0,50,>50K
25327,52,81859,9,0,0,48,>50K
29956,68,108683,10,0,0,12,>50K
27855,46,308077,15,0,0,40,>50K
12299,60,56248,9,0,1485,70,>50K
18941,50,238959,10,0,0,45,>50K
17063,49,124672,9,0,0,40,>50K
18364,30,146161,9,0,1887,50,>50K
17936,29,187450,13,0,0,50,>50K
25859,36,86805,10,7298,0,39,>50K
31454,30,430283,9,7298,0,40,>50K
31502,42,69333,11,4386,0,80,>50K
22016,47,230136,9,0,0,60,>50K
28329,25,262664,13,0,0,40,>50K
13594,42,208875,10,0,0,40,>50K
13093,50,24647,10,0,0,40,>50K
11961,38,129573,14,0,0,40,>50K
15812,38,266325,13,0,0,32,>50K
9900,43,295510,9,0,0,45,>50K
1780,38,31033,13,7298,0,40,>50K
11976,30,129707,13,99999,0,35,>50K
11021,52,96359,16,0,0,57,>50K
23224,42,126701,13,9562,0,45,>50K
27247,59,139616,14,0,0,50,>50K
28812,36,328466,3,0,0,50,>50K
2774,55,144071,13,0,0,18,>50K
3663,32,344129,9,0,0,40,>50K
3408,29,169815,12,0,0,50,>50K
11674,42,280167,14,0,0,40,>50K
12246,50,237819,9,0,0,40,>50K
3952,30,173005,10,0,0,50,>50K
2227,32,222900,13,0,0,50,>50K
3988,52,192390,9,0,0,40,>50K
17945,58,156040,12,0,1848,40,>50K
15630,27,31659,13,0,1887,60,>50K
21831,34,156464,13,0,0,85,>50K
22432,50,172281,9,7688,0,50,>50K
4810,40,179717,13,0,1564,60,>50K
10199,45,255014,10,0,0,55,>50K
11224,42,258589,9,0,0,60,>50K
3365,51,138847,13,0,0,40,>50K
8742,50,108435,14,99999,0,60,>50K
15232,59,175942,9,0,0,45,>50K
19559,36,192443,10,13550,0,40,>50K
7203,40,238574,15,0,0,55,>50K
4433,52,149650,16,0,0,40,>50K
9798,49,28334,10,0,0,45,>50K
8955,30,250499,10,0,0,55,>50K
5593,29,168479,14,0,0,40,>50K
25815,53,177705,13,0,0,44,>50K
11416,38,205852,9,0,0,45,>50K
12962,39,189632,9,0,0,40,>50K
5169,41,27305,9,7688,0,40,>50K
5543,44,296728,14,0,0,40,>50K
1905,44,161819,9,0,0,40,>50K
8377,43,163847,13,0,0,50,>50K
20645,44,320984,13,0,0,60,>50K
14726,31,72630,13,14084,0,50,>50K
19294,42,373469,9,0,0,40,>50K
18623,35,127306,11,14344,0,40,>50K
1282,65,36039,9,0,0,40,>50K
2237,37,160402,13,0,0,55,>50K
20276,39,170382,14,0,0,50,>50K
22153,57,170287,14,0,0,40,>50K
18971,32,133861,13,13550,0,48,>50K
15581,28,191088,13,0,0,40,>50K
3829,40,71738,14,0,0,46,>50K
197,40,56795,14,14084,0,55,>50K
5224,51,193720,13,0,0,45,>50K
13351,26,97153,12,5178,0,40,>50K
1275,51,152754,13,0,0,40,>50K
7266,45,202812,13,0,0,40,>50K
27517,34,185063,10,0,0,45,>50K
15341,31,156743,14,0,0,76,>50K
29585,46,178686,13,0,0,38,>50K
17729,38,137707,11,0,0,40,>50K
4343,33,43959,14,7688,0,50,>50K
14558,48,181758,16,0,0,60,>50K
18927,35,322171,10,0,0,40,>50K
17377,51,205100,14,0,0,30,>50K
29644,46,148995,9,0,0,40,>50K
18917,47,128796,9,0,0,40,>50K
21189,44,101214,13,0,0,44,>50K
20042,68,69249,9,0,0,50,>50K
5965,42,323790,13,0,1977,70,>50K
30404,31,168906,13,0,0,50,>50K
1689,44,145160,16,0,0,40,>50K
23255,41,174395,16,15024,0,55,>50K
22132,30,266463,9,0,0,40,>50K
25108,44,54310,14,7298,0,40,>50K
13711,56,154537,10,0,0,50,>50K
17612,60,105339,13,7298,0,60,>50K
16960,62,71751,10,0,1977,98,>50K
443,44,116632,10,0,0,40,>50K
28755,42,96321,10,0,0,50,>50K
956,44,398473,10,0,0,70,>50K
19005,45,167187,13,0,0,40,>50K
24256,31,202729,9,0,0,40,>50K
25069,47,201699,12,5178,0,50,>50K
9867,37,227545,10,0,0,44,>50K
16025,38,93206,13,0,1902,65,>50K
23474,55,120781,16,0,0,40,>50K
3845,43,199806,13,0,0,40,>50K
24874,63,344128,13,0,0,50,>50K
24722,36,269318,13,0,0,50,>50K
15870,36,272944,11,0,0,60,>50K
24662,47,120781,14,15024,0,40,>50K
13997,48,25468,14,99999,0,50,>50K
14956,61,136262,9,0,0,50,>50K
22850,28,65078,9,0,0,40,>50K
9242,41,290660,13,7688,0,55,>50K
4793,58,188982,9,0,0,20,>50K
28172,47,97883,13,25236,0,35,>50K
2588,33,326104,10,0,0,50,>50K
15757,59,176118,14,0,0,40,>50K
28062,37,263094,13,7298,0,40,>50K
25908,41,100800,14,7298,0,70,>50K
17226,35,119421,13,0,0,35,>50K
23511,47,215620,14,15024,0,55,>50K
422,32,92003,13,0,0,40,>50K
5405,57,183810,10,0,0,40,>50K
15101,51,276456,12,3103,0,30,>50K
32092,39,30529,13,0,1887,40,>50K
11576,36,201519,13,0,0,40,>50K
12493,35,31964,13,0,0,50,>50K
17871,47,28035,13,0,0,50,>50K
14120,40,105794,15,14084,0,50,>50K
23303,58,146477,14,15024,0,40,>50K
20661,58,89922,11,15024,0,40,>50K
23957,29,184723,10,0,0,40,>50K
15746,31,181091,13,0,0,40,>50K
23973,37,112271,7,0,0,40,>50K
4675,32,164243,9,0,0,60,>50K
22430,41,32185,14,0,0,40,>50K
15006,36,77146,13,15024,0,45,>50K
23177,50,339547,15,0,0,40,>50K
6352,44,280362,12,0,0,40,>50K
17789,42,201908,15,99999,0,50,>50K
17622,40,146908,16,0,0,60,>50K
28805,63,38472,10,14084,0,60,>50K
14866,38,107909,13,0,0,40,>50K
7641,31,455995,10,0,0,65,>50K
26567,61,210488,9,0,0,50,>50K
6880,49,198759,12,15024,0,60,>50K
3167,38,242720,14,0,0,35,>50K
12385,34,419691,13,7298,0,54,>50K
5053,57,118481,13,0,1902,40,>50K
4438,68,128472,16,0,0,55,>50K
21833,46,201699,9,0,0,40,>50K
27758,44,165815,9,0,0,60,>50K
11116,52,254211,14,15024,0,60,>50K
20136,44,377018,11,0,0,40,>50K
9177,36,114605,11,0,0,40,>50K
15082,37,212005,11,0,0,40,>50K
27605,56,208809,9,0,1902,40,>50K
